# BIN=./build/a3_bench REPS=3 OPS=1500000 WARM=150000 FAST=0
CONFIG filter=bloom dist=uniform n=1000000 target_fpr=0.05 neg_share=0.5 workload=read_only threads=1 load_factor=0.95 fp_bits=12 ops=1500000 warmup_ops=150000 rep=0
run=0 filter=bloom dist=uniform n=1000000 target_fpr=0.05 fp_bits=12 achieved_fpr=0.077013 bpe=8.38861 workload=read_only neg_share=0.5 threads=1 load_factor=0.95 ops_per_s=2.093505e+07 p50=26ns p95=39ns p99=50ns
CONFIG filter=bloom dist=uniform n=1000000 target_fpr=0.05 neg_share=0.5 workload=read_only threads=1 load_factor=0.95 fp_bits=12 ops=1500000 warmup_ops=150000 rep=1
run=1 filter=bloom dist=uniform n=1000000 target_fpr=0.05 fp_bits=12 achieved_fpr=0.077013 bpe=8.38861 workload=read_only neg_share=0.5 threads=1 load_factor=0.95 ops_per_s=2.178367e+07 p50=25ns p95=38ns p99=48ns
CONFIG filter=bloom dist=uniform n=1000000 target_fpr=0.05 neg_share=0.5 workload=read_only threads=1 load_factor=0.95 fp_bits=12 ops=1500000 warmup_ops=150000 rep=2
run=2 filter=bloom dist=uniform n=1000000 target_fpr=0.05 fp_bits=12 achieved_fpr=0.077013 bpe=8.38861 workload=read_only neg_share=0.5 threads=1 load_factor=0.95 ops_per_s=2.308948e+07 p50=25ns p95=38ns p99=48ns
CONFIG filter=xor dist=uniform n=1000000 target_fpr=0.05 neg_share=0.5 workload=read_only threads=1 load_factor=0.95 fp_bits=8 ops=1500000 warmup_ops=150000 rep=0
run=0 filter=xor dist=uniform n=1000000 target_fpr=0.05 fp_bits=8 achieved_fpr=0.003436 bpe=33.5544 workload=read_only neg_share=0.5 threads=1 load_factor=0.95 ops_per_s=1.448403e+07 p50=36ns p95=192ns p99=278ns
CONFIG filter=xor dist=uniform n=1000000 target_fpr=0.05 neg_share=0.5 workload=read_only threads=1 load_factor=0.95 fp_bits=8 ops=1500000 warmup_ops=150000 rep=1
run=1 filter=xor dist=uniform n=1000000 target_fpr=0.05 fp_bits=8 achieved_fpr=0.003436 bpe=33.5544 workload=read_only neg_share=0.5 threads=1 load_factor=0.95 ops_per_s=1.671391e+07 p50=32ns p95=181ns p99=289ns
CONFIG filter=xor dist=uniform n=1000000 target_fpr=0.05 neg_share=0.5 workload=read_only threads=1 load_factor=0.95 fp_bits=8 ops=1500000 warmup_ops=150000 rep=2
run=2 filter=xor dist=uniform n=1000000 target_fpr=0.05 fp_bits=8 achieved_fpr=0.003436 bpe=33.5544 workload=read_only neg_share=0.5 threads=1 load_factor=0.95 ops_per_s=1.821001e+07 p50=31ns p95=38ns p99=286ns
CONFIG filter=xor dist=uniform n=1000000 target_fpr=0.05 neg_share=0.5 workload=read_only threads=1 load_factor=0.95 fp_bits=12 ops=1500000 warmup_ops=150000 rep=0
run=0 filter=xor dist=uniform n=1000000 target_fpr=0.05 fp_bits=12 achieved_fpr=0.000222 bpe=33.5544 workload=read_only neg_share=0.5 threads=1 load_factor=0.95 ops_per_s=1.826637e+07 p50=31ns p95=37ns p99=228ns
CONFIG filter=xor dist=uniform n=1000000 target_fpr=0.05 neg_share=0.5 workload=read_only threads=1 load_factor=0.95 fp_bits=12 ops=1500000 warmup_ops=150000 rep=1
run=1 filter=xor dist=uniform n=1000000 target_fpr=0.05 fp_bits=12 achieved_fpr=0.000222 bpe=33.5544 workload=read_only neg_share=0.5 threads=1 load_factor=0.95 ops_per_s=1.717018e+07 p50=32ns p95=136ns p99=292ns
CONFIG filter=xor dist=uniform n=1000000 target_fpr=0.05 neg_share=0.5 workload=read_only threads=1 load_factor=0.95 fp_bits=12 ops=1500000 warmup_ops=150000 rep=2
run=2 filter=xor dist=uniform n=1000000 target_fpr=0.05 fp_bits=12 achieved_fpr=0.000222 bpe=33.5544 workload=read_only neg_share=0.5 threads=1 load_factor=0.95 ops_per_s=1.702039e+07 p50=32ns p95=179ns p99=290ns
CONFIG filter=xor dist=uniform n=1000000 target_fpr=0.05 neg_share=0.5 workload=read_only threads=1 load_factor=0.95 fp_bits=16 ops=1500000 warmup_ops=150000 rep=0
run=0 filter=xor dist=uniform n=1000000 target_fpr=0.05 fp_bits=16 achieved_fpr=1.4e-05 bpe=33.5544 workload=read_only neg_share=0.5 threads=1 load_factor=0.95 ops_per_s=1.869675e+07 p50=31ns p95=37ns p99=256ns
CONFIG filter=xor dist=uniform n=1000000 target_fpr=0.05 neg_share=0.5 workload=read_only threads=1 load_factor=0.95 fp_bits=16 ops=1500000 warmup_ops=150000 rep=1
run=1 filter=xor dist=uniform n=1000000 target_fpr=0.05 fp_bits=16 achieved_fpr=1.4e-05 bpe=33.5544 workload=read_only neg_share=0.5 threads=1 load_factor=0.95 ops_per_s=1.787956e+07 p50=31ns p95=38ns p99=265ns
CONFIG filter=xor dist=uniform n=1000000 target_fpr=0.05 neg_share=0.5 workload=read_only threads=1 load_factor=0.95 fp_bits=16 ops=1500000 warmup_ops=150000 rep=2
run=2 filter=xor dist=uniform n=1000000 target_fpr=0.05 fp_bits=16 achieved_fpr=1.4e-05 bpe=33.5544 workload=read_only neg_share=0.5 threads=1 load_factor=0.95 ops_per_s=1.715080e+07 p50=32ns p95=39ns p99=257ns
CONFIG filter=cuckoo dist=uniform n=1000000 target_fpr=0.05 neg_share=0.5 workload=read_only threads=1 load_factor=0.95 fp_bits=8 ops=1500000 warmup_ops=150000 rep=0
run=0 filter=cuckoo dist=uniform n=1000000 target_fpr=0.05 fp_bits=8 achieved_fpr=0.014732 bpe=33.5544 workload=read_only neg_share=0.5 threads=1 load_factor=0.95 ops_per_s=1.106067e+07 p50=43ns p95=61ns p99=280ns fail_rate=0.000000 avg_kicks=0.000000 stash_hits=0
CONFIG filter=cuckoo dist=uniform n=1000000 target_fpr=0.05 neg_share=0.5 workload=read_only threads=1 load_factor=0.95 fp_bits=8 ops=1500000 warmup_ops=150000 rep=1
run=1 filter=cuckoo dist=uniform n=1000000 target_fpr=0.05 fp_bits=8 achieved_fpr=0.014732 bpe=33.5544 workload=read_only neg_share=0.5 threads=1 load_factor=0.95 ops_per_s=1.123533e+07 p50=40ns p95=61ns p99=273ns fail_rate=0.000000 avg_kicks=0.000000 stash_hits=0
CONFIG filter=cuckoo dist=uniform n=1000000 target_fpr=0.05 neg_share=0.5 workload=read_only threads=1 load_factor=0.95 fp_bits=8 ops=1500000 warmup_ops=150000 rep=2
run=2 filter=cuckoo dist=uniform n=1000000 target_fpr=0.05 fp_bits=8 achieved_fpr=0.014732 bpe=33.5544 workload=read_only neg_share=0.5 threads=1 load_factor=0.95 ops_per_s=1.199651e+07 p50=41ns p95=56ns p99=274ns fail_rate=0.000000 avg_kicks=0.000000 stash_hits=0
CONFIG filter=cuckoo dist=uniform n=1000000 target_fpr=0.05 neg_share=0.5 workload=read_only threads=1 load_factor=0.95 fp_bits=12 ops=1500000 warmup_ops=150000 rep=0
run=0 filter=cuckoo dist=uniform n=1000000 target_fpr=0.05 fp_bits=12 achieved_fpr=0.000977 bpe=33.5544 workload=read_only neg_share=0.5 threads=1 load_factor=0.95 ops_per_s=1.159210e+07 p50=42ns p95=73ns p99=271ns fail_rate=0.000000 avg_kicks=0.000000 stash_hits=0
CONFIG filter=cuckoo dist=uniform n=1000000 target_fpr=0.05 neg_share=0.5 workload=read_only threads=1 load_factor=0.95 fp_bits=12 ops=1500000 warmup_ops=150000 rep=1
run=1 filter=cuckoo dist=uniform n=1000000 target_fpr=0.05 fp_bits=12 achieved_fpr=0.000977 bpe=33.5544 workload=read_only neg_share=0.5 threads=1 load_factor=0.95 ops_per_s=1.136872e+07 p50=42ns p95=58ns p99=282ns fail_rate=0.000000 avg_kicks=0.000000 stash_hits=0
CONFIG filter=cuckoo dist=uniform n=1000000 target_fpr=0.05 neg_share=0.5 workload=read_only threads=1 load_factor=0.95 fp_bits=12 ops=1500000 warmup_ops=150000 rep=2
run=2 filter=cuckoo dist=uniform n=1000000 target_fpr=0.05 fp_bits=12 achieved_fpr=0.000977 bpe=33.5544 workload=read_only neg_share=0.5 threads=1 load_factor=0.95 ops_per_s=1.232168e+07 p50=39ns p95=60ns p99=255ns fail_rate=0.000000 avg_kicks=0.000000 stash_hits=0
CONFIG filter=cuckoo dist=uniform n=1000000 target_fpr=0.05 neg_share=0.5 workload=read_only threads=1 load_factor=0.95 fp_bits=16 ops=1500000 warmup_ops=150000 rep=0
run=0 filter=cuckoo dist=uniform n=1000000 target_fpr=0.05 fp_bits=16 achieved_fpr=4.5e-05 bpe=33.5544 workload=read_only neg_share=0.5 threads=1 load_factor=0.95 ops_per_s=1.138354e+07 p50=42ns p95=60ns p99=272ns fail_rate=0.000000 avg_kicks=0.000000 stash_hits=0
CONFIG filter=cuckoo dist=uniform n=1000000 target_fpr=0.05 neg_share=0.5 workload=read_only threads=1 load_factor=0.95 fp_bits=16 ops=1500000 warmup_ops=150000 rep=1
run=1 filter=cuckoo dist=uniform n=1000000 target_fpr=0.05 fp_bits=16 achieved_fpr=4.5e-05 bpe=33.5544 workload=read_only neg_share=0.5 threads=1 load_factor=0.95 ops_per_s=1.220169e+07 p50=39ns p95=54ns p99=264ns fail_rate=0.000000 avg_kicks=0.000000 stash_hits=0
CONFIG filter=cuckoo dist=uniform n=1000000 target_fpr=0.05 neg_share=0.5 workload=read_only threads=1 load_factor=0.95 fp_bits=16 ops=1500000 warmup_ops=150000 rep=2
run=2 filter=cuckoo dist=uniform n=1000000 target_fpr=0.05 fp_bits=16 achieved_fpr=4.5e-05 bpe=33.5544 workload=read_only neg_share=0.5 threads=1 load_factor=0.95 ops_per_s=1.120547e+07 p50=43ns p95=66ns p99=250ns fail_rate=0.000000 avg_kicks=0.000000 stash_hits=0
CONFIG filter=quotient dist=uniform n=1000000 target_fpr=0.05 neg_share=0.5 workload=read_only threads=1 load_factor=0.95 fp_bits=12 ops=1500000 warmup_ops=150000 rep=0
run=0 filter=quotient dist=uniform n=1000000 target_fpr=0.05 fp_bits=12 achieved_fpr=0.007734 bpe=52.4288 workload=read_only neg_share=0.5 threads=1 load_factor=0.95 ops_per_s=1.113124e+07 p50=40ns p95=151ns p99=296ns avg_probe=0.000000 cluster_mean=0.000000 cluster_p99=0.000000
CONFIG filter=quotient dist=uniform n=1000000 target_fpr=0.05 neg_share=0.5 workload=read_only threads=1 load_factor=0.95 fp_bits=12 ops=1500000 warmup_ops=150000 rep=1
run=1 filter=quotient dist=uniform n=1000000 target_fpr=0.05 fp_bits=12 achieved_fpr=0.007734 bpe=52.4288 workload=read_only neg_share=0.5 threads=1 load_factor=0.95 ops_per_s=1.119379e+07 p50=40ns p95=147ns p99=294ns avg_probe=0.000000 cluster_mean=0.000000 cluster_p99=0.000000
CONFIG filter=quotient dist=uniform n=1000000 target_fpr=0.05 neg_share=0.5 workload=read_only threads=1 load_factor=0.95 fp_bits=12 ops=1500000 warmup_ops=150000 rep=2
run=2 filter=quotient dist=uniform n=1000000 target_fpr=0.05 fp_bits=12 achieved_fpr=0.007734 bpe=52.4288 workload=read_only neg_share=0.5 threads=1 load_factor=0.95 ops_per_s=1.128174e+07 p50=40ns p95=145ns p99=296ns avg_probe=0.000000 cluster_mean=0.000000 cluster_p99=0.000000
CONFIG filter=bloom dist=uniform n=1000000 target_fpr=0.01 neg_share=0.5 workload=read_only threads=1 load_factor=0.95 fp_bits=12 ops=1500000 warmup_ops=150000 rep=0
run=0 filter=bloom dist=uniform n=1000000 target_fpr=0.01 fp_bits=12 achieved_fpr=0.035445 bpe=16.7772 workload=read_only neg_share=0.5 threads=1 load_factor=0.95 ops_per_s=1.922378e+07 p50=28ns p95=42ns p99=53ns
CONFIG filter=bloom dist=uniform n=1000000 target_fpr=0.01 neg_share=0.5 workload=read_only threads=1 load_factor=0.95 fp_bits=12 ops=1500000 warmup_ops=150000 rep=1
run=1 filter=bloom dist=uniform n=1000000 target_fpr=0.01 fp_bits=12 achieved_fpr=0.035445 bpe=16.7772 workload=read_only neg_share=0.5 threads=1 load_factor=0.95 ops_per_s=1.942531e+07 p50=28ns p95=43ns p99=54ns
CONFIG filter=bloom dist=uniform n=1000000 target_fpr=0.01 neg_share=0.5 workload=read_only threads=1 load_factor=0.95 fp_bits=12 ops=1500000 warmup_ops=150000 rep=2
run=2 filter=bloom dist=uniform n=1000000 target_fpr=0.01 fp_bits=12 achieved_fpr=0.035445 bpe=16.7772 workload=read_only neg_share=0.5 threads=1 load_factor=0.95 ops_per_s=1.908751e+07 p50=28ns p95=43ns p99=54ns
CONFIG filter=xor dist=uniform n=1000000 target_fpr=0.01 neg_share=0.5 workload=read_only threads=1 load_factor=0.95 fp_bits=8 ops=1500000 warmup_ops=150000 rep=0
run=0 filter=xor dist=uniform n=1000000 target_fpr=0.01 fp_bits=8 achieved_fpr=0.003436 bpe=33.5544 workload=read_only neg_share=0.5 threads=1 load_factor=0.95 ops_per_s=1.663047e+07 p50=32ns p95=38ns p99=266ns
CONFIG filter=xor dist=uniform n=1000000 target_fpr=0.01 neg_share=0.5 workload=read_only threads=1 load_factor=0.95 fp_bits=8 ops=1500000 warmup_ops=150000 rep=1
run=1 filter=xor dist=uniform n=1000000 target_fpr=0.01 fp_bits=8 achieved_fpr=0.003436 bpe=33.5544 workload=read_only neg_share=0.5 threads=1 load_factor=0.95 ops_per_s=1.624280e+07 p50=32ns p95=39ns p99=268ns
CONFIG filter=xor dist=uniform n=1000000 target_fpr=0.01 neg_share=0.5 workload=read_only threads=1 load_factor=0.95 fp_bits=8 ops=1500000 warmup_ops=150000 rep=2
run=2 filter=xor dist=uniform n=1000000 target_fpr=0.01 fp_bits=8 achieved_fpr=0.003436 bpe=33.5544 workload=read_only neg_share=0.5 threads=1 load_factor=0.95 ops_per_s=1.702814e+07 p50=32ns p95=38ns p99=270ns
CONFIG filter=xor dist=uniform n=1000000 target_fpr=0.01 neg_share=0.5 workload=read_only threads=1 load_factor=0.95 fp_bits=12 ops=1500000 warmup_ops=150000 rep=0
run=0 filter=xor dist=uniform n=1000000 target_fpr=0.01 fp_bits=12 achieved_fpr=0.000222 bpe=33.5544 workload=read_only neg_share=0.5 threads=1 load_factor=0.95 ops_per_s=1.764585e+07 p50=31ns p95=38ns p99=283ns
CONFIG filter=xor dist=uniform n=1000000 target_fpr=0.01 neg_share=0.5 workload=read_only threads=1 load_factor=0.95 fp_bits=12 ops=1500000 warmup_ops=150000 rep=1
run=1 filter=xor dist=uniform n=1000000 target_fpr=0.01 fp_bits=12 achieved_fpr=0.000222 bpe=33.5544 workload=read_only neg_share=0.5 threads=1 load_factor=0.95 ops_per_s=1.715152e+07 p50=32ns p95=38ns p99=268ns
CONFIG filter=xor dist=uniform n=1000000 target_fpr=0.01 neg_share=0.5 workload=read_only threads=1 load_factor=0.95 fp_bits=12 ops=1500000 warmup_ops=150000 rep=2
run=2 filter=xor dist=uniform n=1000000 target_fpr=0.01 fp_bits=12 achieved_fpr=0.000222 bpe=33.5544 workload=read_only neg_share=0.5 threads=1 load_factor=0.95 ops_per_s=1.742996e+07 p50=32ns p95=38ns p99=270ns
CONFIG filter=xor dist=uniform n=1000000 target_fpr=0.01 neg_share=0.5 workload=read_only threads=1 load_factor=0.95 fp_bits=16 ops=1500000 warmup_ops=150000 rep=0
run=0 filter=xor dist=uniform n=1000000 target_fpr=0.01 fp_bits=16 achieved_fpr=1.4e-05 bpe=33.5544 workload=read_only neg_share=0.5 threads=1 load_factor=0.95 ops_per_s=1.746400e+07 p50=31ns p95=38ns p99=262ns
CONFIG filter=xor dist=uniform n=1000000 target_fpr=0.01 neg_share=0.5 workload=read_only threads=1 load_factor=0.95 fp_bits=16 ops=1500000 warmup_ops=150000 rep=1
run=1 filter=xor dist=uniform n=1000000 target_fpr=0.01 fp_bits=16 achieved_fpr=1.4e-05 bpe=33.5544 workload=read_only neg_share=0.5 threads=1 load_factor=0.95 ops_per_s=1.796850e+07 p50=32ns p95=41ns p99=275ns
CONFIG filter=xor dist=uniform n=1000000 target_fpr=0.01 neg_share=0.5 workload=read_only threads=1 load_factor=0.95 fp_bits=16 ops=1500000 warmup_ops=150000 rep=2
run=2 filter=xor dist=uniform n=1000000 target_fpr=0.01 fp_bits=16 achieved_fpr=1.4e-05 bpe=33.5544 workload=read_only neg_share=0.5 threads=1 load_factor=0.95 ops_per_s=1.622797e+07 p50=32ns p95=39ns p99=276ns
CONFIG filter=cuckoo dist=uniform n=1000000 target_fpr=0.01 neg_share=0.5 workload=read_only threads=1 load_factor=0.95 fp_bits=8 ops=1500000 warmup_ops=150000 rep=0
run=0 filter=cuckoo dist=uniform n=1000000 target_fpr=0.01 fp_bits=8 achieved_fpr=0.014732 bpe=33.5544 workload=read_only neg_share=0.5 threads=1 load_factor=0.95 ops_per_s=1.119788e+07 p50=40ns p95=57ns p99=275ns fail_rate=0.000000 avg_kicks=0.000000 stash_hits=0
CONFIG filter=cuckoo dist=uniform n=1000000 target_fpr=0.01 neg_share=0.5 workload=read_only threads=1 load_factor=0.95 fp_bits=8 ops=1500000 warmup_ops=150000 rep=1
run=1 filter=cuckoo dist=uniform n=1000000 target_fpr=0.01 fp_bits=8 achieved_fpr=0.014732 bpe=33.5544 workload=read_only neg_share=0.5 threads=1 load_factor=0.95 ops_per_s=1.123072e+07 p50=40ns p95=60ns p99=274ns fail_rate=0.000000 avg_kicks=0.000000 stash_hits=0
CONFIG filter=cuckoo dist=uniform n=1000000 target_fpr=0.01 neg_share=0.5 workload=read_only threads=1 load_factor=0.95 fp_bits=8 ops=1500000 warmup_ops=150000 rep=2
run=2 filter=cuckoo dist=uniform n=1000000 target_fpr=0.01 fp_bits=8 achieved_fpr=0.014732 bpe=33.5544 workload=read_only neg_share=0.5 threads=1 load_factor=0.95 ops_per_s=1.138710e+07 p50=40ns p95=58ns p99=273ns fail_rate=0.000000 avg_kicks=0.000000 stash_hits=0
CONFIG filter=cuckoo dist=uniform n=1000000 target_fpr=0.01 neg_share=0.5 workload=read_only threads=1 load_factor=0.95 fp_bits=12 ops=1500000 warmup_ops=150000 rep=0
run=0 filter=cuckoo dist=uniform n=1000000 target_fpr=0.01 fp_bits=12 achieved_fpr=0.000977 bpe=33.5544 workload=read_only neg_share=0.5 threads=1 load_factor=0.95 ops_per_s=1.146936e+07 p50=40ns p95=57ns p99=298ns fail_rate=0.000000 avg_kicks=0.000000 stash_hits=0
CONFIG filter=cuckoo dist=uniform n=1000000 target_fpr=0.01 neg_share=0.5 workload=read_only threads=1 load_factor=0.95 fp_bits=12 ops=1500000 warmup_ops=150000 rep=1
run=1 filter=cuckoo dist=uniform n=1000000 target_fpr=0.01 fp_bits=12 achieved_fpr=0.000977 bpe=33.5544 workload=read_only neg_share=0.5 threads=1 load_factor=0.95 ops_per_s=1.237606e+07 p50=39ns p95=56ns p99=272ns fail_rate=0.000000 avg_kicks=0.000000 stash_hits=0
CONFIG filter=cuckoo dist=uniform n=1000000 target_fpr=0.01 neg_share=0.5 workload=read_only threads=1 load_factor=0.95 fp_bits=12 ops=1500000 warmup_ops=150000 rep=2
run=2 filter=cuckoo dist=uniform n=1000000 target_fpr=0.01 fp_bits=12 achieved_fpr=0.000977 bpe=33.5544 workload=read_only neg_share=0.5 threads=1 load_factor=0.95 ops_per_s=1.189652e+07 p50=39ns p95=134ns p99=269ns fail_rate=0.000000 avg_kicks=0.000000 stash_hits=0
CONFIG filter=cuckoo dist=uniform n=1000000 target_fpr=0.01 neg_share=0.5 workload=read_only threads=1 load_factor=0.95 fp_bits=16 ops=1500000 warmup_ops=150000 rep=0
run=0 filter=cuckoo dist=uniform n=1000000 target_fpr=0.01 fp_bits=16 achieved_fpr=4.5e-05 bpe=33.5544 workload=read_only neg_share=0.5 threads=1 load_factor=0.95 ops_per_s=1.152377e+07 p50=42ns p95=59ns p99=275ns fail_rate=0.000000 avg_kicks=0.000000 stash_hits=0
CONFIG filter=cuckoo dist=uniform n=1000000 target_fpr=0.01 neg_share=0.5 workload=read_only threads=1 load_factor=0.95 fp_bits=16 ops=1500000 warmup_ops=150000 rep=1
run=1 filter=cuckoo dist=uniform n=1000000 target_fpr=0.01 fp_bits=16 achieved_fpr=4.5e-05 bpe=33.5544 workload=read_only neg_share=0.5 threads=1 load_factor=0.95 ops_per_s=1.221073e+07 p50=39ns p95=54ns p99=259ns fail_rate=0.000000 avg_kicks=0.000000 stash_hits=0
CONFIG filter=cuckoo dist=uniform n=1000000 target_fpr=0.01 neg_share=0.5 workload=read_only threads=1 load_factor=0.95 fp_bits=16 ops=1500000 warmup_ops=150000 rep=2
run=2 filter=cuckoo dist=uniform n=1000000 target_fpr=0.01 fp_bits=16 achieved_fpr=4.5e-05 bpe=33.5544 workload=read_only neg_share=0.5 threads=1 load_factor=0.95 ops_per_s=1.232558e+07 p50=39ns p95=54ns p99=266ns fail_rate=0.000000 avg_kicks=0.000000 stash_hits=0
CONFIG filter=quotient dist=uniform n=1000000 target_fpr=0.01 neg_share=0.5 workload=read_only threads=1 load_factor=0.95 fp_bits=12 ops=1500000 warmup_ops=150000 rep=0
run=0 filter=quotient dist=uniform n=1000000 target_fpr=0.01 fp_bits=12 achieved_fpr=0.001834 bpe=52.4288 workload=read_only neg_share=0.5 threads=1 load_factor=0.95 ops_per_s=1.022537e+07 p50=41ns p95=208ns p99=313ns avg_probe=0.000000 cluster_mean=0.000000 cluster_p99=0.000000
CONFIG filter=quotient dist=uniform n=1000000 target_fpr=0.01 neg_share=0.5 workload=read_only threads=1 load_factor=0.95 fp_bits=12 ops=1500000 warmup_ops=150000 rep=1
run=1 filter=quotient dist=uniform n=1000000 target_fpr=0.01 fp_bits=12 achieved_fpr=0.001834 bpe=52.4288 workload=read_only neg_share=0.5 threads=1 load_factor=0.95 ops_per_s=1.013205e+07 p50=41ns p95=225ns p99=305ns avg_probe=0.000000 cluster_mean=0.000000 cluster_p99=0.000000
CONFIG filter=quotient dist=uniform n=1000000 target_fpr=0.01 neg_share=0.5 workload=read_only threads=1 load_factor=0.95 fp_bits=12 ops=1500000 warmup_ops=150000 rep=2
run=2 filter=quotient dist=uniform n=1000000 target_fpr=0.01 fp_bits=12 achieved_fpr=0.001834 bpe=52.4288 workload=read_only neg_share=0.5 threads=1 load_factor=0.95 ops_per_s=9.708661e+06 p50=42ns p95=220ns p99=320ns avg_probe=0.000000 cluster_mean=0.000000 cluster_p99=0.000000
CONFIG filter=bloom dist=uniform n=1000000 target_fpr=0.001 neg_share=0.5 workload=read_only threads=1 load_factor=0.95 fp_bits=12 ops=1500000 warmup_ops=150000 rep=0
run=0 filter=bloom dist=uniform n=1000000 target_fpr=0.001 fp_bits=12 achieved_fpr=0.037703 bpe=16.7772 workload=read_only neg_share=0.5 threads=1 load_factor=0.95 ops_per_s=1.710989e+07 p50=29ns p95=43ns p99=55ns
CONFIG filter=bloom dist=uniform n=1000000 target_fpr=0.001 neg_share=0.5 workload=read_only threads=1 load_factor=0.95 fp_bits=12 ops=1500000 warmup_ops=150000 rep=1
run=1 filter=bloom dist=uniform n=1000000 target_fpr=0.001 fp_bits=12 achieved_fpr=0.037703 bpe=16.7772 workload=read_only neg_share=0.5 threads=1 load_factor=0.95 ops_per_s=1.761690e+07 p50=29ns p95=43ns p99=53ns
CONFIG filter=bloom dist=uniform n=1000000 target_fpr=0.001 neg_share=0.5 workload=read_only threads=1 load_factor=0.95 fp_bits=12 ops=1500000 warmup_ops=150000 rep=2
run=2 filter=bloom dist=uniform n=1000000 target_fpr=0.001 fp_bits=12 achieved_fpr=0.037703 bpe=16.7772 workload=read_only neg_share=0.5 threads=1 load_factor=0.95 ops_per_s=1.508886e+07 p50=31ns p95=46ns p99=57ns
CONFIG filter=xor dist=uniform n=1000000 target_fpr=0.001 neg_share=0.5 workload=read_only threads=1 load_factor=0.95 fp_bits=8 ops=1500000 warmup_ops=150000 rep=0
run=0 filter=xor dist=uniform n=1000000 target_fpr=0.001 fp_bits=8 achieved_fpr=0.003436 bpe=33.5544 workload=read_only neg_share=0.5 threads=1 load_factor=0.95 ops_per_s=1.804714e+07 p50=31ns p95=39ns p99=257ns
CONFIG filter=xor dist=uniform n=1000000 target_fpr=0.001 neg_share=0.5 workload=read_only threads=1 load_factor=0.95 fp_bits=8 ops=1500000 warmup_ops=150000 rep=1
run=1 filter=xor dist=uniform n=1000000 target_fpr=0.001 fp_bits=8 achieved_fpr=0.003436 bpe=33.5544 workload=read_only neg_share=0.5 threads=1 load_factor=0.95 ops_per_s=1.727957e+07 p50=32ns p95=38ns p99=236ns
CONFIG filter=xor dist=uniform n=1000000 target_fpr=0.001 neg_share=0.5 workload=read_only threads=1 load_factor=0.95 fp_bits=8 ops=1500000 warmup_ops=150000 rep=2
run=2 filter=xor dist=uniform n=1000000 target_fpr=0.001 fp_bits=8 achieved_fpr=0.003436 bpe=33.5544 workload=read_only neg_share=0.5 threads=1 load_factor=0.95 ops_per_s=1.698394e+07 p50=32ns p95=41ns p99=279ns
CONFIG filter=xor dist=uniform n=1000000 target_fpr=0.001 neg_share=0.5 workload=read_only threads=1 load_factor=0.95 fp_bits=12 ops=1500000 warmup_ops=150000 rep=0
run=0 filter=xor dist=uniform n=1000000 target_fpr=0.001 fp_bits=12 achieved_fpr=0.000222 bpe=33.5544 workload=read_only neg_share=0.5 threads=1 load_factor=0.95 ops_per_s=1.693995e+07 p50=32ns p95=37ns p99=269ns
CONFIG filter=xor dist=uniform n=1000000 target_fpr=0.001 neg_share=0.5 workload=read_only threads=1 load_factor=0.95 fp_bits=12 ops=1500000 warmup_ops=150000 rep=1
run=1 filter=xor dist=uniform n=1000000 target_fpr=0.001 fp_bits=12 achieved_fpr=0.000222 bpe=33.5544 workload=read_only neg_share=0.5 threads=1 load_factor=0.95 ops_per_s=1.691476e+07 p50=32ns p95=40ns p99=280ns
CONFIG filter=xor dist=uniform n=1000000 target_fpr=0.001 neg_share=0.5 workload=read_only threads=1 load_factor=0.95 fp_bits=12 ops=1500000 warmup_ops=150000 rep=2
run=2 filter=xor dist=uniform n=1000000 target_fpr=0.001 fp_bits=12 achieved_fpr=0.000222 bpe=33.5544 workload=read_only neg_share=0.5 threads=1 load_factor=0.95 ops_per_s=1.614904e+07 p50=32ns p95=39ns p99=277ns
CONFIG filter=xor dist=uniform n=1000000 target_fpr=0.001 neg_share=0.5 workload=read_only threads=1 load_factor=0.95 fp_bits=16 ops=1500000 warmup_ops=150000 rep=0
run=0 filter=xor dist=uniform n=1000000 target_fpr=0.001 fp_bits=16 achieved_fpr=1.4e-05 bpe=33.5544 workload=read_only neg_share=0.5 threads=1 load_factor=0.95 ops_per_s=1.690499e+07 p50=33ns p95=42ns p99=281ns
CONFIG filter=xor dist=uniform n=1000000 target_fpr=0.001 neg_share=0.5 workload=read_only threads=1 load_factor=0.95 fp_bits=16 ops=1500000 warmup_ops=150000 rep=1
run=1 filter=xor dist=uniform n=1000000 target_fpr=0.001 fp_bits=16 achieved_fpr=1.4e-05 bpe=33.5544 workload=read_only neg_share=0.5 threads=1 load_factor=0.95 ops_per_s=1.687268e+07 p50=32ns p95=38ns p99=261ns
CONFIG filter=xor dist=uniform n=1000000 target_fpr=0.001 neg_share=0.5 workload=read_only threads=1 load_factor=0.95 fp_bits=16 ops=1500000 warmup_ops=150000 rep=2
run=2 filter=xor dist=uniform n=1000000 target_fpr=0.001 fp_bits=16 achieved_fpr=1.4e-05 bpe=33.5544 workload=read_only neg_share=0.5 threads=1 load_factor=0.95 ops_per_s=1.695664e+07 p50=32ns p95=38ns p99=265ns
CONFIG filter=cuckoo dist=uniform n=1000000 target_fpr=0.001 neg_share=0.5 workload=read_only threads=1 load_factor=0.95 fp_bits=8 ops=1500000 warmup_ops=150000 rep=0
run=0 filter=cuckoo dist=uniform n=1000000 target_fpr=0.001 fp_bits=8 achieved_fpr=0.014732 bpe=33.5544 workload=read_only neg_share=0.5 threads=1 load_factor=0.95 ops_per_s=1.248313e+07 p50=39ns p95=55ns p99=261ns fail_rate=0.000000 avg_kicks=0.000000 stash_hits=0
CONFIG filter=cuckoo dist=uniform n=1000000 target_fpr=0.001 neg_share=0.5 workload=read_only threads=1 load_factor=0.95 fp_bits=8 ops=1500000 warmup_ops=150000 rep=1
run=1 filter=cuckoo dist=uniform n=1000000 target_fpr=0.001 fp_bits=8 achieved_fpr=0.014732 bpe=33.5544 workload=read_only neg_share=0.5 threads=1 load_factor=0.95 ops_per_s=1.240759e+07 p50=39ns p95=54ns p99=243ns fail_rate=0.000000 avg_kicks=0.000000 stash_hits=0
CONFIG filter=cuckoo dist=uniform n=1000000 target_fpr=0.001 neg_share=0.5 workload=read_only threads=1 load_factor=0.95 fp_bits=8 ops=1500000 warmup_ops=150000 rep=2
run=2 filter=cuckoo dist=uniform n=1000000 target_fpr=0.001 fp_bits=8 achieved_fpr=0.014732 bpe=33.5544 workload=read_only neg_share=0.5 threads=1 load_factor=0.95 ops_per_s=1.184659e+07 p50=40ns p95=56ns p99=277ns fail_rate=0.000000 avg_kicks=0.000000 stash_hits=0
CONFIG filter=cuckoo dist=uniform n=1000000 target_fpr=0.001 neg_share=0.5 workload=read_only threads=1 load_factor=0.95 fp_bits=12 ops=1500000 warmup_ops=150000 rep=0
run=0 filter=cuckoo dist=uniform n=1000000 target_fpr=0.001 fp_bits=12 achieved_fpr=0.000977 bpe=33.5544 workload=read_only neg_share=0.5 threads=1 load_factor=0.95 ops_per_s=1.253866e+07 p50=39ns p95=54ns p99=246ns fail_rate=0.000000 avg_kicks=0.000000 stash_hits=0
CONFIG filter=cuckoo dist=uniform n=1000000 target_fpr=0.001 neg_share=0.5 workload=read_only threads=1 load_factor=0.95 fp_bits=12 ops=1500000 warmup_ops=150000 rep=1
run=1 filter=cuckoo dist=uniform n=1000000 target_fpr=0.001 fp_bits=12 achieved_fpr=0.000977 bpe=33.5544 workload=read_only neg_share=0.5 threads=1 load_factor=0.95 ops_per_s=1.131541e+07 p50=40ns p95=58ns p99=267ns fail_rate=0.000000 avg_kicks=0.000000 stash_hits=0
CONFIG filter=cuckoo dist=uniform n=1000000 target_fpr=0.001 neg_share=0.5 workload=read_only threads=1 load_factor=0.95 fp_bits=12 ops=1500000 warmup_ops=150000 rep=2
run=2 filter=cuckoo dist=uniform n=1000000 target_fpr=0.001 fp_bits=12 achieved_fpr=0.000977 bpe=33.5544 workload=read_only neg_share=0.5 threads=1 load_factor=0.95 ops_per_s=1.195338e+07 p50=39ns p95=56ns p99=289ns fail_rate=0.000000 avg_kicks=0.000000 stash_hits=0
CONFIG filter=cuckoo dist=uniform n=1000000 target_fpr=0.001 neg_share=0.5 workload=read_only threads=1 load_factor=0.95 fp_bits=16 ops=1500000 warmup_ops=150000 rep=0
run=0 filter=cuckoo dist=uniform n=1000000 target_fpr=0.001 fp_bits=16 achieved_fpr=4.5e-05 bpe=33.5544 workload=read_only neg_share=0.5 threads=1 load_factor=0.95 ops_per_s=1.199428e+07 p50=39ns p95=54ns p99=281ns fail_rate=0.000000 avg_kicks=0.000000 stash_hits=0
CONFIG filter=cuckoo dist=uniform n=1000000 target_fpr=0.001 neg_share=0.5 workload=read_only threads=1 load_factor=0.95 fp_bits=16 ops=1500000 warmup_ops=150000 rep=1
run=1 filter=cuckoo dist=uniform n=1000000 target_fpr=0.001 fp_bits=16 achieved_fpr=4.5e-05 bpe=33.5544 workload=read_only neg_share=0.5 threads=1 load_factor=0.95 ops_per_s=1.191800e+07 p50=39ns p95=56ns p99=280ns fail_rate=0.000000 avg_kicks=0.000000 stash_hits=0
CONFIG filter=cuckoo dist=uniform n=1000000 target_fpr=0.001 neg_share=0.5 workload=read_only threads=1 load_factor=0.95 fp_bits=16 ops=1500000 warmup_ops=150000 rep=2
run=2 filter=cuckoo dist=uniform n=1000000 target_fpr=0.001 fp_bits=16 achieved_fpr=4.5e-05 bpe=33.5544 workload=read_only neg_share=0.5 threads=1 load_factor=0.95 ops_per_s=1.145935e+07 p50=42ns p95=58ns p99=231ns fail_rate=0.000000 avg_kicks=0.000000 stash_hits=0
CONFIG filter=quotient dist=uniform n=1000000 target_fpr=0.001 neg_share=0.5 workload=read_only threads=1 load_factor=0.95 fp_bits=12 ops=1500000 warmup_ops=150000 rep=0
run=0 filter=quotient dist=uniform n=1000000 target_fpr=0.001 fp_bits=12 achieved_fpr=0.000234 bpe=52.4288 workload=read_only neg_share=0.5 threads=1 load_factor=0.95 ops_per_s=1.055077e+07 p50=42ns p95=203ns p99=311ns avg_probe=0.000000 cluster_mean=0.000000 cluster_p99=0.000000
CONFIG filter=quotient dist=uniform n=1000000 target_fpr=0.001 neg_share=0.5 workload=read_only threads=1 load_factor=0.95 fp_bits=12 ops=1500000 warmup_ops=150000 rep=1
run=1 filter=quotient dist=uniform n=1000000 target_fpr=0.001 fp_bits=12 achieved_fpr=0.000234 bpe=52.4288 workload=read_only neg_share=0.5 threads=1 load_factor=0.95 ops_per_s=1.106254e+07 p50=40ns p95=155ns p99=294ns avg_probe=0.000000 cluster_mean=0.000000 cluster_p99=0.000000
CONFIG filter=quotient dist=uniform n=1000000 target_fpr=0.001 neg_share=0.5 workload=read_only threads=1 load_factor=0.95 fp_bits=12 ops=1500000 warmup_ops=150000 rep=2
run=2 filter=quotient dist=uniform n=1000000 target_fpr=0.001 fp_bits=12 achieved_fpr=0.000234 bpe=52.4288 workload=read_only neg_share=0.5 threads=1 load_factor=0.95 ops_per_s=1.084389e+07 p50=40ns p95=188ns p99=296ns avg_probe=0.000000 cluster_mean=0.000000 cluster_p99=0.000000
CONFIG filter=bloom dist=uniform n=5000000 target_fpr=0.05 neg_share=0.5 workload=read_only threads=1 load_factor=0.95 fp_bits=12 ops=1500000 warmup_ops=150000 rep=0
run=0 filter=bloom dist=uniform n=5000000 target_fpr=0.05 fp_bits=12 achieved_fpr=0.102532 bpe=6.71089 workload=read_only neg_share=0.5 threads=1 load_factor=0.95 ops_per_s=1.586153e+07 p50=32ns p95=48ns p99=137ns
CONFIG filter=bloom dist=uniform n=5000000 target_fpr=0.05 neg_share=0.5 workload=read_only threads=1 load_factor=0.95 fp_bits=12 ops=1500000 warmup_ops=150000 rep=1
run=1 filter=bloom dist=uniform n=5000000 target_fpr=0.05 fp_bits=12 achieved_fpr=0.102532 bpe=6.71089 workload=read_only neg_share=0.5 threads=1 load_factor=0.95 ops_per_s=1.578464e+07 p50=33ns p95=49ns p99=140ns
CONFIG filter=bloom dist=uniform n=5000000 target_fpr=0.05 neg_share=0.5 workload=read_only threads=1 load_factor=0.95 fp_bits=12 ops=1500000 warmup_ops=150000 rep=2
run=2 filter=bloom dist=uniform n=5000000 target_fpr=0.05 fp_bits=12 achieved_fpr=0.102532 bpe=6.71089 workload=read_only neg_share=0.5 threads=1 load_factor=0.95 ops_per_s=1.605331e+07 p50=32ns p95=48ns p99=133ns
CONFIG filter=xor dist=uniform n=5000000 target_fpr=0.05 neg_share=0.5 workload=read_only threads=1 load_factor=0.95 fp_bits=8 ops=1500000 warmup_ops=150000 rep=0
run=0 filter=xor dist=uniform n=5000000 target_fpr=0.05 fp_bits=8 achieved_fpr=0.003616 bpe=26.8435 workload=read_only neg_share=0.5 threads=1 load_factor=0.95 ops_per_s=1.408824e+07 p50=134ns p95=150ns p99=292ns
CONFIG filter=xor dist=uniform n=5000000 target_fpr=0.05 neg_share=0.5 workload=read_only threads=1 load_factor=0.95 fp_bits=8 ops=1500000 warmup_ops=150000 rep=1
run=1 filter=xor dist=uniform n=5000000 target_fpr=0.05 fp_bits=8 achieved_fpr=0.003616 bpe=26.8435 workload=read_only neg_share=0.5 threads=1 load_factor=0.95 ops_per_s=1.223473e+07 p50=136ns p95=277ns p99=329ns
CONFIG filter=xor dist=uniform n=5000000 target_fpr=0.05 neg_share=0.5 workload=read_only threads=1 load_factor=0.95 fp_bits=8 ops=1500000 warmup_ops=150000 rep=2
run=2 filter=xor dist=uniform n=5000000 target_fpr=0.05 fp_bits=8 achieved_fpr=0.003616 bpe=26.8435 workload=read_only neg_share=0.5 threads=1 load_factor=0.95 ops_per_s=1.400730e+07 p50=134ns p95=150ns p99=305ns
CONFIG filter=xor dist=uniform n=5000000 target_fpr=0.05 neg_share=0.5 workload=read_only threads=1 load_factor=0.95 fp_bits=12 ops=1500000 warmup_ops=150000 rep=0
run=0 filter=xor dist=uniform n=5000000 target_fpr=0.05 fp_bits=12 achieved_fpr=0.000228 bpe=26.8435 workload=read_only neg_share=0.5 threads=1 load_factor=0.95 ops_per_s=1.402119e+07 p50=134ns p95=152ns p99=307ns
CONFIG filter=xor dist=uniform n=5000000 target_fpr=0.05 neg_share=0.5 workload=read_only threads=1 load_factor=0.95 fp_bits=12 ops=1500000 warmup_ops=150000 rep=1
run=1 filter=xor dist=uniform n=5000000 target_fpr=0.05 fp_bits=12 achieved_fpr=0.000228 bpe=26.8435 workload=read_only neg_share=0.5 threads=1 load_factor=0.95 ops_per_s=1.397519e+07 p50=133ns p95=153ns p99=308ns
CONFIG filter=xor dist=uniform n=5000000 target_fpr=0.05 neg_share=0.5 workload=read_only threads=1 load_factor=0.95 fp_bits=12 ops=1500000 warmup_ops=150000 rep=2
run=2 filter=xor dist=uniform n=5000000 target_fpr=0.05 fp_bits=12 achieved_fpr=0.000228 bpe=26.8435 workload=read_only neg_share=0.5 threads=1 load_factor=0.95 ops_per_s=1.403149e+07 p50=134ns p95=152ns p99=286ns
CONFIG filter=xor dist=uniform n=5000000 target_fpr=0.05 neg_share=0.5 workload=read_only threads=1 load_factor=0.95 fp_bits=16 ops=1500000 warmup_ops=150000 rep=0
run=0 filter=xor dist=uniform n=5000000 target_fpr=0.05 fp_bits=16 achieved_fpr=1.42e-05 bpe=26.8435 workload=read_only neg_share=0.5 threads=1 load_factor=0.95 ops_per_s=1.395067e+07 p50=136ns p95=161ns p99=301ns
CONFIG filter=xor dist=uniform n=5000000 target_fpr=0.05 neg_share=0.5 workload=read_only threads=1 load_factor=0.95 fp_bits=16 ops=1500000 warmup_ops=150000 rep=1
run=1 filter=xor dist=uniform n=5000000 target_fpr=0.05 fp_bits=16 achieved_fpr=1.42e-05 bpe=26.8435 workload=read_only neg_share=0.5 threads=1 load_factor=0.95 ops_per_s=1.387363e+07 p50=135ns p95=155ns p99=307ns
CONFIG filter=xor dist=uniform n=5000000 target_fpr=0.05 neg_share=0.5 workload=read_only threads=1 load_factor=0.95 fp_bits=16 ops=1500000 warmup_ops=150000 rep=2
run=2 filter=xor dist=uniform n=5000000 target_fpr=0.05 fp_bits=16 achieved_fpr=1.42e-05 bpe=26.8435 workload=read_only neg_share=0.5 threads=1 load_factor=0.95 ops_per_s=1.388765e+07 p50=134ns p95=153ns p99=314ns
CONFIG filter=cuckoo dist=uniform n=5000000 target_fpr=0.05 neg_share=0.5 workload=read_only threads=1 load_factor=0.95 fp_bits=8 ops=1500000 warmup_ops=150000 rep=0
run=0 filter=cuckoo dist=uniform n=5000000 target_fpr=0.05 fp_bits=8 achieved_fpr=0.0184116 bpe=26.8435 workload=read_only neg_share=0.5 threads=1 load_factor=0.95 ops_per_s=7.879337e+06 p50=60ns p95=284ns p99=313ns fail_rate=0.000000 avg_kicks=0.000000 stash_hits=0
CONFIG filter=cuckoo dist=uniform n=5000000 target_fpr=0.05 neg_share=0.5 workload=read_only threads=1 load_factor=0.95 fp_bits=8 ops=1500000 warmup_ops=150000 rep=1
run=1 filter=cuckoo dist=uniform n=5000000 target_fpr=0.05 fp_bits=8 achieved_fpr=0.0184116 bpe=26.8435 workload=read_only neg_share=0.5 threads=1 load_factor=0.95 ops_per_s=7.746841e+06 p50=63ns p95=286ns p99=322ns fail_rate=0.000000 avg_kicks=0.000000 stash_hits=0
CONFIG filter=cuckoo dist=uniform n=5000000 target_fpr=0.05 neg_share=0.5 workload=read_only threads=1 load_factor=0.95 fp_bits=8 ops=1500000 warmup_ops=150000 rep=2
run=2 filter=cuckoo dist=uniform n=5000000 target_fpr=0.05 fp_bits=8 achieved_fpr=0.0184116 bpe=26.8435 workload=read_only neg_share=0.5 threads=1 load_factor=0.95 ops_per_s=8.364665e+06 p50=73ns p95=255ns p99=308ns fail_rate=0.000000 avg_kicks=0.000000 stash_hits=0
CONFIG filter=cuckoo dist=uniform n=5000000 target_fpr=0.05 neg_share=0.5 workload=read_only threads=1 load_factor=0.95 fp_bits=12 ops=1500000 warmup_ops=150000 rep=0
run=0 filter=cuckoo dist=uniform n=5000000 target_fpr=0.05 fp_bits=12 achieved_fpr=0.0011874 bpe=26.8435 workload=read_only neg_share=0.5 threads=1 load_factor=0.95 ops_per_s=7.895872e+06 p50=59ns p95=285ns p99=313ns fail_rate=0.000000 avg_kicks=0.000000 stash_hits=0
CONFIG filter=cuckoo dist=uniform n=5000000 target_fpr=0.05 neg_share=0.5 workload=read_only threads=1 load_factor=0.95 fp_bits=12 ops=1500000 warmup_ops=150000 rep=1
run=1 filter=cuckoo dist=uniform n=5000000 target_fpr=0.05 fp_bits=12 achieved_fpr=0.0011874 bpe=26.8435 workload=read_only neg_share=0.5 threads=1 load_factor=0.95 ops_per_s=7.840100e+06 p50=86ns p95=284ns p99=309ns fail_rate=0.000000 avg_kicks=0.000000 stash_hits=0
CONFIG filter=cuckoo dist=uniform n=5000000 target_fpr=0.05 neg_share=0.5 workload=read_only threads=1 load_factor=0.95 fp_bits=12 ops=1500000 warmup_ops=150000 rep=2
run=2 filter=cuckoo dist=uniform n=5000000 target_fpr=0.05 fp_bits=12 achieved_fpr=0.0011874 bpe=26.8435 workload=read_only neg_share=0.5 threads=1 load_factor=0.95 ops_per_s=7.882314e+06 p50=61ns p95=285ns p99=324ns fail_rate=0.000000 avg_kicks=0.000000 stash_hits=0
CONFIG filter=cuckoo dist=uniform n=5000000 target_fpr=0.05 neg_share=0.5 workload=read_only threads=1 load_factor=0.95 fp_bits=16 ops=1500000 warmup_ops=150000 rep=0
run=0 filter=cuckoo dist=uniform n=5000000 target_fpr=0.05 fp_bits=16 achieved_fpr=7.34e-05 bpe=26.8435 workload=read_only neg_share=0.5 threads=1 load_factor=0.95 ops_per_s=7.785838e+06 p50=69ns p95=286ns p99=321ns fail_rate=0.000000 avg_kicks=0.000000 stash_hits=0
CONFIG filter=cuckoo dist=uniform n=5000000 target_fpr=0.05 neg_share=0.5 workload=read_only threads=1 load_factor=0.95 fp_bits=16 ops=1500000 warmup_ops=150000 rep=1
run=1 filter=cuckoo dist=uniform n=5000000 target_fpr=0.05 fp_bits=16 achieved_fpr=7.34e-05 bpe=26.8435 workload=read_only neg_share=0.5 threads=1 load_factor=0.95 ops_per_s=8.308616e+06 p50=128ns p95=249ns p99=315ns fail_rate=0.000000 avg_kicks=0.000000 stash_hits=0
CONFIG filter=cuckoo dist=uniform n=5000000 target_fpr=0.05 neg_share=0.5 workload=read_only threads=1 load_factor=0.95 fp_bits=16 ops=1500000 warmup_ops=150000 rep=2
run=2 filter=cuckoo dist=uniform n=5000000 target_fpr=0.05 fp_bits=16 achieved_fpr=7.34e-05 bpe=26.8435 workload=read_only neg_share=0.5 threads=1 load_factor=0.95 ops_per_s=7.774919e+06 p50=119ns p95=285ns p99=314ns fail_rate=0.000000 avg_kicks=0.000000 stash_hits=0
CONFIG filter=quotient dist=uniform n=5000000 target_fpr=0.05 neg_share=0.5 workload=read_only threads=1 load_factor=0.95 fp_bits=12 ops=1500000 warmup_ops=150000 rep=0
run=0 filter=quotient dist=uniform n=5000000 target_fpr=0.05 fp_bits=12 achieved_fpr=0.0095398 bpe=41.943 workload=read_only neg_share=0.5 threads=1 load_factor=0.95 ops_per_s=9.208741e+06 p50=126ns p95=215ns p99=306ns avg_probe=0.000000 cluster_mean=0.000000 cluster_p99=0.000000
CONFIG filter=quotient dist=uniform n=5000000 target_fpr=0.05 neg_share=0.5 workload=read_only threads=1 load_factor=0.95 fp_bits=12 ops=1500000 warmup_ops=150000 rep=1
run=1 filter=quotient dist=uniform n=5000000 target_fpr=0.05 fp_bits=12 achieved_fpr=0.0095398 bpe=41.943 workload=read_only neg_share=0.5 threads=1 load_factor=0.95 ops_per_s=9.203619e+06 p50=121ns p95=202ns p99=308ns avg_probe=0.000000 cluster_mean=0.000000 cluster_p99=0.000000
CONFIG filter=quotient dist=uniform n=5000000 target_fpr=0.05 neg_share=0.5 workload=read_only threads=1 load_factor=0.95 fp_bits=12 ops=1500000 warmup_ops=150000 rep=2
run=2 filter=quotient dist=uniform n=5000000 target_fpr=0.05 fp_bits=12 achieved_fpr=0.0095398 bpe=41.943 workload=read_only neg_share=0.5 threads=1 load_factor=0.95 ops_per_s=9.135126e+06 p50=130ns p95=207ns p99=283ns avg_probe=0.000000 cluster_mean=0.000000 cluster_p99=0.000000
CONFIG filter=bloom dist=uniform n=5000000 target_fpr=0.01 neg_share=0.5 workload=read_only threads=1 load_factor=0.95 fp_bits=12 ops=1500000 warmup_ops=150000 rep=0
run=0 filter=bloom dist=uniform n=5000000 target_fpr=0.01 fp_bits=12 achieved_fpr=0.0459064 bpe=13.4218 workload=read_only neg_share=0.5 threads=1 load_factor=0.95 ops_per_s=1.306146e+07 p50=39ns p95=144ns p99=212ns
CONFIG filter=bloom dist=uniform n=5000000 target_fpr=0.01 neg_share=0.5 workload=read_only threads=1 load_factor=0.95 fp_bits=12 ops=1500000 warmup_ops=150000 rep=1
run=1 filter=bloom dist=uniform n=5000000 target_fpr=0.01 fp_bits=12 achieved_fpr=0.0459064 bpe=13.4218 workload=read_only neg_share=0.5 threads=1 load_factor=0.95 ops_per_s=1.308573e+07 p50=37ns p95=139ns p99=224ns
CONFIG filter=bloom dist=uniform n=5000000 target_fpr=0.01 neg_share=0.5 workload=read_only threads=1 load_factor=0.95 fp_bits=12 ops=1500000 warmup_ops=150000 rep=2
run=2 filter=bloom dist=uniform n=5000000 target_fpr=0.01 fp_bits=12 achieved_fpr=0.0459064 bpe=13.4218 workload=read_only neg_share=0.5 threads=1 load_factor=0.95 ops_per_s=1.293469e+07 p50=37ns p95=142ns p99=219ns
CONFIG filter=xor dist=uniform n=5000000 target_fpr=0.01 neg_share=0.5 workload=read_only threads=1 load_factor=0.95 fp_bits=8 ops=1500000 warmup_ops=150000 rep=0
run=0 filter=xor dist=uniform n=5000000 target_fpr=0.01 fp_bits=8 achieved_fpr=0.003616 bpe=26.8435 workload=read_only neg_share=0.5 threads=1 load_factor=0.95 ops_per_s=1.396462e+07 p50=135ns p95=151ns p99=303ns
CONFIG filter=xor dist=uniform n=5000000 target_fpr=0.01 neg_share=0.5 workload=read_only threads=1 load_factor=0.95 fp_bits=8 ops=1500000 warmup_ops=150000 rep=1
run=1 filter=xor dist=uniform n=5000000 target_fpr=0.01 fp_bits=8 achieved_fpr=0.003616 bpe=26.8435 workload=read_only neg_share=0.5 threads=1 load_factor=0.95 ops_per_s=1.397247e+07 p50=134ns p95=157ns p99=306ns
CONFIG filter=xor dist=uniform n=5000000 target_fpr=0.01 neg_share=0.5 workload=read_only threads=1 load_factor=0.95 fp_bits=8 ops=1500000 warmup_ops=150000 rep=2
run=2 filter=xor dist=uniform n=5000000 target_fpr=0.01 fp_bits=8 achieved_fpr=0.003616 bpe=26.8435 workload=read_only neg_share=0.5 threads=1 load_factor=0.95 ops_per_s=1.397714e+07 p50=134ns p95=154ns p99=317ns
CONFIG filter=xor dist=uniform n=5000000 target_fpr=0.01 neg_share=0.5 workload=read_only threads=1 load_factor=0.95 fp_bits=12 ops=1500000 warmup_ops=150000 rep=0
run=0 filter=xor dist=uniform n=5000000 target_fpr=0.01 fp_bits=12 achieved_fpr=0.000228 bpe=26.8435 workload=read_only neg_share=0.5 threads=1 load_factor=0.95 ops_per_s=1.402651e+07 p50=133ns p95=151ns p99=310ns
CONFIG filter=xor dist=uniform n=5000000 target_fpr=0.01 neg_share=0.5 workload=read_only threads=1 load_factor=0.95 fp_bits=12 ops=1500000 warmup_ops=150000 rep=1
run=1 filter=xor dist=uniform n=5000000 target_fpr=0.01 fp_bits=12 achieved_fpr=0.000228 bpe=26.8435 workload=read_only neg_share=0.5 threads=1 load_factor=0.95 ops_per_s=1.389650e+07 p50=134ns p95=159ns p99=292ns
CONFIG filter=xor dist=uniform n=5000000 target_fpr=0.01 neg_share=0.5 workload=read_only threads=1 load_factor=0.95 fp_bits=12 ops=1500000 warmup_ops=150000 rep=2
run=2 filter=xor dist=uniform n=5000000 target_fpr=0.01 fp_bits=12 achieved_fpr=0.000228 bpe=26.8435 workload=read_only neg_share=0.5 threads=1 load_factor=0.95 ops_per_s=1.392669e+07 p50=134ns p95=151ns p99=306ns
CONFIG filter=xor dist=uniform n=5000000 target_fpr=0.01 neg_share=0.5 workload=read_only threads=1 load_factor=0.95 fp_bits=16 ops=1500000 warmup_ops=150000 rep=0
run=0 filter=xor dist=uniform n=5000000 target_fpr=0.01 fp_bits=16 achieved_fpr=1.42e-05 bpe=26.8435 workload=read_only neg_share=0.5 threads=1 load_factor=0.95 ops_per_s=1.397080e+07 p50=134ns p95=154ns p99=302ns
CONFIG filter=xor dist=uniform n=5000000 target_fpr=0.01 neg_share=0.5 workload=read_only threads=1 load_factor=0.95 fp_bits=16 ops=1500000 warmup_ops=150000 rep=1
run=1 filter=xor dist=uniform n=5000000 target_fpr=0.01 fp_bits=16 achieved_fpr=1.42e-05 bpe=26.8435 workload=read_only neg_share=0.5 threads=1 load_factor=0.95 ops_per_s=1.393829e+07 p50=136ns p95=155ns p99=300ns
CONFIG filter=xor dist=uniform n=5000000 target_fpr=0.01 neg_share=0.5 workload=read_only threads=1 load_factor=0.95 fp_bits=16 ops=1500000 warmup_ops=150000 rep=2
run=2 filter=xor dist=uniform n=5000000 target_fpr=0.01 fp_bits=16 achieved_fpr=1.42e-05 bpe=26.8435 workload=read_only neg_share=0.5 threads=1 load_factor=0.95 ops_per_s=1.395001e+07 p50=134ns p95=152ns p99=304ns
CONFIG filter=cuckoo dist=uniform n=5000000 target_fpr=0.01 neg_share=0.5 workload=read_only threads=1 load_factor=0.95 fp_bits=8 ops=1500000 warmup_ops=150000 rep=0
run=0 filter=cuckoo dist=uniform n=5000000 target_fpr=0.01 fp_bits=8 achieved_fpr=0.0184116 bpe=26.8435 workload=read_only neg_share=0.5 threads=1 load_factor=0.95 ops_per_s=7.884252e+06 p50=59ns p95=282ns p99=314ns fail_rate=0.000000 avg_kicks=0.000000 stash_hits=0
CONFIG filter=cuckoo dist=uniform n=5000000 target_fpr=0.01 neg_share=0.5 workload=read_only threads=1 load_factor=0.95 fp_bits=8 ops=1500000 warmup_ops=150000 rep=1
run=1 filter=cuckoo dist=uniform n=5000000 target_fpr=0.01 fp_bits=8 achieved_fpr=0.0184116 bpe=26.8435 workload=read_only neg_share=0.5 threads=1 load_factor=0.95 ops_per_s=7.994266e+06 p50=76ns p95=281ns p99=319ns fail_rate=0.000000 avg_kicks=0.000000 stash_hits=0
CONFIG filter=cuckoo dist=uniform n=5000000 target_fpr=0.01 neg_share=0.5 workload=read_only threads=1 load_factor=0.95 fp_bits=8 ops=1500000 warmup_ops=150000 rep=2
run=2 filter=cuckoo dist=uniform n=5000000 target_fpr=0.01 fp_bits=8 achieved_fpr=0.0184116 bpe=26.8435 workload=read_only neg_share=0.5 threads=1 load_factor=0.95 ops_per_s=7.895775e+06 p50=67ns p95=282ns p99=322ns fail_rate=0.000000 avg_kicks=0.000000 stash_hits=0
CONFIG filter=cuckoo dist=uniform n=5000000 target_fpr=0.01 neg_share=0.5 workload=read_only threads=1 load_factor=0.95 fp_bits=12 ops=1500000 warmup_ops=150000 rep=0
run=0 filter=cuckoo dist=uniform n=5000000 target_fpr=0.01 fp_bits=12 achieved_fpr=0.0011874 bpe=26.8435 workload=read_only neg_share=0.5 threads=1 load_factor=0.95 ops_per_s=7.774458e+06 p50=72ns p95=285ns p99=318ns fail_rate=0.000000 avg_kicks=0.000000 stash_hits=0
CONFIG filter=cuckoo dist=uniform n=5000000 target_fpr=0.01 neg_share=0.5 workload=read_only threads=1 load_factor=0.95 fp_bits=12 ops=1500000 warmup_ops=150000 rep=1
run=1 filter=cuckoo dist=uniform n=5000000 target_fpr=0.01 fp_bits=12 achieved_fpr=0.0011874 bpe=26.8435 workload=read_only neg_share=0.5 threads=1 load_factor=0.95 ops_per_s=8.118189e+06 p50=133ns p95=277ns p99=307ns fail_rate=0.000000 avg_kicks=0.000000 stash_hits=0
CONFIG filter=cuckoo dist=uniform n=5000000 target_fpr=0.01 neg_share=0.5 workload=read_only threads=1 load_factor=0.95 fp_bits=12 ops=1500000 warmup_ops=150000 rep=2
run=2 filter=cuckoo dist=uniform n=5000000 target_fpr=0.01 fp_bits=12 achieved_fpr=0.0011874 bpe=26.8435 workload=read_only neg_share=0.5 threads=1 load_factor=0.95 ops_per_s=7.579409e+06 p50=129ns p95=289ns p99=327ns fail_rate=0.000000 avg_kicks=0.000000 stash_hits=0
CONFIG filter=cuckoo dist=uniform n=5000000 target_fpr=0.01 neg_share=0.5 workload=read_only threads=1 load_factor=0.95 fp_bits=16 ops=1500000 warmup_ops=150000 rep=0
run=0 filter=cuckoo dist=uniform n=5000000 target_fpr=0.01 fp_bits=16 achieved_fpr=7.34e-05 bpe=26.8435 workload=read_only neg_share=0.5 threads=1 load_factor=0.95 ops_per_s=8.186612e+06 p50=66ns p95=276ns p99=311ns fail_rate=0.000000 avg_kicks=0.000000 stash_hits=0
CONFIG filter=cuckoo dist=uniform n=5000000 target_fpr=0.01 neg_share=0.5 workload=read_only threads=1 load_factor=0.95 fp_bits=16 ops=1500000 warmup_ops=150000 rep=1
run=1 filter=cuckoo dist=uniform n=5000000 target_fpr=0.01 fp_bits=16 achieved_fpr=7.34e-05 bpe=26.8435 workload=read_only neg_share=0.5 threads=1 load_factor=0.95 ops_per_s=7.849397e+06 p50=62ns p95=285ns p99=322ns fail_rate=0.000000 avg_kicks=0.000000 stash_hits=0
CONFIG filter=cuckoo dist=uniform n=5000000 target_fpr=0.01 neg_share=0.5 workload=read_only threads=1 load_factor=0.95 fp_bits=16 ops=1500000 warmup_ops=150000 rep=2
run=2 filter=cuckoo dist=uniform n=5000000 target_fpr=0.01 fp_bits=16 achieved_fpr=7.34e-05 bpe=26.8435 workload=read_only neg_share=0.5 threads=1 load_factor=0.95 ops_per_s=7.878364e+06 p50=76ns p95=285ns p99=315ns fail_rate=0.000000 avg_kicks=0.000000 stash_hits=0
CONFIG filter=quotient dist=uniform n=5000000 target_fpr=0.01 neg_share=0.5 workload=read_only threads=1 load_factor=0.95 fp_bits=12 ops=1500000 warmup_ops=150000 rep=0
run=0 filter=quotient dist=uniform n=5000000 target_fpr=0.01 fp_bits=12 achieved_fpr=0.0023808 bpe=41.943 workload=read_only neg_share=0.5 threads=1 load_factor=0.95 ops_per_s=9.290802e+06 p50=124ns p95=192ns p99=302ns avg_probe=0.000000 cluster_mean=0.000000 cluster_p99=0.000000
CONFIG filter=quotient dist=uniform n=5000000 target_fpr=0.01 neg_share=0.5 workload=read_only threads=1 load_factor=0.95 fp_bits=12 ops=1500000 warmup_ops=150000 rep=1
run=1 filter=quotient dist=uniform n=5000000 target_fpr=0.01 fp_bits=12 achieved_fpr=0.0023808 bpe=41.943 workload=read_only neg_share=0.5 threads=1 load_factor=0.95 ops_per_s=9.303052e+06 p50=121ns p95=191ns p99=290ns avg_probe=0.000000 cluster_mean=0.000000 cluster_p99=0.000000
CONFIG filter=quotient dist=uniform n=5000000 target_fpr=0.01 neg_share=0.5 workload=read_only threads=1 load_factor=0.95 fp_bits=12 ops=1500000 warmup_ops=150000 rep=2
run=2 filter=quotient dist=uniform n=5000000 target_fpr=0.01 fp_bits=12 achieved_fpr=0.0023808 bpe=41.943 workload=read_only neg_share=0.5 threads=1 load_factor=0.95 ops_per_s=9.266108e+06 p50=121ns p95=197ns p99=315ns avg_probe=0.000000 cluster_mean=0.000000 cluster_p99=0.000000
CONFIG filter=bloom dist=uniform n=5000000 target_fpr=0.001 neg_share=0.5 workload=read_only threads=1 load_factor=0.95 fp_bits=12 ops=1500000 warmup_ops=150000 rep=0
run=0 filter=bloom dist=uniform n=5000000 target_fpr=0.001 fp_bits=12 achieved_fpr=0.0226666 bpe=26.8435 workload=read_only neg_share=0.5 threads=1 load_factor=0.95 ops_per_s=1.010619e+07 p50=47ns p95=158ns p99=267ns
CONFIG filter=bloom dist=uniform n=5000000 target_fpr=0.001 neg_share=0.5 workload=read_only threads=1 load_factor=0.95 fp_bits=12 ops=1500000 warmup_ops=150000 rep=1
run=1 filter=bloom dist=uniform n=5000000 target_fpr=0.001 fp_bits=12 achieved_fpr=0.0226666 bpe=26.8435 workload=read_only neg_share=0.5 threads=1 load_factor=0.95 ops_per_s=1.012021e+07 p50=50ns p95=157ns p99=263ns
CONFIG filter=bloom dist=uniform n=5000000 target_fpr=0.001 neg_share=0.5 workload=read_only threads=1 load_factor=0.95 fp_bits=12 ops=1500000 warmup_ops=150000 rep=2
run=2 filter=bloom dist=uniform n=5000000 target_fpr=0.001 fp_bits=12 achieved_fpr=0.0226666 bpe=26.8435 workload=read_only neg_share=0.5 threads=1 load_factor=0.95 ops_per_s=1.012985e+07 p50=47ns p95=158ns p99=287ns
CONFIG filter=xor dist=uniform n=5000000 target_fpr=0.001 neg_share=0.5 workload=read_only threads=1 load_factor=0.95 fp_bits=8 ops=1500000 warmup_ops=150000 rep=0
run=0 filter=xor dist=uniform n=5000000 target_fpr=0.001 fp_bits=8 achieved_fpr=0.003616 bpe=26.8435 workload=read_only neg_share=0.5 threads=1 load_factor=0.95 ops_per_s=1.395366e+07 p50=133ns p95=151ns p99=310ns
CONFIG filter=xor dist=uniform n=5000000 target_fpr=0.001 neg_share=0.5 workload=read_only threads=1 load_factor=0.95 fp_bits=8 ops=1500000 warmup_ops=150000 rep=1
run=1 filter=xor dist=uniform n=5000000 target_fpr=0.001 fp_bits=8 achieved_fpr=0.003616 bpe=26.8435 workload=read_only neg_share=0.5 threads=1 load_factor=0.95 ops_per_s=1.398953e+07 p50=134ns p95=153ns p99=304ns
CONFIG filter=xor dist=uniform n=5000000 target_fpr=0.001 neg_share=0.5 workload=read_only threads=1 load_factor=0.95 fp_bits=8 ops=1500000 warmup_ops=150000 rep=2
run=2 filter=xor dist=uniform n=5000000 target_fpr=0.001 fp_bits=8 achieved_fpr=0.003616 bpe=26.8435 workload=read_only neg_share=0.5 threads=1 load_factor=0.95 ops_per_s=1.401030e+07 p50=133ns p95=151ns p99=308ns
CONFIG filter=xor dist=uniform n=5000000 target_fpr=0.001 neg_share=0.5 workload=read_only threads=1 load_factor=0.95 fp_bits=12 ops=1500000 warmup_ops=150000 rep=0
run=0 filter=xor dist=uniform n=5000000 target_fpr=0.001 fp_bits=12 achieved_fpr=0.000228 bpe=26.8435 workload=read_only neg_share=0.5 threads=1 load_factor=0.95 ops_per_s=1.390438e+07 p50=134ns p95=154ns p99=307ns
CONFIG filter=xor dist=uniform n=5000000 target_fpr=0.001 neg_share=0.5 workload=read_only threads=1 load_factor=0.95 fp_bits=12 ops=1500000 warmup_ops=150000 rep=1
run=1 filter=xor dist=uniform n=5000000 target_fpr=0.001 fp_bits=12 achieved_fpr=0.000228 bpe=26.8435 workload=read_only neg_share=0.5 threads=1 load_factor=0.95 ops_per_s=1.396646e+07 p50=133ns p95=155ns p99=306ns
CONFIG filter=xor dist=uniform n=5000000 target_fpr=0.001 neg_share=0.5 workload=read_only threads=1 load_factor=0.95 fp_bits=12 ops=1500000 warmup_ops=150000 rep=2
run=2 filter=xor dist=uniform n=5000000 target_fpr=0.001 fp_bits=12 achieved_fpr=0.000228 bpe=26.8435 workload=read_only neg_share=0.5 threads=1 load_factor=0.95 ops_per_s=1.392912e+07 p50=133ns p95=153ns p99=316ns
CONFIG filter=xor dist=uniform n=5000000 target_fpr=0.001 neg_share=0.5 workload=read_only threads=1 load_factor=0.95 fp_bits=16 ops=1500000 warmup_ops=150000 rep=0
run=0 filter=xor dist=uniform n=5000000 target_fpr=0.001 fp_bits=16 achieved_fpr=1.42e-05 bpe=26.8435 workload=read_only neg_share=0.5 threads=1 load_factor=0.95 ops_per_s=1.391846e+07 p50=134ns p95=152ns p99=301ns
CONFIG filter=xor dist=uniform n=5000000 target_fpr=0.001 neg_share=0.5 workload=read_only threads=1 load_factor=0.95 fp_bits=16 ops=1500000 warmup_ops=150000 rep=1
run=1 filter=xor dist=uniform n=5000000 target_fpr=0.001 fp_bits=16 achieved_fpr=1.42e-05 bpe=26.8435 workload=read_only neg_share=0.5 threads=1 load_factor=0.95 ops_per_s=1.392335e+07 p50=133ns p95=153ns p99=307ns
CONFIG filter=xor dist=uniform n=5000000 target_fpr=0.001 neg_share=0.5 workload=read_only threads=1 load_factor=0.95 fp_bits=16 ops=1500000 warmup_ops=150000 rep=2
run=2 filter=xor dist=uniform n=5000000 target_fpr=0.001 fp_bits=16 achieved_fpr=1.42e-05 bpe=26.8435 workload=read_only neg_share=0.5 threads=1 load_factor=0.95 ops_per_s=1.394145e+07 p50=134ns p95=156ns p99=308ns
CONFIG filter=cuckoo dist=uniform n=5000000 target_fpr=0.001 neg_share=0.5 workload=read_only threads=1 load_factor=0.95 fp_bits=8 ops=1500000 warmup_ops=150000 rep=0
run=0 filter=cuckoo dist=uniform n=5000000 target_fpr=0.001 fp_bits=8 achieved_fpr=0.0184116 bpe=26.8435 workload=read_only neg_share=0.5 threads=1 load_factor=0.95 ops_per_s=8.140757e+06 p50=65ns p95=278ns p99=312ns fail_rate=0.000000 avg_kicks=0.000000 stash_hits=0
CONFIG filter=cuckoo dist=uniform n=5000000 target_fpr=0.001 neg_share=0.5 workload=read_only threads=1 load_factor=0.95 fp_bits=8 ops=1500000 warmup_ops=150000 rep=1
run=1 filter=cuckoo dist=uniform n=5000000 target_fpr=0.001 fp_bits=8 achieved_fpr=0.0184116 bpe=26.8435 workload=read_only neg_share=0.5 threads=1 load_factor=0.95 ops_per_s=7.823522e+06 p50=59ns p95=283ns p99=314ns fail_rate=0.000000 avg_kicks=0.000000 stash_hits=0
CONFIG filter=cuckoo dist=uniform n=5000000 target_fpr=0.001 neg_share=0.5 workload=read_only threads=1 load_factor=0.95 fp_bits=8 ops=1500000 warmup_ops=150000 rep=2
run=2 filter=cuckoo dist=uniform n=5000000 target_fpr=0.001 fp_bits=8 achieved_fpr=0.0184116 bpe=26.8435 workload=read_only neg_share=0.5 threads=1 load_factor=0.95 ops_per_s=7.905214e+06 p50=76ns p95=285ns p99=320ns fail_rate=0.000000 avg_kicks=0.000000 stash_hits=0
CONFIG filter=cuckoo dist=uniform n=5000000 target_fpr=0.001 neg_share=0.5 workload=read_only threads=1 load_factor=0.95 fp_bits=12 ops=1500000 warmup_ops=150000 rep=0
run=0 filter=cuckoo dist=uniform n=5000000 target_fpr=0.001 fp_bits=12 achieved_fpr=0.0011874 bpe=26.8435 workload=read_only neg_share=0.5 threads=1 load_factor=0.95 ops_per_s=7.689583e+06 p50=78ns p95=289ns p99=325ns fail_rate=0.000000 avg_kicks=0.000000 stash_hits=0
CONFIG filter=cuckoo dist=uniform n=5000000 target_fpr=0.001 neg_share=0.5 workload=read_only threads=1 load_factor=0.95 fp_bits=12 ops=1500000 warmup_ops=150000 rep=1
run=1 filter=cuckoo dist=uniform n=5000000 target_fpr=0.001 fp_bits=12 achieved_fpr=0.0011874 bpe=26.8435 workload=read_only neg_share=0.5 threads=1 load_factor=0.95 ops_per_s=7.801468e+06 p50=61ns p95=285ns p99=318ns fail_rate=0.000000 avg_kicks=0.000000 stash_hits=0
CONFIG filter=cuckoo dist=uniform n=5000000 target_fpr=0.001 neg_share=0.5 workload=read_only threads=1 load_factor=0.95 fp_bits=12 ops=1500000 warmup_ops=150000 rep=2
run=2 filter=cuckoo dist=uniform n=5000000 target_fpr=0.001 fp_bits=12 achieved_fpr=0.0011874 bpe=26.8435 workload=read_only neg_share=0.5 threads=1 load_factor=0.95 ops_per_s=8.049985e+06 p50=70ns p95=275ns p99=310ns fail_rate=0.000000 avg_kicks=0.000000 stash_hits=0
CONFIG filter=cuckoo dist=uniform n=5000000 target_fpr=0.001 neg_share=0.5 workload=read_only threads=1 load_factor=0.95 fp_bits=16 ops=1500000 warmup_ops=150000 rep=0
run=0 filter=cuckoo dist=uniform n=5000000 target_fpr=0.001 fp_bits=16 achieved_fpr=7.34e-05 bpe=26.8435 workload=read_only neg_share=0.5 threads=1 load_factor=0.95 ops_per_s=7.750757e+06 p50=68ns p95=285ns p99=314ns fail_rate=0.000000 avg_kicks=0.000000 stash_hits=0
CONFIG filter=cuckoo dist=uniform n=5000000 target_fpr=0.001 neg_share=0.5 workload=read_only threads=1 load_factor=0.95 fp_bits=16 ops=1500000 warmup_ops=150000 rep=1
run=1 filter=cuckoo dist=uniform n=5000000 target_fpr=0.001 fp_bits=16 achieved_fpr=7.34e-05 bpe=26.8435 workload=read_only neg_share=0.5 threads=1 load_factor=0.95 ops_per_s=7.916368e+06 p50=80ns p95=281ns p99=314ns fail_rate=0.000000 avg_kicks=0.000000 stash_hits=0
CONFIG filter=cuckoo dist=uniform n=5000000 target_fpr=0.001 neg_share=0.5 workload=read_only threads=1 load_factor=0.95 fp_bits=16 ops=1500000 warmup_ops=150000 rep=2
run=2 filter=cuckoo dist=uniform n=5000000 target_fpr=0.001 fp_bits=16 achieved_fpr=7.34e-05 bpe=26.8435 workload=read_only neg_share=0.5 threads=1 load_factor=0.95 ops_per_s=7.847817e+06 p50=66ns p95=286ns p99=323ns fail_rate=0.000000 avg_kicks=0.000000 stash_hits=0
CONFIG filter=quotient dist=uniform n=5000000 target_fpr=0.001 neg_share=0.5 workload=read_only threads=1 load_factor=0.95 fp_bits=12 ops=1500000 warmup_ops=150000 rep=0
run=0 filter=quotient dist=uniform n=5000000 target_fpr=0.001 fp_bits=12 achieved_fpr=0.0003116 bpe=41.943 workload=read_only neg_share=0.5 threads=1 load_factor=0.95 ops_per_s=9.164501e+06 p50=124ns p95=198ns p99=314ns avg_probe=0.000000 cluster_mean=0.000000 cluster_p99=0.000000
CONFIG filter=quotient dist=uniform n=5000000 target_fpr=0.001 neg_share=0.5 workload=read_only threads=1 load_factor=0.95 fp_bits=12 ops=1500000 warmup_ops=150000 rep=1
run=1 filter=quotient dist=uniform n=5000000 target_fpr=0.001 fp_bits=12 achieved_fpr=0.0003116 bpe=41.943 workload=read_only neg_share=0.5 threads=1 load_factor=0.95 ops_per_s=9.201816e+06 p50=121ns p95=195ns p99=306ns avg_probe=0.000000 cluster_mean=0.000000 cluster_p99=0.000000
CONFIG filter=quotient dist=uniform n=5000000 target_fpr=0.001 neg_share=0.5 workload=read_only threads=1 load_factor=0.95 fp_bits=12 ops=1500000 warmup_ops=150000 rep=2
run=2 filter=quotient dist=uniform n=5000000 target_fpr=0.001 fp_bits=12 achieved_fpr=0.0003116 bpe=41.943 workload=read_only neg_share=0.5 threads=1 load_factor=0.95 ops_per_s=9.137046e+06 p50=121ns p95=197ns p99=308ns avg_probe=0.000000 cluster_mean=0.000000 cluster_p99=0.000000
CONFIG filter=bloom dist=uniform n=10000000 target_fpr=0.05 neg_share=0.5 workload=read_only threads=1 load_factor=0.95 fp_bits=12 ops=1500000 warmup_ops=150000 rep=0
run=0 filter=bloom dist=uniform n=10000000 target_fpr=0.05 fp_bits=12 achieved_fpr=0.1026801 bpe=6.71089 workload=read_only neg_share=0.5 threads=1 load_factor=0.95 ops_per_s=1.395957e+07 p50=36ns p95=139ns p99=231ns
CONFIG filter=bloom dist=uniform n=10000000 target_fpr=0.05 neg_share=0.5 workload=read_only threads=1 load_factor=0.95 fp_bits=12 ops=1500000 warmup_ops=150000 rep=1
run=1 filter=bloom dist=uniform n=10000000 target_fpr=0.05 fp_bits=12 achieved_fpr=0.1026801 bpe=6.71089 workload=read_only neg_share=0.5 threads=1 load_factor=0.95 ops_per_s=1.387719e+07 p50=36ns p95=139ns p99=246ns
CONFIG filter=bloom dist=uniform n=10000000 target_fpr=0.05 neg_share=0.5 workload=read_only threads=1 load_factor=0.95 fp_bits=12 ops=1500000 warmup_ops=150000 rep=2
run=2 filter=bloom dist=uniform n=10000000 target_fpr=0.05 fp_bits=12 achieved_fpr=0.1026801 bpe=6.71089 workload=read_only neg_share=0.5 threads=1 load_factor=0.95 ops_per_s=1.398641e+07 p50=36ns p95=139ns p99=235ns
CONFIG filter=xor dist=uniform n=10000000 target_fpr=0.05 neg_share=0.5 workload=read_only threads=1 load_factor=0.95 fp_bits=8 ops=1500000 warmup_ops=150000 rep=0
run=0 filter=xor dist=uniform n=10000000 target_fpr=0.05 fp_bits=8 achieved_fpr=0.0037006 bpe=26.8435 workload=read_only neg_share=0.5 threads=1 load_factor=0.95 ops_per_s=1.264206e+07 p50=142ns p95=201ns p99=325ns
CONFIG filter=xor dist=uniform n=10000000 target_fpr=0.05 neg_share=0.5 workload=read_only threads=1 load_factor=0.95 fp_bits=8 ops=1500000 warmup_ops=150000 rep=1
run=1 filter=xor dist=uniform n=10000000 target_fpr=0.05 fp_bits=8 achieved_fpr=0.0037006 bpe=26.8435 workload=read_only neg_share=0.5 threads=1 load_factor=0.95 ops_per_s=1.269658e+07 p50=142ns p95=197ns p99=317ns
CONFIG filter=xor dist=uniform n=10000000 target_fpr=0.05 neg_share=0.5 workload=read_only threads=1 load_factor=0.95 fp_bits=8 ops=1500000 warmup_ops=150000 rep=2
run=2 filter=xor dist=uniform n=10000000 target_fpr=0.05 fp_bits=8 achieved_fpr=0.0037006 bpe=26.8435 workload=read_only neg_share=0.5 threads=1 load_factor=0.95 ops_per_s=1.271184e+07 p50=143ns p95=195ns p99=320ns
CONFIG filter=xor dist=uniform n=10000000 target_fpr=0.05 neg_share=0.5 workload=read_only threads=1 load_factor=0.95 fp_bits=12 ops=1500000 warmup_ops=150000 rep=0
run=0 filter=xor dist=uniform n=10000000 target_fpr=0.05 fp_bits=12 achieved_fpr=0.0002385 bpe=26.8435 workload=read_only neg_share=0.5 threads=1 load_factor=0.95 ops_per_s=1.269707e+07 p50=142ns p95=204ns p99=321ns
CONFIG filter=xor dist=uniform n=10000000 target_fpr=0.05 neg_share=0.5 workload=read_only threads=1 load_factor=0.95 fp_bits=12 ops=1500000 warmup_ops=150000 rep=1
run=1 filter=xor dist=uniform n=10000000 target_fpr=0.05 fp_bits=12 achieved_fpr=0.0002385 bpe=26.8435 workload=read_only neg_share=0.5 threads=1 load_factor=0.95 ops_per_s=1.266390e+07 p50=142ns p95=204ns p99=323ns
CONFIG filter=xor dist=uniform n=10000000 target_fpr=0.05 neg_share=0.5 workload=read_only threads=1 load_factor=0.95 fp_bits=12 ops=1500000 warmup_ops=150000 rep=2
run=2 filter=xor dist=uniform n=10000000 target_fpr=0.05 fp_bits=12 achieved_fpr=0.0002385 bpe=26.8435 workload=read_only neg_share=0.5 threads=1 load_factor=0.95 ops_per_s=1.264667e+07 p50=142ns p95=199ns p99=316ns
CONFIG filter=xor dist=uniform n=10000000 target_fpr=0.05 neg_share=0.5 workload=read_only threads=1 load_factor=0.95 fp_bits=16 ops=1500000 warmup_ops=150000 rep=0
run=0 filter=xor dist=uniform n=10000000 target_fpr=0.05 fp_bits=16 achieved_fpr=1.51e-05 bpe=26.8435 workload=read_only neg_share=0.5 threads=1 load_factor=0.95 ops_per_s=1.263999e+07 p50=142ns p95=205ns p99=324ns
CONFIG filter=xor dist=uniform n=10000000 target_fpr=0.05 neg_share=0.5 workload=read_only threads=1 load_factor=0.95 fp_bits=16 ops=1500000 warmup_ops=150000 rep=1
run=1 filter=xor dist=uniform n=10000000 target_fpr=0.05 fp_bits=16 achieved_fpr=1.51e-05 bpe=26.8435 workload=read_only neg_share=0.5 threads=1 load_factor=0.95 ops_per_s=1.265240e+07 p50=142ns p95=203ns p99=325ns
CONFIG filter=xor dist=uniform n=10000000 target_fpr=0.05 neg_share=0.5 workload=read_only threads=1 load_factor=0.95 fp_bits=16 ops=1500000 warmup_ops=150000 rep=2
run=2 filter=xor dist=uniform n=10000000 target_fpr=0.05 fp_bits=16 achieved_fpr=1.51e-05 bpe=26.8435 workload=read_only neg_share=0.5 threads=1 load_factor=0.95 ops_per_s=1.229218e+07 p50=142ns p95=264ns p99=318ns
CONFIG filter=cuckoo dist=uniform n=10000000 target_fpr=0.05 neg_share=0.5 workload=read_only threads=1 load_factor=0.95 fp_bits=8 ops=1500000 warmup_ops=150000 rep=0
run=0 filter=cuckoo dist=uniform n=10000000 target_fpr=0.05 fp_bits=8 achieved_fpr=0.0185641 bpe=26.8435 workload=read_only neg_share=0.5 threads=1 load_factor=0.95 ops_per_s=7.972949e+06 p50=150ns p95=215ns p99=311ns fail_rate=0.000000 avg_kicks=0.000000 stash_hits=0
CONFIG filter=cuckoo dist=uniform n=10000000 target_fpr=0.05 neg_share=0.5 workload=read_only threads=1 load_factor=0.95 fp_bits=8 ops=1500000 warmup_ops=150000 rep=1
run=1 filter=cuckoo dist=uniform n=10000000 target_fpr=0.05 fp_bits=8 achieved_fpr=0.0185641 bpe=26.8435 workload=read_only neg_share=0.5 threads=1 load_factor=0.95 ops_per_s=7.974345e+06 p50=150ns p95=211ns p99=309ns fail_rate=0.000000 avg_kicks=0.000000 stash_hits=0
CONFIG filter=cuckoo dist=uniform n=10000000 target_fpr=0.05 neg_share=0.5 workload=read_only threads=1 load_factor=0.95 fp_bits=8 ops=1500000 warmup_ops=150000 rep=2
run=2 filter=cuckoo dist=uniform n=10000000 target_fpr=0.05 fp_bits=8 achieved_fpr=0.0185641 bpe=26.8435 workload=read_only neg_share=0.5 threads=1 load_factor=0.95 ops_per_s=7.999633e+06 p50=153ns p95=209ns p99=311ns fail_rate=0.000000 avg_kicks=0.000000 stash_hits=0
CONFIG filter=cuckoo dist=uniform n=10000000 target_fpr=0.05 neg_share=0.5 workload=read_only threads=1 load_factor=0.95 fp_bits=12 ops=1500000 warmup_ops=150000 rep=0
run=0 filter=cuckoo dist=uniform n=10000000 target_fpr=0.05 fp_bits=12 achieved_fpr=0.0011611 bpe=26.8435 workload=read_only neg_share=0.5 threads=1 load_factor=0.95 ops_per_s=7.938227e+06 p50=150ns p95=193ns p99=301ns fail_rate=0.000000 avg_kicks=0.000000 stash_hits=0
CONFIG filter=cuckoo dist=uniform n=10000000 target_fpr=0.05 neg_share=0.5 workload=read_only threads=1 load_factor=0.95 fp_bits=12 ops=1500000 warmup_ops=150000 rep=1
run=1 filter=cuckoo dist=uniform n=10000000 target_fpr=0.05 fp_bits=12 achieved_fpr=0.0011611 bpe=26.8435 workload=read_only neg_share=0.5 threads=1 load_factor=0.95 ops_per_s=7.982420e+06 p50=153ns p95=214ns p99=308ns fail_rate=0.000000 avg_kicks=0.000000 stash_hits=0
CONFIG filter=cuckoo dist=uniform n=10000000 target_fpr=0.05 neg_share=0.5 workload=read_only threads=1 load_factor=0.95 fp_bits=12 ops=1500000 warmup_ops=150000 rep=2
run=2 filter=cuckoo dist=uniform n=10000000 target_fpr=0.05 fp_bits=12 achieved_fpr=0.0011611 bpe=26.8435 workload=read_only neg_share=0.5 threads=1 load_factor=0.95 ops_per_s=8.023680e+06 p50=150ns p95=204ns p99=301ns fail_rate=0.000000 avg_kicks=0.000000 stash_hits=0
CONFIG filter=cuckoo dist=uniform n=10000000 target_fpr=0.05 neg_share=0.5 workload=read_only threads=1 load_factor=0.95 fp_bits=16 ops=1500000 warmup_ops=150000 rep=0
run=0 filter=cuckoo dist=uniform n=10000000 target_fpr=0.05 fp_bits=16 achieved_fpr=7.53e-05 bpe=26.8435 workload=read_only neg_share=0.5 threads=1 load_factor=0.95 ops_per_s=7.992458e+06 p50=150ns p95=211ns p99=313ns fail_rate=0.000000 avg_kicks=0.000000 stash_hits=0
CONFIG filter=cuckoo dist=uniform n=10000000 target_fpr=0.05 neg_share=0.5 workload=read_only threads=1 load_factor=0.95 fp_bits=16 ops=1500000 warmup_ops=150000 rep=1
run=1 filter=cuckoo dist=uniform n=10000000 target_fpr=0.05 fp_bits=16 achieved_fpr=7.53e-05 bpe=26.8435 workload=read_only neg_share=0.5 threads=1 load_factor=0.95 ops_per_s=7.960407e+06 p50=150ns p95=205ns p99=297ns fail_rate=0.000000 avg_kicks=0.000000 stash_hits=0
CONFIG filter=cuckoo dist=uniform n=10000000 target_fpr=0.05 neg_share=0.5 workload=read_only threads=1 load_factor=0.95 fp_bits=16 ops=1500000 warmup_ops=150000 rep=2
run=2 filter=cuckoo dist=uniform n=10000000 target_fpr=0.05 fp_bits=16 achieved_fpr=7.53e-05 bpe=26.8435 workload=read_only neg_share=0.5 threads=1 load_factor=0.95 ops_per_s=7.970599e+06 p50=151ns p95=203ns p99=307ns fail_rate=0.000000 avg_kicks=0.000000 stash_hits=0
CONFIG filter=quotient dist=uniform n=10000000 target_fpr=0.05 neg_share=0.5 workload=read_only threads=1 load_factor=0.95 fp_bits=12 ops=1500000 warmup_ops=150000 rep=0
run=0 filter=quotient dist=uniform n=10000000 target_fpr=0.05 fp_bits=12 achieved_fpr=0.0095476 bpe=41.943 workload=read_only neg_share=0.5 threads=1 load_factor=0.95 ops_per_s=8.482216e+06 p50=147ns p95=249ns p99=345ns avg_probe=0.000000 cluster_mean=0.000000 cluster_p99=0.000000
CONFIG filter=quotient dist=uniform n=10000000 target_fpr=0.05 neg_share=0.5 workload=read_only threads=1 load_factor=0.95 fp_bits=12 ops=1500000 warmup_ops=150000 rep=1
run=1 filter=quotient dist=uniform n=10000000 target_fpr=0.05 fp_bits=12 achieved_fpr=0.0095476 bpe=41.943 workload=read_only neg_share=0.5 threads=1 load_factor=0.95 ops_per_s=8.565656e+06 p50=146ns p95=239ns p99=341ns avg_probe=0.000000 cluster_mean=0.000000 cluster_p99=0.000000
CONFIG filter=quotient dist=uniform n=10000000 target_fpr=0.05 neg_share=0.5 workload=read_only threads=1 load_factor=0.95 fp_bits=12 ops=1500000 warmup_ops=150000 rep=2
run=2 filter=quotient dist=uniform n=10000000 target_fpr=0.05 fp_bits=12 achieved_fpr=0.0095476 bpe=41.943 workload=read_only neg_share=0.5 threads=1 load_factor=0.95 ops_per_s=8.548176e+06 p50=147ns p95=240ns p99=338ns avg_probe=0.000000 cluster_mean=0.000000 cluster_p99=0.000000
CONFIG filter=bloom dist=uniform n=10000000 target_fpr=0.01 neg_share=0.5 workload=read_only threads=1 load_factor=0.95 fp_bits=12 ops=1500000 warmup_ops=150000 rep=0
run=0 filter=bloom dist=uniform n=10000000 target_fpr=0.01 fp_bits=12 achieved_fpr=0.0458638 bpe=13.4218 workload=read_only neg_share=0.5 threads=1 load_factor=0.95 ops_per_s=1.041528e+07 p50=50ns p95=160ns p99=264ns
CONFIG filter=bloom dist=uniform n=10000000 target_fpr=0.01 neg_share=0.5 workload=read_only threads=1 load_factor=0.95 fp_bits=12 ops=1500000 warmup_ops=150000 rep=1
run=1 filter=bloom dist=uniform n=10000000 target_fpr=0.01 fp_bits=12 achieved_fpr=0.0458638 bpe=13.4218 workload=read_only neg_share=0.5 threads=1 load_factor=0.95 ops_per_s=1.040052e+07 p50=55ns p95=163ns p99=278ns
CONFIG filter=bloom dist=uniform n=10000000 target_fpr=0.01 neg_share=0.5 workload=read_only threads=1 load_factor=0.95 fp_bits=12 ops=1500000 warmup_ops=150000 rep=2
run=2 filter=bloom dist=uniform n=10000000 target_fpr=0.01 fp_bits=12 achieved_fpr=0.0458638 bpe=13.4218 workload=read_only neg_share=0.5 threads=1 load_factor=0.95 ops_per_s=1.049086e+07 p50=48ns p95=158ns p99=264ns
CONFIG filter=xor dist=uniform n=10000000 target_fpr=0.01 neg_share=0.5 workload=read_only threads=1 load_factor=0.95 fp_bits=8 ops=1500000 warmup_ops=150000 rep=0
run=0 filter=xor dist=uniform n=10000000 target_fpr=0.01 fp_bits=8 achieved_fpr=0.0037006 bpe=26.8435 workload=read_only neg_share=0.5 threads=1 load_factor=0.95 ops_per_s=1.258339e+07 p50=142ns p95=210ns p99=322ns
CONFIG filter=xor dist=uniform n=10000000 target_fpr=0.01 neg_share=0.5 workload=read_only threads=1 load_factor=0.95 fp_bits=8 ops=1500000 warmup_ops=150000 rep=1
run=1 filter=xor dist=uniform n=10000000 target_fpr=0.01 fp_bits=8 achieved_fpr=0.0037006 bpe=26.8435 workload=read_only neg_share=0.5 threads=1 load_factor=0.95 ops_per_s=1.253507e+07 p50=142ns p95=221ns p99=322ns
CONFIG filter=xor dist=uniform n=10000000 target_fpr=0.01 neg_share=0.5 workload=read_only threads=1 load_factor=0.95 fp_bits=8 ops=1500000 warmup_ops=150000 rep=2
run=2 filter=xor dist=uniform n=10000000 target_fpr=0.01 fp_bits=8 achieved_fpr=0.0037006 bpe=26.8435 workload=read_only neg_share=0.5 threads=1 load_factor=0.95 ops_per_s=1.255975e+07 p50=142ns p95=206ns p99=322ns
CONFIG filter=xor dist=uniform n=10000000 target_fpr=0.01 neg_share=0.5 workload=read_only threads=1 load_factor=0.95 fp_bits=12 ops=1500000 warmup_ops=150000 rep=0
run=0 filter=xor dist=uniform n=10000000 target_fpr=0.01 fp_bits=12 achieved_fpr=0.0002385 bpe=26.8435 workload=read_only neg_share=0.5 threads=1 load_factor=0.95 ops_per_s=1.258878e+07 p50=142ns p95=207ns p99=307ns
CONFIG filter=xor dist=uniform n=10000000 target_fpr=0.01 neg_share=0.5 workload=read_only threads=1 load_factor=0.95 fp_bits=12 ops=1500000 warmup_ops=150000 rep=1
run=1 filter=xor dist=uniform n=10000000 target_fpr=0.01 fp_bits=12 achieved_fpr=0.0002385 bpe=26.8435 workload=read_only neg_share=0.5 threads=1 load_factor=0.95 ops_per_s=1.265053e+07 p50=142ns p95=209ns p99=321ns
CONFIG filter=xor dist=uniform n=10000000 target_fpr=0.01 neg_share=0.5 workload=read_only threads=1 load_factor=0.95 fp_bits=12 ops=1500000 warmup_ops=150000 rep=2
run=2 filter=xor dist=uniform n=10000000 target_fpr=0.01 fp_bits=12 achieved_fpr=0.0002385 bpe=26.8435 workload=read_only neg_share=0.5 threads=1 load_factor=0.95 ops_per_s=1.260619e+07 p50=142ns p95=203ns p99=305ns
CONFIG filter=xor dist=uniform n=10000000 target_fpr=0.01 neg_share=0.5 workload=read_only threads=1 load_factor=0.95 fp_bits=16 ops=1500000 warmup_ops=150000 rep=0
run=0 filter=xor dist=uniform n=10000000 target_fpr=0.01 fp_bits=16 achieved_fpr=1.51e-05 bpe=26.8435 workload=read_only neg_share=0.5 threads=1 load_factor=0.95 ops_per_s=1.125253e+07 p50=143ns p95=287ns p99=351ns
CONFIG filter=xor dist=uniform n=10000000 target_fpr=0.01 neg_share=0.5 workload=read_only threads=1 load_factor=0.95 fp_bits=16 ops=1500000 warmup_ops=150000 rep=1
run=1 filter=xor dist=uniform n=10000000 target_fpr=0.01 fp_bits=16 achieved_fpr=1.51e-05 bpe=26.8435 workload=read_only neg_share=0.5 threads=1 load_factor=0.95 ops_per_s=1.265002e+07 p50=142ns p95=207ns p99=317ns
CONFIG filter=xor dist=uniform n=10000000 target_fpr=0.01 neg_share=0.5 workload=read_only threads=1 load_factor=0.95 fp_bits=16 ops=1500000 warmup_ops=150000 rep=2
run=2 filter=xor dist=uniform n=10000000 target_fpr=0.01 fp_bits=16 achieved_fpr=1.51e-05 bpe=26.8435 workload=read_only neg_share=0.5 threads=1 load_factor=0.95 ops_per_s=1.261879e+07 p50=142ns p95=216ns p99=332ns
CONFIG filter=cuckoo dist=uniform n=10000000 target_fpr=0.01 neg_share=0.5 workload=read_only threads=1 load_factor=0.95 fp_bits=8 ops=1500000 warmup_ops=150000 rep=0
run=0 filter=cuckoo dist=uniform n=10000000 target_fpr=0.01 fp_bits=8 achieved_fpr=0.0185641 bpe=26.8435 workload=read_only neg_share=0.5 threads=1 load_factor=0.95 ops_per_s=7.940578e+06 p50=152ns p95=223ns p99=308ns fail_rate=0.000000 avg_kicks=0.000000 stash_hits=0
CONFIG filter=cuckoo dist=uniform n=10000000 target_fpr=0.01 neg_share=0.5 workload=read_only threads=1 load_factor=0.95 fp_bits=8 ops=1500000 warmup_ops=150000 rep=1
run=1 filter=cuckoo dist=uniform n=10000000 target_fpr=0.01 fp_bits=8 achieved_fpr=0.0185641 bpe=26.8435 workload=read_only neg_share=0.5 threads=1 load_factor=0.95 ops_per_s=7.914343e+06 p50=150ns p95=219ns p99=316ns fail_rate=0.000000 avg_kicks=0.000000 stash_hits=0
CONFIG filter=cuckoo dist=uniform n=10000000 target_fpr=0.01 neg_share=0.5 workload=read_only threads=1 load_factor=0.95 fp_bits=8 ops=1500000 warmup_ops=150000 rep=2
run=2 filter=cuckoo dist=uniform n=10000000 target_fpr=0.01 fp_bits=8 achieved_fpr=0.0185641 bpe=26.8435 workload=read_only neg_share=0.5 threads=1 load_factor=0.95 ops_per_s=7.938713e+06 p50=150ns p95=208ns p99=302ns fail_rate=0.000000 avg_kicks=0.000000 stash_hits=0
CONFIG filter=cuckoo dist=uniform n=10000000 target_fpr=0.01 neg_share=0.5 workload=read_only threads=1 load_factor=0.95 fp_bits=12 ops=1500000 warmup_ops=150000 rep=0
run=0 filter=cuckoo dist=uniform n=10000000 target_fpr=0.01 fp_bits=12 achieved_fpr=0.0011611 bpe=26.8435 workload=read_only neg_share=0.5 threads=1 load_factor=0.95 ops_per_s=7.985695e+06 p50=150ns p95=206ns p99=314ns fail_rate=0.000000 avg_kicks=0.000000 stash_hits=0
CONFIG filter=cuckoo dist=uniform n=10000000 target_fpr=0.01 neg_share=0.5 workload=read_only threads=1 load_factor=0.95 fp_bits=12 ops=1500000 warmup_ops=150000 rep=1
run=1 filter=cuckoo dist=uniform n=10000000 target_fpr=0.01 fp_bits=12 achieved_fpr=0.0011611 bpe=26.8435 workload=read_only neg_share=0.5 threads=1 load_factor=0.95 ops_per_s=7.951323e+06 p50=150ns p95=218ns p99=313ns fail_rate=0.000000 avg_kicks=0.000000 stash_hits=0
CONFIG filter=cuckoo dist=uniform n=10000000 target_fpr=0.01 neg_share=0.5 workload=read_only threads=1 load_factor=0.95 fp_bits=12 ops=1500000 warmup_ops=150000 rep=2
run=2 filter=cuckoo dist=uniform n=10000000 target_fpr=0.01 fp_bits=12 achieved_fpr=0.0011611 bpe=26.8435 workload=read_only neg_share=0.5 threads=1 load_factor=0.95 ops_per_s=7.859542e+06 p50=150ns p95=213ns p99=311ns fail_rate=0.000000 avg_kicks=0.000000 stash_hits=0
CONFIG filter=cuckoo dist=uniform n=10000000 target_fpr=0.01 neg_share=0.5 workload=read_only threads=1 load_factor=0.95 fp_bits=16 ops=1500000 warmup_ops=150000 rep=0
run=0 filter=cuckoo dist=uniform n=10000000 target_fpr=0.01 fp_bits=16 achieved_fpr=7.53e-05 bpe=26.8435 workload=read_only neg_share=0.5 threads=1 load_factor=0.95 ops_per_s=7.903718e+06 p50=150ns p95=213ns p99=315ns fail_rate=0.000000 avg_kicks=0.000000 stash_hits=0
CONFIG filter=cuckoo dist=uniform n=10000000 target_fpr=0.01 neg_share=0.5 workload=read_only threads=1 load_factor=0.95 fp_bits=16 ops=1500000 warmup_ops=150000 rep=1
run=1 filter=cuckoo dist=uniform n=10000000 target_fpr=0.01 fp_bits=16 achieved_fpr=7.53e-05 bpe=26.8435 workload=read_only neg_share=0.5 threads=1 load_factor=0.95 ops_per_s=7.954099e+06 p50=150ns p95=215ns p99=301ns fail_rate=0.000000 avg_kicks=0.000000 stash_hits=0
CONFIG filter=cuckoo dist=uniform n=10000000 target_fpr=0.01 neg_share=0.5 workload=read_only threads=1 load_factor=0.95 fp_bits=16 ops=1500000 warmup_ops=150000 rep=2
run=2 filter=cuckoo dist=uniform n=10000000 target_fpr=0.01 fp_bits=16 achieved_fpr=7.53e-05 bpe=26.8435 workload=read_only neg_share=0.5 threads=1 load_factor=0.95 ops_per_s=7.928940e+06 p50=150ns p95=219ns p99=308ns fail_rate=0.000000 avg_kicks=0.000000 stash_hits=0
CONFIG filter=quotient dist=uniform n=10000000 target_fpr=0.01 neg_share=0.5 workload=read_only threads=1 load_factor=0.95 fp_bits=12 ops=1500000 warmup_ops=150000 rep=0
run=0 filter=quotient dist=uniform n=10000000 target_fpr=0.01 fp_bits=12 achieved_fpr=0.0023584 bpe=41.943 workload=read_only neg_share=0.5 threads=1 load_factor=0.95 ops_per_s=8.548911e+06 p50=146ns p95=233ns p99=344ns avg_probe=0.000000 cluster_mean=0.000000 cluster_p99=0.000000
CONFIG filter=quotient dist=uniform n=10000000 target_fpr=0.01 neg_share=0.5 workload=read_only threads=1 load_factor=0.95 fp_bits=12 ops=1500000 warmup_ops=150000 rep=1
run=1 filter=quotient dist=uniform n=10000000 target_fpr=0.01 fp_bits=12 achieved_fpr=0.0023584 bpe=41.943 workload=read_only neg_share=0.5 threads=1 load_factor=0.95 ops_per_s=8.505659e+06 p50=146ns p95=233ns p99=329ns avg_probe=0.000000 cluster_mean=0.000000 cluster_p99=0.000000
CONFIG filter=quotient dist=uniform n=10000000 target_fpr=0.01 neg_share=0.5 workload=read_only threads=1 load_factor=0.95 fp_bits=12 ops=1500000 warmup_ops=150000 rep=2
run=2 filter=quotient dist=uniform n=10000000 target_fpr=0.01 fp_bits=12 achieved_fpr=0.0023584 bpe=41.943 workload=read_only neg_share=0.5 threads=1 load_factor=0.95 ops_per_s=8.456295e+06 p50=147ns p95=244ns p99=339ns avg_probe=0.000000 cluster_mean=0.000000 cluster_p99=0.000000
CONFIG filter=bloom dist=uniform n=10000000 target_fpr=0.001 neg_share=0.5 workload=read_only threads=1 load_factor=0.95 fp_bits=12 ops=1500000 warmup_ops=150000 rep=0
run=0 filter=bloom dist=uniform n=10000000 target_fpr=0.001 fp_bits=12 achieved_fpr=0.0225718 bpe=26.8435 workload=read_only neg_share=0.5 threads=1 load_factor=0.95 ops_per_s=8.868849e+06 p50=143ns p95=176ns p99=307ns
CONFIG filter=bloom dist=uniform n=10000000 target_fpr=0.001 neg_share=0.5 workload=read_only threads=1 load_factor=0.95 fp_bits=12 ops=1500000 warmup_ops=150000 rep=1
run=1 filter=bloom dist=uniform n=10000000 target_fpr=0.001 fp_bits=12 achieved_fpr=0.0225718 bpe=26.8435 workload=read_only neg_share=0.5 threads=1 load_factor=0.95 ops_per_s=8.876905e+06 p50=143ns p95=173ns p99=292ns
CONFIG filter=bloom dist=uniform n=10000000 target_fpr=0.001 neg_share=0.5 workload=read_only threads=1 load_factor=0.95 fp_bits=12 ops=1500000 warmup_ops=150000 rep=2
run=2 filter=bloom dist=uniform n=10000000 target_fpr=0.001 fp_bits=12 achieved_fpr=0.0225718 bpe=26.8435 workload=read_only neg_share=0.5 threads=1 load_factor=0.95 ops_per_s=8.862261e+06 p50=143ns p95=174ns p99=303ns
CONFIG filter=xor dist=uniform n=10000000 target_fpr=0.001 neg_share=0.5 workload=read_only threads=1 load_factor=0.95 fp_bits=8 ops=1500000 warmup_ops=150000 rep=0
run=0 filter=xor dist=uniform n=10000000 target_fpr=0.001 fp_bits=8 achieved_fpr=0.0037006 bpe=26.8435 workload=read_only neg_share=0.5 threads=1 load_factor=0.95 ops_per_s=1.253259e+07 p50=142ns p95=219ns p99=329ns
CONFIG filter=xor dist=uniform n=10000000 target_fpr=0.001 neg_share=0.5 workload=read_only threads=1 load_factor=0.95 fp_bits=8 ops=1500000 warmup_ops=150000 rep=1
run=1 filter=xor dist=uniform n=10000000 target_fpr=0.001 fp_bits=8 achieved_fpr=0.0037006 bpe=26.8435 workload=read_only neg_share=0.5 threads=1 load_factor=0.95 ops_per_s=1.258954e+07 p50=142ns p95=207ns p99=310ns
CONFIG filter=xor dist=uniform n=10000000 target_fpr=0.001 neg_share=0.5 workload=read_only threads=1 load_factor=0.95 fp_bits=8 ops=1500000 warmup_ops=150000 rep=2
run=2 filter=xor dist=uniform n=10000000 target_fpr=0.001 fp_bits=8 achieved_fpr=0.0037006 bpe=26.8435 workload=read_only neg_share=0.5 threads=1 load_factor=0.95 ops_per_s=1.257175e+07 p50=142ns p95=209ns p99=318ns
CONFIG filter=xor dist=uniform n=10000000 target_fpr=0.001 neg_share=0.5 workload=read_only threads=1 load_factor=0.95 fp_bits=12 ops=1500000 warmup_ops=150000 rep=0
run=0 filter=xor dist=uniform n=10000000 target_fpr=0.001 fp_bits=12 achieved_fpr=0.0002385 bpe=26.8435 workload=read_only neg_share=0.5 threads=1 load_factor=0.95 ops_per_s=1.259476e+07 p50=142ns p95=227ns p99=318ns
CONFIG filter=xor dist=uniform n=10000000 target_fpr=0.001 neg_share=0.5 workload=read_only threads=1 load_factor=0.95 fp_bits=12 ops=1500000 warmup_ops=150000 rep=1
run=1 filter=xor dist=uniform n=10000000 target_fpr=0.001 fp_bits=12 achieved_fpr=0.0002385 bpe=26.8435 workload=read_only neg_share=0.5 threads=1 load_factor=0.95 ops_per_s=1.259187e+07 p50=142ns p95=219ns p99=330ns
CONFIG filter=xor dist=uniform n=10000000 target_fpr=0.001 neg_share=0.5 workload=read_only threads=1 load_factor=0.95 fp_bits=12 ops=1500000 warmup_ops=150000 rep=2
run=2 filter=xor dist=uniform n=10000000 target_fpr=0.001 fp_bits=12 achieved_fpr=0.0002385 bpe=26.8435 workload=read_only neg_share=0.5 threads=1 load_factor=0.95 ops_per_s=1.254120e+07 p50=142ns p95=209ns p99=325ns
CONFIG filter=xor dist=uniform n=10000000 target_fpr=0.001 neg_share=0.5 workload=read_only threads=1 load_factor=0.95 fp_bits=16 ops=1500000 warmup_ops=150000 rep=0
run=0 filter=xor dist=uniform n=10000000 target_fpr=0.001 fp_bits=16 achieved_fpr=1.51e-05 bpe=26.8435 workload=read_only neg_share=0.5 threads=1 load_factor=0.95 ops_per_s=1.255294e+07 p50=142ns p95=215ns p99=319ns
CONFIG filter=xor dist=uniform n=10000000 target_fpr=0.001 neg_share=0.5 workload=read_only threads=1 load_factor=0.95 fp_bits=16 ops=1500000 warmup_ops=150000 rep=1
run=1 filter=xor dist=uniform n=10000000 target_fpr=0.001 fp_bits=16 achieved_fpr=1.51e-05 bpe=26.8435 workload=read_only neg_share=0.5 threads=1 load_factor=0.95 ops_per_s=1.259853e+07 p50=142ns p95=214ns p99=323ns
CONFIG filter=xor dist=uniform n=10000000 target_fpr=0.001 neg_share=0.5 workload=read_only threads=1 load_factor=0.95 fp_bits=16 ops=1500000 warmup_ops=150000 rep=2
run=2 filter=xor dist=uniform n=10000000 target_fpr=0.001 fp_bits=16 achieved_fpr=1.51e-05 bpe=26.8435 workload=read_only neg_share=0.5 threads=1 load_factor=0.95 ops_per_s=1.212317e+07 p50=142ns p95=272ns p99=329ns
CONFIG filter=cuckoo dist=uniform n=10000000 target_fpr=0.001 neg_share=0.5 workload=read_only threads=1 load_factor=0.95 fp_bits=8 ops=1500000 warmup_ops=150000 rep=0
run=0 filter=cuckoo dist=uniform n=10000000 target_fpr=0.001 fp_bits=8 achieved_fpr=0.0185641 bpe=26.8435 workload=read_only neg_share=0.5 threads=1 load_factor=0.95 ops_per_s=7.904680e+06 p50=150ns p95=200ns p99=303ns fail_rate=0.000000 avg_kicks=0.000000 stash_hits=0
CONFIG filter=cuckoo dist=uniform n=10000000 target_fpr=0.001 neg_share=0.5 workload=read_only threads=1 load_factor=0.95 fp_bits=8 ops=1500000 warmup_ops=150000 rep=1
run=1 filter=cuckoo dist=uniform n=10000000 target_fpr=0.001 fp_bits=8 achieved_fpr=0.0185641 bpe=26.8435 workload=read_only neg_share=0.5 threads=1 load_factor=0.95 ops_per_s=7.922657e+06 p50=150ns p95=202ns p99=320ns fail_rate=0.000000 avg_kicks=0.000000 stash_hits=0
CONFIG filter=cuckoo dist=uniform n=10000000 target_fpr=0.001 neg_share=0.5 workload=read_only threads=1 load_factor=0.95 fp_bits=8 ops=1500000 warmup_ops=150000 rep=2
run=2 filter=cuckoo dist=uniform n=10000000 target_fpr=0.001 fp_bits=8 achieved_fpr=0.0185641 bpe=26.8435 workload=read_only neg_share=0.5 threads=1 load_factor=0.95 ops_per_s=7.939537e+06 p50=150ns p95=226ns p99=307ns fail_rate=0.000000 avg_kicks=0.000000 stash_hits=0
CONFIG filter=cuckoo dist=uniform n=10000000 target_fpr=0.001 neg_share=0.5 workload=read_only threads=1 load_factor=0.95 fp_bits=12 ops=1500000 warmup_ops=150000 rep=0
run=0 filter=cuckoo dist=uniform n=10000000 target_fpr=0.001 fp_bits=12 achieved_fpr=0.0011611 bpe=26.8435 workload=read_only neg_share=0.5 threads=1 load_factor=0.95 ops_per_s=7.654376e+06 p50=151ns p95=277ns p99=323ns fail_rate=0.000000 avg_kicks=0.000000 stash_hits=0
CONFIG filter=cuckoo dist=uniform n=10000000 target_fpr=0.001 neg_share=0.5 workload=read_only threads=1 load_factor=0.95 fp_bits=12 ops=1500000 warmup_ops=150000 rep=1
run=1 filter=cuckoo dist=uniform n=10000000 target_fpr=0.001 fp_bits=12 achieved_fpr=0.0011611 bpe=26.8435 workload=read_only neg_share=0.5 threads=1 load_factor=0.95 ops_per_s=7.894408e+06 p50=151ns p95=219ns p99=304ns fail_rate=0.000000 avg_kicks=0.000000 stash_hits=0
CONFIG filter=cuckoo dist=uniform n=10000000 target_fpr=0.001 neg_share=0.5 workload=read_only threads=1 load_factor=0.95 fp_bits=12 ops=1500000 warmup_ops=150000 rep=2
run=2 filter=cuckoo dist=uniform n=10000000 target_fpr=0.001 fp_bits=12 achieved_fpr=0.0011611 bpe=26.8435 workload=read_only neg_share=0.5 threads=1 load_factor=0.95 ops_per_s=7.944420e+06 p50=150ns p95=224ns p99=316ns fail_rate=0.000000 avg_kicks=0.000000 stash_hits=0
CONFIG filter=cuckoo dist=uniform n=10000000 target_fpr=0.001 neg_share=0.5 workload=read_only threads=1 load_factor=0.95 fp_bits=16 ops=1500000 warmup_ops=150000 rep=0
run=0 filter=cuckoo dist=uniform n=10000000 target_fpr=0.001 fp_bits=16 achieved_fpr=7.53e-05 bpe=26.8435 workload=read_only neg_share=0.5 threads=1 load_factor=0.95 ops_per_s=7.944750e+06 p50=152ns p95=208ns p99=309ns fail_rate=0.000000 avg_kicks=0.000000 stash_hits=0
CONFIG filter=cuckoo dist=uniform n=10000000 target_fpr=0.001 neg_share=0.5 workload=read_only threads=1 load_factor=0.95 fp_bits=16 ops=1500000 warmup_ops=150000 rep=1
run=1 filter=cuckoo dist=uniform n=10000000 target_fpr=0.001 fp_bits=16 achieved_fpr=7.53e-05 bpe=26.8435 workload=read_only neg_share=0.5 threads=1 load_factor=0.95 ops_per_s=7.924530e+06 p50=150ns p95=206ns p99=313ns fail_rate=0.000000 avg_kicks=0.000000 stash_hits=0
CONFIG filter=cuckoo dist=uniform n=10000000 target_fpr=0.001 neg_share=0.5 workload=read_only threads=1 load_factor=0.95 fp_bits=16 ops=1500000 warmup_ops=150000 rep=2
run=2 filter=cuckoo dist=uniform n=10000000 target_fpr=0.001 fp_bits=16 achieved_fpr=7.53e-05 bpe=26.8435 workload=read_only neg_share=0.5 threads=1 load_factor=0.95 ops_per_s=7.999738e+06 p50=150ns p95=216ns p99=305ns fail_rate=0.000000 avg_kicks=0.000000 stash_hits=0
CONFIG filter=quotient dist=uniform n=10000000 target_fpr=0.001 neg_share=0.5 workload=read_only threads=1 load_factor=0.95 fp_bits=12 ops=1500000 warmup_ops=150000 rep=0
run=0 filter=quotient dist=uniform n=10000000 target_fpr=0.001 fp_bits=12 achieved_fpr=0.0002885 bpe=41.943 workload=read_only neg_share=0.5 threads=1 load_factor=0.95 ops_per_s=8.465589e+06 p50=146ns p95=243ns p99=342ns avg_probe=0.000000 cluster_mean=0.000000 cluster_p99=0.000000
CONFIG filter=quotient dist=uniform n=10000000 target_fpr=0.001 neg_share=0.5 workload=read_only threads=1 load_factor=0.95 fp_bits=12 ops=1500000 warmup_ops=150000 rep=1
run=1 filter=quotient dist=uniform n=10000000 target_fpr=0.001 fp_bits=12 achieved_fpr=0.0002885 bpe=41.943 workload=read_only neg_share=0.5 threads=1 load_factor=0.95 ops_per_s=8.514706e+06 p50=147ns p95=238ns p99=343ns avg_probe=0.000000 cluster_mean=0.000000 cluster_p99=0.000000
CONFIG filter=quotient dist=uniform n=10000000 target_fpr=0.001 neg_share=0.5 workload=read_only threads=1 load_factor=0.95 fp_bits=12 ops=1500000 warmup_ops=150000 rep=2
run=2 filter=quotient dist=uniform n=10000000 target_fpr=0.001 fp_bits=12 achieved_fpr=0.0002885 bpe=41.943 workload=read_only neg_share=0.5 threads=1 load_factor=0.95 ops_per_s=8.401364e+06 p50=147ns p95=246ns p99=346ns avg_probe=0.000000 cluster_mean=0.000000 cluster_p99=0.000000
CONFIG filter=bloom dist=sequential n=1000000 target_fpr=0.05 neg_share=0.5 workload=read_only threads=1 load_factor=0.95 fp_bits=12 ops=1500000 warmup_ops=150000 rep=0
run=0 filter=bloom dist=sequential n=1000000 target_fpr=0.05 fp_bits=12 achieved_fpr=0.076799 bpe=8.38861 workload=read_only neg_share=0.5 threads=1 load_factor=0.95 ops_per_s=2.306426e+07 p50=26ns p95=40ns p99=54ns
CONFIG filter=bloom dist=sequential n=1000000 target_fpr=0.05 neg_share=0.5 workload=read_only threads=1 load_factor=0.95 fp_bits=12 ops=1500000 warmup_ops=150000 rep=1
run=1 filter=bloom dist=sequential n=1000000 target_fpr=0.05 fp_bits=12 achieved_fpr=0.076799 bpe=8.38861 workload=read_only neg_share=0.5 threads=1 load_factor=0.95 ops_per_s=2.051784e+07 p50=28ns p95=42ns p99=56ns
CONFIG filter=bloom dist=sequential n=1000000 target_fpr=0.05 neg_share=0.5 workload=read_only threads=1 load_factor=0.95 fp_bits=12 ops=1500000 warmup_ops=150000 rep=2
run=2 filter=bloom dist=sequential n=1000000 target_fpr=0.05 fp_bits=12 achieved_fpr=0.076799 bpe=8.38861 workload=read_only neg_share=0.5 threads=1 load_factor=0.95 ops_per_s=2.400804e+07 p50=26ns p95=40ns p99=52ns
CONFIG filter=xor dist=sequential n=1000000 target_fpr=0.05 neg_share=0.5 workload=read_only threads=1 load_factor=0.95 fp_bits=8 ops=1500000 warmup_ops=150000 rep=0
run=0 filter=xor dist=sequential n=1000000 target_fpr=0.05 fp_bits=8 achieved_fpr=0.003361 bpe=33.5544 workload=read_only neg_share=0.5 threads=1 load_factor=0.95 ops_per_s=1.801707e+07 p50=31ns p95=37ns p99=221ns
CONFIG filter=xor dist=sequential n=1000000 target_fpr=0.05 neg_share=0.5 workload=read_only threads=1 load_factor=0.95 fp_bits=8 ops=1500000 warmup_ops=150000 rep=1
run=1 filter=xor dist=sequential n=1000000 target_fpr=0.05 fp_bits=8 achieved_fpr=0.003361 bpe=33.5544 workload=read_only neg_share=0.5 threads=1 load_factor=0.95 ops_per_s=1.772284e+07 p50=31ns p95=37ns p99=222ns
CONFIG filter=xor dist=sequential n=1000000 target_fpr=0.05 neg_share=0.5 workload=read_only threads=1 load_factor=0.95 fp_bits=8 ops=1500000 warmup_ops=150000 rep=2
run=2 filter=xor dist=sequential n=1000000 target_fpr=0.05 fp_bits=8 achieved_fpr=0.003361 bpe=33.5544 workload=read_only neg_share=0.5 threads=1 load_factor=0.95 ops_per_s=1.711056e+07 p50=32ns p95=38ns p99=222ns
CONFIG filter=xor dist=sequential n=1000000 target_fpr=0.05 neg_share=0.5 workload=read_only threads=1 load_factor=0.95 fp_bits=12 ops=1500000 warmup_ops=150000 rep=0
run=0 filter=xor dist=sequential n=1000000 target_fpr=0.05 fp_bits=12 achieved_fpr=0.00019 bpe=33.5544 workload=read_only neg_share=0.5 threads=1 load_factor=0.95 ops_per_s=1.694101e+07 p50=31ns p95=38ns p99=260ns
CONFIG filter=xor dist=sequential n=1000000 target_fpr=0.05 neg_share=0.5 workload=read_only threads=1 load_factor=0.95 fp_bits=12 ops=1500000 warmup_ops=150000 rep=1
run=1 filter=xor dist=sequential n=1000000 target_fpr=0.05 fp_bits=12 achieved_fpr=0.00019 bpe=33.5544 workload=read_only neg_share=0.5 threads=1 load_factor=0.95 ops_per_s=1.683739e+07 p50=31ns p95=39ns p99=285ns
CONFIG filter=xor dist=sequential n=1000000 target_fpr=0.05 neg_share=0.5 workload=read_only threads=1 load_factor=0.95 fp_bits=12 ops=1500000 warmup_ops=150000 rep=2
run=2 filter=xor dist=sequential n=1000000 target_fpr=0.05 fp_bits=12 achieved_fpr=0.00019 bpe=33.5544 workload=read_only neg_share=0.5 threads=1 load_factor=0.95 ops_per_s=1.737044e+07 p50=32ns p95=38ns p99=219ns
CONFIG filter=xor dist=sequential n=1000000 target_fpr=0.05 neg_share=0.5 workload=read_only threads=1 load_factor=0.95 fp_bits=16 ops=1500000 warmup_ops=150000 rep=0
run=0 filter=xor dist=sequential n=1000000 target_fpr=0.05 fp_bits=16 achieved_fpr=1.4e-05 bpe=33.5544 workload=read_only neg_share=0.5 threads=1 load_factor=0.95 ops_per_s=1.741428e+07 p50=31ns p95=38ns p99=221ns
CONFIG filter=xor dist=sequential n=1000000 target_fpr=0.05 neg_share=0.5 workload=read_only threads=1 load_factor=0.95 fp_bits=16 ops=1500000 warmup_ops=150000 rep=1
run=1 filter=xor dist=sequential n=1000000 target_fpr=0.05 fp_bits=16 achieved_fpr=1.4e-05 bpe=33.5544 workload=read_only neg_share=0.5 threads=1 load_factor=0.95 ops_per_s=1.746230e+07 p50=31ns p95=38ns p99=297ns
CONFIG filter=xor dist=sequential n=1000000 target_fpr=0.05 neg_share=0.5 workload=read_only threads=1 load_factor=0.95 fp_bits=16 ops=1500000 warmup_ops=150000 rep=2
run=2 filter=xor dist=sequential n=1000000 target_fpr=0.05 fp_bits=16 achieved_fpr=1.4e-05 bpe=33.5544 workload=read_only neg_share=0.5 threads=1 load_factor=0.95 ops_per_s=1.859462e+07 p50=31ns p95=37ns p99=219ns
CONFIG filter=cuckoo dist=sequential n=1000000 target_fpr=0.05 neg_share=0.5 workload=read_only threads=1 load_factor=0.95 fp_bits=8 ops=1500000 warmup_ops=150000 rep=0
run=0 filter=cuckoo dist=sequential n=1000000 target_fpr=0.05 fp_bits=8 achieved_fpr=0.014904 bpe=33.5544 workload=read_only neg_share=0.5 threads=1 load_factor=0.95 ops_per_s=1.161713e+07 p50=43ns p95=67ns p99=244ns fail_rate=0.000000 avg_kicks=0.000000 stash_hits=0
CONFIG filter=cuckoo dist=sequential n=1000000 target_fpr=0.05 neg_share=0.5 workload=read_only threads=1 load_factor=0.95 fp_bits=8 ops=1500000 warmup_ops=150000 rep=1
run=1 filter=cuckoo dist=sequential n=1000000 target_fpr=0.05 fp_bits=8 achieved_fpr=0.014904 bpe=33.5544 workload=read_only neg_share=0.5 threads=1 load_factor=0.95 ops_per_s=1.236409e+07 p50=40ns p95=55ns p99=235ns fail_rate=0.000000 avg_kicks=0.000000 stash_hits=0
CONFIG filter=cuckoo dist=sequential n=1000000 target_fpr=0.05 neg_share=0.5 workload=read_only threads=1 load_factor=0.95 fp_bits=8 ops=1500000 warmup_ops=150000 rep=2
run=2 filter=cuckoo dist=sequential n=1000000 target_fpr=0.05 fp_bits=8 achieved_fpr=0.014904 bpe=33.5544 workload=read_only neg_share=0.5 threads=1 load_factor=0.95 ops_per_s=1.190169e+07 p50=40ns p95=55ns p99=238ns fail_rate=0.000000 avg_kicks=0.000000 stash_hits=0
CONFIG filter=cuckoo dist=sequential n=1000000 target_fpr=0.05 neg_share=0.5 workload=read_only threads=1 load_factor=0.95 fp_bits=12 ops=1500000 warmup_ops=150000 rep=0
run=0 filter=cuckoo dist=sequential n=1000000 target_fpr=0.05 fp_bits=12 achieved_fpr=0.00091 bpe=33.5544 workload=read_only neg_share=0.5 threads=1 load_factor=0.95 ops_per_s=1.242929e+07 p50=40ns p95=56ns p99=280ns fail_rate=0.000000 avg_kicks=0.000000 stash_hits=0
CONFIG filter=cuckoo dist=sequential n=1000000 target_fpr=0.05 neg_share=0.5 workload=read_only threads=1 load_factor=0.95 fp_bits=12 ops=1500000 warmup_ops=150000 rep=1
run=1 filter=cuckoo dist=sequential n=1000000 target_fpr=0.05 fp_bits=12 achieved_fpr=0.00091 bpe=33.5544 workload=read_only neg_share=0.5 threads=1 load_factor=0.95 ops_per_s=1.135694e+07 p50=40ns p95=58ns p99=299ns fail_rate=0.000000 avg_kicks=0.000000 stash_hits=0
CONFIG filter=cuckoo dist=sequential n=1000000 target_fpr=0.05 neg_share=0.5 workload=read_only threads=1 load_factor=0.95 fp_bits=12 ops=1500000 warmup_ops=150000 rep=2
run=2 filter=cuckoo dist=sequential n=1000000 target_fpr=0.05 fp_bits=12 achieved_fpr=0.00091 bpe=33.5544 workload=read_only neg_share=0.5 threads=1 load_factor=0.95 ops_per_s=1.228213e+07 p50=40ns p95=56ns p99=294ns fail_rate=0.000000 avg_kicks=0.000000 stash_hits=0
CONFIG filter=cuckoo dist=sequential n=1000000 target_fpr=0.05 neg_share=0.5 workload=read_only threads=1 load_factor=0.95 fp_bits=16 ops=1500000 warmup_ops=150000 rep=0
run=0 filter=cuckoo dist=sequential n=1000000 target_fpr=0.05 fp_bits=16 achieved_fpr=5.5e-05 bpe=33.5544 workload=read_only neg_share=0.5 threads=1 load_factor=0.95 ops_per_s=1.180001e+07 p50=40ns p95=56ns p99=283ns fail_rate=0.000000 avg_kicks=0.000000 stash_hits=0
CONFIG filter=cuckoo dist=sequential n=1000000 target_fpr=0.05 neg_share=0.5 workload=read_only threads=1 load_factor=0.95 fp_bits=16 ops=1500000 warmup_ops=150000 rep=1
run=1 filter=cuckoo dist=sequential n=1000000 target_fpr=0.05 fp_bits=16 achieved_fpr=5.5e-05 bpe=33.5544 workload=read_only neg_share=0.5 threads=1 load_factor=0.95 ops_per_s=1.218022e+07 p50=40ns p95=57ns p99=285ns fail_rate=0.000000 avg_kicks=0.000000 stash_hits=0
CONFIG filter=cuckoo dist=sequential n=1000000 target_fpr=0.05 neg_share=0.5 workload=read_only threads=1 load_factor=0.95 fp_bits=16 ops=1500000 warmup_ops=150000 rep=2
run=2 filter=cuckoo dist=sequential n=1000000 target_fpr=0.05 fp_bits=16 achieved_fpr=5.5e-05 bpe=33.5544 workload=read_only neg_share=0.5 threads=1 load_factor=0.95 ops_per_s=1.197008e+07 p50=41ns p95=58ns p99=276ns fail_rate=0.000000 avg_kicks=0.000000 stash_hits=0
CONFIG filter=quotient dist=sequential n=1000000 target_fpr=0.05 neg_share=0.5 workload=read_only threads=1 load_factor=0.95 fp_bits=12 ops=1500000 warmup_ops=150000 rep=0
run=0 filter=quotient dist=sequential n=1000000 target_fpr=0.05 fp_bits=12 achieved_fpr=0.007792 bpe=52.4288 workload=read_only neg_share=0.5 threads=1 load_factor=0.95 ops_per_s=9.907698e+06 p50=43ns p95=237ns p99=321ns avg_probe=0.000000 cluster_mean=0.000000 cluster_p99=0.000000
CONFIG filter=quotient dist=sequential n=1000000 target_fpr=0.05 neg_share=0.5 workload=read_only threads=1 load_factor=0.95 fp_bits=12 ops=1500000 warmup_ops=150000 rep=1
run=1 filter=quotient dist=sequential n=1000000 target_fpr=0.05 fp_bits=12 achieved_fpr=0.007792 bpe=52.4288 workload=read_only neg_share=0.5 threads=1 load_factor=0.95 ops_per_s=1.085727e+07 p50=40ns p95=210ns p99=302ns avg_probe=0.000000 cluster_mean=0.000000 cluster_p99=0.000000
CONFIG filter=quotient dist=sequential n=1000000 target_fpr=0.05 neg_share=0.5 workload=read_only threads=1 load_factor=0.95 fp_bits=12 ops=1500000 warmup_ops=150000 rep=2
run=2 filter=quotient dist=sequential n=1000000 target_fpr=0.05 fp_bits=12 achieved_fpr=0.007792 bpe=52.4288 workload=read_only neg_share=0.5 threads=1 load_factor=0.95 ops_per_s=9.913644e+06 p50=41ns p95=216ns p99=315ns avg_probe=0.000000 cluster_mean=0.000000 cluster_p99=0.000000
CONFIG filter=bloom dist=sequential n=1000000 target_fpr=0.01 neg_share=0.5 workload=read_only threads=1 load_factor=0.95 fp_bits=12 ops=1500000 warmup_ops=150000 rep=0
run=0 filter=bloom dist=sequential n=1000000 target_fpr=0.01 fp_bits=12 achieved_fpr=0.035322 bpe=16.7772 workload=read_only neg_share=0.5 threads=1 load_factor=0.95 ops_per_s=1.983409e+07 p50=29ns p95=44ns p99=57ns
CONFIG filter=bloom dist=sequential n=1000000 target_fpr=0.01 neg_share=0.5 workload=read_only threads=1 load_factor=0.95 fp_bits=12 ops=1500000 warmup_ops=150000 rep=1
run=1 filter=bloom dist=sequential n=1000000 target_fpr=0.01 fp_bits=12 achieved_fpr=0.035322 bpe=16.7772 workload=read_only neg_share=0.5 threads=1 load_factor=0.95 ops_per_s=1.858484e+07 p50=32ns p95=47ns p99=62ns
CONFIG filter=bloom dist=sequential n=1000000 target_fpr=0.01 neg_share=0.5 workload=read_only threads=1 load_factor=0.95 fp_bits=12 ops=1500000 warmup_ops=150000 rep=2
run=2 filter=bloom dist=sequential n=1000000 target_fpr=0.01 fp_bits=12 achieved_fpr=0.035322 bpe=16.7772 workload=read_only neg_share=0.5 threads=1 load_factor=0.95 ops_per_s=1.988642e+07 p50=31ns p95=46ns p99=58ns
CONFIG filter=xor dist=sequential n=1000000 target_fpr=0.01 neg_share=0.5 workload=read_only threads=1 load_factor=0.95 fp_bits=8 ops=1500000 warmup_ops=150000 rep=0
run=0 filter=xor dist=sequential n=1000000 target_fpr=0.01 fp_bits=8 achieved_fpr=0.003361 bpe=33.5544 workload=read_only neg_share=0.5 threads=1 load_factor=0.95 ops_per_s=1.702487e+07 p50=32ns p95=38ns p99=221ns
CONFIG filter=xor dist=sequential n=1000000 target_fpr=0.01 neg_share=0.5 workload=read_only threads=1 load_factor=0.95 fp_bits=8 ops=1500000 warmup_ops=150000 rep=1
run=1 filter=xor dist=sequential n=1000000 target_fpr=0.01 fp_bits=8 achieved_fpr=0.003361 bpe=33.5544 workload=read_only neg_share=0.5 threads=1 load_factor=0.95 ops_per_s=1.731671e+07 p50=31ns p95=38ns p99=232ns
CONFIG filter=xor dist=sequential n=1000000 target_fpr=0.01 neg_share=0.5 workload=read_only threads=1 load_factor=0.95 fp_bits=8 ops=1500000 warmup_ops=150000 rep=2
run=2 filter=xor dist=sequential n=1000000 target_fpr=0.01 fp_bits=8 achieved_fpr=0.003361 bpe=33.5544 workload=read_only neg_share=0.5 threads=1 load_factor=0.95 ops_per_s=1.657091e+07 p50=32ns p95=40ns p99=298ns
CONFIG filter=xor dist=sequential n=1000000 target_fpr=0.01 neg_share=0.5 workload=read_only threads=1 load_factor=0.95 fp_bits=12 ops=1500000 warmup_ops=150000 rep=0
run=0 filter=xor dist=sequential n=1000000 target_fpr=0.01 fp_bits=12 achieved_fpr=0.00019 bpe=33.5544 workload=read_only neg_share=0.5 threads=1 load_factor=0.95 ops_per_s=1.646506e+07 p50=32ns p95=187ns p99=298ns
CONFIG filter=xor dist=sequential n=1000000 target_fpr=0.01 neg_share=0.5 workload=read_only threads=1 load_factor=0.95 fp_bits=12 ops=1500000 warmup_ops=150000 rep=1
run=1 filter=xor dist=sequential n=1000000 target_fpr=0.01 fp_bits=12 achieved_fpr=0.00019 bpe=33.5544 workload=read_only neg_share=0.5 threads=1 load_factor=0.95 ops_per_s=1.746274e+07 p50=31ns p95=38ns p99=226ns
CONFIG filter=xor dist=sequential n=1000000 target_fpr=0.01 neg_share=0.5 workload=read_only threads=1 load_factor=0.95 fp_bits=12 ops=1500000 warmup_ops=150000 rep=2
run=2 filter=xor dist=sequential n=1000000 target_fpr=0.01 fp_bits=12 achieved_fpr=0.00019 bpe=33.5544 workload=read_only neg_share=0.5 threads=1 load_factor=0.95 ops_per_s=1.745140e+07 p50=31ns p95=38ns p99=278ns
CONFIG filter=xor dist=sequential n=1000000 target_fpr=0.01 neg_share=0.5 workload=read_only threads=1 load_factor=0.95 fp_bits=16 ops=1500000 warmup_ops=150000 rep=0
run=0 filter=xor dist=sequential n=1000000 target_fpr=0.01 fp_bits=16 achieved_fpr=1.4e-05 bpe=33.5544 workload=read_only neg_share=0.5 threads=1 load_factor=0.95 ops_per_s=1.649441e+07 p50=32ns p95=89ns p99=268ns
CONFIG filter=xor dist=sequential n=1000000 target_fpr=0.01 neg_share=0.5 workload=read_only threads=1 load_factor=0.95 fp_bits=16 ops=1500000 warmup_ops=150000 rep=1
run=1 filter=xor dist=sequential n=1000000 target_fpr=0.01 fp_bits=16 achieved_fpr=1.4e-05 bpe=33.5544 workload=read_only neg_share=0.5 threads=1 load_factor=0.95 ops_per_s=1.685754e+07 p50=32ns p95=38ns p99=290ns
CONFIG filter=xor dist=sequential n=1000000 target_fpr=0.01 neg_share=0.5 workload=read_only threads=1 load_factor=0.95 fp_bits=16 ops=1500000 warmup_ops=150000 rep=2
run=2 filter=xor dist=sequential n=1000000 target_fpr=0.01 fp_bits=16 achieved_fpr=1.4e-05 bpe=33.5544 workload=read_only neg_share=0.5 threads=1 load_factor=0.95 ops_per_s=1.833432e+07 p50=31ns p95=39ns p99=220ns
CONFIG filter=cuckoo dist=sequential n=1000000 target_fpr=0.01 neg_share=0.5 workload=read_only threads=1 load_factor=0.95 fp_bits=8 ops=1500000 warmup_ops=150000 rep=0
run=0 filter=cuckoo dist=sequential n=1000000 target_fpr=0.01 fp_bits=8 achieved_fpr=0.014904 bpe=33.5544 workload=read_only neg_share=0.5 threads=1 load_factor=0.95 ops_per_s=1.119078e+07 p50=41ns p95=58ns p99=253ns fail_rate=0.000000 avg_kicks=0.000000 stash_hits=0
CONFIG filter=cuckoo dist=sequential n=1000000 target_fpr=0.01 neg_share=0.5 workload=read_only threads=1 load_factor=0.95 fp_bits=8 ops=1500000 warmup_ops=150000 rep=1
run=1 filter=cuckoo dist=sequential n=1000000 target_fpr=0.01 fp_bits=8 achieved_fpr=0.014904 bpe=33.5544 workload=read_only neg_share=0.5 threads=1 load_factor=0.95 ops_per_s=1.092411e+07 p50=40ns p95=58ns p99=269ns fail_rate=0.000000 avg_kicks=0.000000 stash_hits=0
CONFIG filter=cuckoo dist=sequential n=1000000 target_fpr=0.01 neg_share=0.5 workload=read_only threads=1 load_factor=0.95 fp_bits=8 ops=1500000 warmup_ops=150000 rep=2
run=2 filter=cuckoo dist=sequential n=1000000 target_fpr=0.01 fp_bits=8 achieved_fpr=0.014904 bpe=33.5544 workload=read_only neg_share=0.5 threads=1 load_factor=0.95 ops_per_s=1.173616e+07 p50=41ns p95=58ns p99=276ns fail_rate=0.000000 avg_kicks=0.000000 stash_hits=0
CONFIG filter=cuckoo dist=sequential n=1000000 target_fpr=0.01 neg_share=0.5 workload=read_only threads=1 load_factor=0.95 fp_bits=12 ops=1500000 warmup_ops=150000 rep=0
run=0 filter=cuckoo dist=sequential n=1000000 target_fpr=0.01 fp_bits=12 achieved_fpr=0.00091 bpe=33.5544 workload=read_only neg_share=0.5 threads=1 load_factor=0.95 ops_per_s=1.231246e+07 p50=40ns p95=55ns p99=277ns fail_rate=0.000000 avg_kicks=0.000000 stash_hits=0
CONFIG filter=cuckoo dist=sequential n=1000000 target_fpr=0.01 neg_share=0.5 workload=read_only threads=1 load_factor=0.95 fp_bits=12 ops=1500000 warmup_ops=150000 rep=1
run=1 filter=cuckoo dist=sequential n=1000000 target_fpr=0.01 fp_bits=12 achieved_fpr=0.00091 bpe=33.5544 workload=read_only neg_share=0.5 threads=1 load_factor=0.95 ops_per_s=1.217886e+07 p50=40ns p95=57ns p99=288ns fail_rate=0.000000 avg_kicks=0.000000 stash_hits=0
CONFIG filter=cuckoo dist=sequential n=1000000 target_fpr=0.01 neg_share=0.5 workload=read_only threads=1 load_factor=0.95 fp_bits=12 ops=1500000 warmup_ops=150000 rep=2
run=2 filter=cuckoo dist=sequential n=1000000 target_fpr=0.01 fp_bits=12 achieved_fpr=0.00091 bpe=33.5544 workload=read_only neg_share=0.5 threads=1 load_factor=0.95 ops_per_s=1.168466e+07 p50=40ns p95=56ns p99=270ns fail_rate=0.000000 avg_kicks=0.000000 stash_hits=0
CONFIG filter=cuckoo dist=sequential n=1000000 target_fpr=0.01 neg_share=0.5 workload=read_only threads=1 load_factor=0.95 fp_bits=16 ops=1500000 warmup_ops=150000 rep=0
run=0 filter=cuckoo dist=sequential n=1000000 target_fpr=0.01 fp_bits=16 achieved_fpr=5.5e-05 bpe=33.5544 workload=read_only neg_share=0.5 threads=1 load_factor=0.95 ops_per_s=1.195900e+07 p50=40ns p95=55ns p99=290ns fail_rate=0.000000 avg_kicks=0.000000 stash_hits=0
CONFIG filter=cuckoo dist=sequential n=1000000 target_fpr=0.01 neg_share=0.5 workload=read_only threads=1 load_factor=0.95 fp_bits=16 ops=1500000 warmup_ops=150000 rep=1
run=1 filter=cuckoo dist=sequential n=1000000 target_fpr=0.01 fp_bits=16 achieved_fpr=5.5e-05 bpe=33.5544 workload=read_only neg_share=0.5 threads=1 load_factor=0.95 ops_per_s=1.122479e+07 p50=41ns p95=58ns p99=290ns fail_rate=0.000000 avg_kicks=0.000000 stash_hits=0
CONFIG filter=cuckoo dist=sequential n=1000000 target_fpr=0.01 neg_share=0.5 workload=read_only threads=1 load_factor=0.95 fp_bits=16 ops=1500000 warmup_ops=150000 rep=2
run=2 filter=cuckoo dist=sequential n=1000000 target_fpr=0.01 fp_bits=16 achieved_fpr=5.5e-05 bpe=33.5544 workload=read_only neg_share=0.5 threads=1 load_factor=0.95 ops_per_s=1.154942e+07 p50=41ns p95=62ns p99=289ns fail_rate=0.000000 avg_kicks=0.000000 stash_hits=0
CONFIG filter=quotient dist=sequential n=1000000 target_fpr=0.01 neg_share=0.5 workload=read_only threads=1 load_factor=0.95 fp_bits=12 ops=1500000 warmup_ops=150000 rep=0
run=0 filter=quotient dist=sequential n=1000000 target_fpr=0.01 fp_bits=12 achieved_fpr=0.001903 bpe=52.4288 workload=read_only neg_share=0.5 threads=1 load_factor=0.95 ops_per_s=1.039015e+07 p50=42ns p95=207ns p99=318ns avg_probe=0.000000 cluster_mean=0.000000 cluster_p99=0.000000
CONFIG filter=quotient dist=sequential n=1000000 target_fpr=0.01 neg_share=0.5 workload=read_only threads=1 load_factor=0.95 fp_bits=12 ops=1500000 warmup_ops=150000 rep=1
run=1 filter=quotient dist=sequential n=1000000 target_fpr=0.01 fp_bits=12 achieved_fpr=0.001903 bpe=52.4288 workload=read_only neg_share=0.5 threads=1 load_factor=0.95 ops_per_s=1.009791e+07 p50=42ns p95=197ns p99=318ns avg_probe=0.000000 cluster_mean=0.000000 cluster_p99=0.000000
CONFIG filter=quotient dist=sequential n=1000000 target_fpr=0.01 neg_share=0.5 workload=read_only threads=1 load_factor=0.95 fp_bits=12 ops=1500000 warmup_ops=150000 rep=2
run=2 filter=quotient dist=sequential n=1000000 target_fpr=0.01 fp_bits=12 achieved_fpr=0.001903 bpe=52.4288 workload=read_only neg_share=0.5 threads=1 load_factor=0.95 ops_per_s=9.909778e+06 p50=42ns p95=208ns p99=317ns avg_probe=0.000000 cluster_mean=0.000000 cluster_p99=0.000000
CONFIG filter=bloom dist=sequential n=1000000 target_fpr=0.001 neg_share=0.5 workload=read_only threads=1 load_factor=0.95 fp_bits=12 ops=1500000 warmup_ops=150000 rep=0
run=0 filter=bloom dist=sequential n=1000000 target_fpr=0.001 fp_bits=12 achieved_fpr=0.037496 bpe=16.7772 workload=read_only neg_share=0.5 threads=1 load_factor=0.95 ops_per_s=1.556920e+07 p50=32ns p95=46ns p99=60ns
CONFIG filter=bloom dist=sequential n=1000000 target_fpr=0.001 neg_share=0.5 workload=read_only threads=1 load_factor=0.95 fp_bits=12 ops=1500000 warmup_ops=150000 rep=1
run=1 filter=bloom dist=sequential n=1000000 target_fpr=0.001 fp_bits=12 achieved_fpr=0.037496 bpe=16.7772 workload=read_only neg_share=0.5 threads=1 load_factor=0.95 ops_per_s=1.561719e+07 p50=31ns p95=46ns p99=58ns
CONFIG filter=bloom dist=sequential n=1000000 target_fpr=0.001 neg_share=0.5 workload=read_only threads=1 load_factor=0.95 fp_bits=12 ops=1500000 warmup_ops=150000 rep=2
run=2 filter=bloom dist=sequential n=1000000 target_fpr=0.001 fp_bits=12 achieved_fpr=0.037496 bpe=16.7772 workload=read_only neg_share=0.5 threads=1 load_factor=0.95 ops_per_s=1.645976e+07 p50=31ns p95=46ns p99=58ns
CONFIG filter=xor dist=sequential n=1000000 target_fpr=0.001 neg_share=0.5 workload=read_only threads=1 load_factor=0.95 fp_bits=8 ops=1500000 warmup_ops=150000 rep=0
run=0 filter=xor dist=sequential n=1000000 target_fpr=0.001 fp_bits=8 achieved_fpr=0.003361 bpe=33.5544 workload=read_only neg_share=0.5 threads=1 load_factor=0.95 ops_per_s=1.706750e+07 p50=32ns p95=38ns p99=292ns
CONFIG filter=xor dist=sequential n=1000000 target_fpr=0.001 neg_share=0.5 workload=read_only threads=1 load_factor=0.95 fp_bits=8 ops=1500000 warmup_ops=150000 rep=1
run=1 filter=xor dist=sequential n=1000000 target_fpr=0.001 fp_bits=8 achieved_fpr=0.003361 bpe=33.5544 workload=read_only neg_share=0.5 threads=1 load_factor=0.95 ops_per_s=1.668911e+07 p50=32ns p95=38ns p99=273ns
CONFIG filter=xor dist=sequential n=1000000 target_fpr=0.001 neg_share=0.5 workload=read_only threads=1 load_factor=0.95 fp_bits=8 ops=1500000 warmup_ops=150000 rep=2
run=2 filter=xor dist=sequential n=1000000 target_fpr=0.001 fp_bits=8 achieved_fpr=0.003361 bpe=33.5544 workload=read_only neg_share=0.5 threads=1 load_factor=0.95 ops_per_s=1.607779e+07 p50=32ns p95=38ns p99=240ns
CONFIG filter=xor dist=sequential n=1000000 target_fpr=0.001 neg_share=0.5 workload=read_only threads=1 load_factor=0.95 fp_bits=12 ops=1500000 warmup_ops=150000 rep=0
run=0 filter=xor dist=sequential n=1000000 target_fpr=0.001 fp_bits=12 achieved_fpr=0.00019 bpe=33.5544 workload=read_only neg_share=0.5 threads=1 load_factor=0.95 ops_per_s=1.780934e+07 p50=31ns p95=40ns p99=255ns
CONFIG filter=xor dist=sequential n=1000000 target_fpr=0.001 neg_share=0.5 workload=read_only threads=1 load_factor=0.95 fp_bits=12 ops=1500000 warmup_ops=150000 rep=1
run=1 filter=xor dist=sequential n=1000000 target_fpr=0.001 fp_bits=12 achieved_fpr=0.00019 bpe=33.5544 workload=read_only neg_share=0.5 threads=1 load_factor=0.95 ops_per_s=1.711679e+07 p50=32ns p95=38ns p99=264ns
CONFIG filter=xor dist=sequential n=1000000 target_fpr=0.001 neg_share=0.5 workload=read_only threads=1 load_factor=0.95 fp_bits=12 ops=1500000 warmup_ops=150000 rep=2
run=2 filter=xor dist=sequential n=1000000 target_fpr=0.001 fp_bits=12 achieved_fpr=0.00019 bpe=33.5544 workload=read_only neg_share=0.5 threads=1 load_factor=0.95 ops_per_s=1.829362e+07 p50=31ns p95=38ns p99=277ns
CONFIG filter=xor dist=sequential n=1000000 target_fpr=0.001 neg_share=0.5 workload=read_only threads=1 load_factor=0.95 fp_bits=16 ops=1500000 warmup_ops=150000 rep=0
run=0 filter=xor dist=sequential n=1000000 target_fpr=0.001 fp_bits=16 achieved_fpr=1.4e-05 bpe=33.5544 workload=read_only neg_share=0.5 threads=1 load_factor=0.95 ops_per_s=1.610818e+07 p50=32ns p95=38ns p99=287ns
CONFIG filter=xor dist=sequential n=1000000 target_fpr=0.001 neg_share=0.5 workload=read_only threads=1 load_factor=0.95 fp_bits=16 ops=1500000 warmup_ops=150000 rep=1
run=1 filter=xor dist=sequential n=1000000 target_fpr=0.001 fp_bits=16 achieved_fpr=1.4e-05 bpe=33.5544 workload=read_only neg_share=0.5 threads=1 load_factor=0.95 ops_per_s=2.017146e+07 p50=30ns p95=39ns p99=241ns
CONFIG filter=xor dist=sequential n=1000000 target_fpr=0.001 neg_share=0.5 workload=read_only threads=1 load_factor=0.95 fp_bits=16 ops=1500000 warmup_ops=150000 rep=2
run=2 filter=xor dist=sequential n=1000000 target_fpr=0.001 fp_bits=16 achieved_fpr=1.4e-05 bpe=33.5544 workload=read_only neg_share=0.5 threads=1 load_factor=0.95 ops_per_s=1.671890e+07 p50=32ns p95=39ns p99=288ns
CONFIG filter=cuckoo dist=sequential n=1000000 target_fpr=0.001 neg_share=0.5 workload=read_only threads=1 load_factor=0.95 fp_bits=8 ops=1500000 warmup_ops=150000 rep=0
run=0 filter=cuckoo dist=sequential n=1000000 target_fpr=0.001 fp_bits=8 achieved_fpr=0.014904 bpe=33.5544 workload=read_only neg_share=0.5 threads=1 load_factor=0.95 ops_per_s=1.072277e+07 p50=41ns p95=59ns p99=278ns fail_rate=0.000000 avg_kicks=0.000000 stash_hits=0
CONFIG filter=cuckoo dist=sequential n=1000000 target_fpr=0.001 neg_share=0.5 workload=read_only threads=1 load_factor=0.95 fp_bits=8 ops=1500000 warmup_ops=150000 rep=1
run=1 filter=cuckoo dist=sequential n=1000000 target_fpr=0.001 fp_bits=8 achieved_fpr=0.014904 bpe=33.5544 workload=read_only neg_share=0.5 threads=1 load_factor=0.95 ops_per_s=1.103561e+07 p50=40ns p95=57ns p99=281ns fail_rate=0.000000 avg_kicks=0.000000 stash_hits=0
CONFIG filter=cuckoo dist=sequential n=1000000 target_fpr=0.001 neg_share=0.5 workload=read_only threads=1 load_factor=0.95 fp_bits=8 ops=1500000 warmup_ops=150000 rep=2
run=2 filter=cuckoo dist=sequential n=1000000 target_fpr=0.001 fp_bits=8 achieved_fpr=0.014904 bpe=33.5544 workload=read_only neg_share=0.5 threads=1 load_factor=0.95 ops_per_s=1.093789e+07 p50=40ns p95=60ns p99=282ns fail_rate=0.000000 avg_kicks=0.000000 stash_hits=0
CONFIG filter=cuckoo dist=sequential n=1000000 target_fpr=0.001 neg_share=0.5 workload=read_only threads=1 load_factor=0.95 fp_bits=12 ops=1500000 warmup_ops=150000 rep=0
run=0 filter=cuckoo dist=sequential n=1000000 target_fpr=0.001 fp_bits=12 achieved_fpr=0.00091 bpe=33.5544 workload=read_only neg_share=0.5 threads=1 load_factor=0.95 ops_per_s=1.053438e+07 p50=41ns p95=60ns p99=298ns fail_rate=0.000000 avg_kicks=0.000000 stash_hits=0
CONFIG filter=cuckoo dist=sequential n=1000000 target_fpr=0.001 neg_share=0.5 workload=read_only threads=1 load_factor=0.95 fp_bits=12 ops=1500000 warmup_ops=150000 rep=1
run=1 filter=cuckoo dist=sequential n=1000000 target_fpr=0.001 fp_bits=12 achieved_fpr=0.00091 bpe=33.5544 workload=read_only neg_share=0.5 threads=1 load_factor=0.95 ops_per_s=1.144066e+07 p50=42ns p95=60ns p99=256ns fail_rate=0.000000 avg_kicks=0.000000 stash_hits=0
CONFIG filter=cuckoo dist=sequential n=1000000 target_fpr=0.001 neg_share=0.5 workload=read_only threads=1 load_factor=0.95 fp_bits=12 ops=1500000 warmup_ops=150000 rep=2
run=2 filter=cuckoo dist=sequential n=1000000 target_fpr=0.001 fp_bits=12 achieved_fpr=0.00091 bpe=33.5544 workload=read_only neg_share=0.5 threads=1 load_factor=0.95 ops_per_s=1.088627e+07 p50=41ns p95=62ns p99=272ns fail_rate=0.000000 avg_kicks=0.000000 stash_hits=0
CONFIG filter=cuckoo dist=sequential n=1000000 target_fpr=0.001 neg_share=0.5 workload=read_only threads=1 load_factor=0.95 fp_bits=16 ops=1500000 warmup_ops=150000 rep=0
run=0 filter=cuckoo dist=sequential n=1000000 target_fpr=0.001 fp_bits=16 achieved_fpr=5.5e-05 bpe=33.5544 workload=read_only neg_share=0.5 threads=1 load_factor=0.95 ops_per_s=1.096536e+07 p50=40ns p95=58ns p99=278ns fail_rate=0.000000 avg_kicks=0.000000 stash_hits=0
CONFIG filter=cuckoo dist=sequential n=1000000 target_fpr=0.001 neg_share=0.5 workload=read_only threads=1 load_factor=0.95 fp_bits=16 ops=1500000 warmup_ops=150000 rep=1
run=1 filter=cuckoo dist=sequential n=1000000 target_fpr=0.001 fp_bits=16 achieved_fpr=5.5e-05 bpe=33.5544 workload=read_only neg_share=0.5 threads=1 load_factor=0.95 ops_per_s=1.051605e+07 p50=41ns p95=72ns p99=298ns fail_rate=0.000000 avg_kicks=0.000000 stash_hits=0
CONFIG filter=cuckoo dist=sequential n=1000000 target_fpr=0.001 neg_share=0.5 workload=read_only threads=1 load_factor=0.95 fp_bits=16 ops=1500000 warmup_ops=150000 rep=2
run=2 filter=cuckoo dist=sequential n=1000000 target_fpr=0.001 fp_bits=16 achieved_fpr=5.5e-05 bpe=33.5544 workload=read_only neg_share=0.5 threads=1 load_factor=0.95 ops_per_s=1.159168e+07 p50=40ns p95=57ns p99=276ns fail_rate=0.000000 avg_kicks=0.000000 stash_hits=0
CONFIG filter=quotient dist=sequential n=1000000 target_fpr=0.001 neg_share=0.5 workload=read_only threads=1 load_factor=0.95 fp_bits=12 ops=1500000 warmup_ops=150000 rep=0
run=0 filter=quotient dist=sequential n=1000000 target_fpr=0.001 fp_bits=12 achieved_fpr=0.000237 bpe=52.4288 workload=read_only neg_share=0.5 threads=1 load_factor=0.95 ops_per_s=1.095998e+07 p50=40ns p95=171ns p99=296ns avg_probe=0.000000 cluster_mean=0.000000 cluster_p99=0.000000
CONFIG filter=quotient dist=sequential n=1000000 target_fpr=0.001 neg_share=0.5 workload=read_only threads=1 load_factor=0.95 fp_bits=12 ops=1500000 warmup_ops=150000 rep=1
run=1 filter=quotient dist=sequential n=1000000 target_fpr=0.001 fp_bits=12 achieved_fpr=0.000237 bpe=52.4288 workload=read_only neg_share=0.5 threads=1 load_factor=0.95 ops_per_s=1.092633e+07 p50=40ns p95=185ns p99=302ns avg_probe=0.000000 cluster_mean=0.000000 cluster_p99=0.000000
CONFIG filter=quotient dist=sequential n=1000000 target_fpr=0.001 neg_share=0.5 workload=read_only threads=1 load_factor=0.95 fp_bits=12 ops=1500000 warmup_ops=150000 rep=2
run=2 filter=quotient dist=sequential n=1000000 target_fpr=0.001 fp_bits=12 achieved_fpr=0.000237 bpe=52.4288 workload=read_only neg_share=0.5 threads=1 load_factor=0.95 ops_per_s=1.049106e+07 p50=40ns p95=158ns p99=309ns avg_probe=0.000000 cluster_mean=0.000000 cluster_p99=0.000000
CONFIG filter=bloom dist=sequential n=5000000 target_fpr=0.05 neg_share=0.5 workload=read_only threads=1 load_factor=0.95 fp_bits=12 ops=1500000 warmup_ops=150000 rep=0
run=0 filter=bloom dist=sequential n=5000000 target_fpr=0.05 fp_bits=12 achieved_fpr=0.1026034 bpe=6.71089 workload=read_only neg_share=0.5 threads=1 load_factor=0.95 ops_per_s=1.558052e+07 p50=32ns p95=48ns p99=144ns
CONFIG filter=bloom dist=sequential n=5000000 target_fpr=0.05 neg_share=0.5 workload=read_only threads=1 load_factor=0.95 fp_bits=12 ops=1500000 warmup_ops=150000 rep=1
run=1 filter=bloom dist=sequential n=5000000 target_fpr=0.05 fp_bits=12 achieved_fpr=0.1026034 bpe=6.71089 workload=read_only neg_share=0.5 threads=1 load_factor=0.95 ops_per_s=1.556380e+07 p50=32ns p95=49ns p99=148ns
CONFIG filter=bloom dist=sequential n=5000000 target_fpr=0.05 neg_share=0.5 workload=read_only threads=1 load_factor=0.95 fp_bits=12 ops=1500000 warmup_ops=150000 rep=2
run=2 filter=bloom dist=sequential n=5000000 target_fpr=0.05 fp_bits=12 achieved_fpr=0.1026034 bpe=6.71089 workload=read_only neg_share=0.5 threads=1 load_factor=0.95 ops_per_s=1.568948e+07 p50=32ns p95=48ns p99=149ns
CONFIG filter=xor dist=sequential n=5000000 target_fpr=0.05 neg_share=0.5 workload=read_only threads=1 load_factor=0.95 fp_bits=8 ops=1500000 warmup_ops=150000 rep=0
run=0 filter=xor dist=sequential n=5000000 target_fpr=0.05 fp_bits=8 achieved_fpr=0.0036964 bpe=26.8435 workload=read_only neg_share=0.5 threads=1 load_factor=0.95 ops_per_s=1.372525e+07 p50=133ns p95=176ns p99=312ns
CONFIG filter=xor dist=sequential n=5000000 target_fpr=0.05 neg_share=0.5 workload=read_only threads=1 load_factor=0.95 fp_bits=8 ops=1500000 warmup_ops=150000 rep=1
run=1 filter=xor dist=sequential n=5000000 target_fpr=0.05 fp_bits=8 achieved_fpr=0.0036964 bpe=26.8435 workload=read_only neg_share=0.5 threads=1 load_factor=0.95 ops_per_s=1.388692e+07 p50=133ns p95=156ns p99=304ns
CONFIG filter=xor dist=sequential n=5000000 target_fpr=0.05 neg_share=0.5 workload=read_only threads=1 load_factor=0.95 fp_bits=8 ops=1500000 warmup_ops=150000 rep=2
run=2 filter=xor dist=sequential n=5000000 target_fpr=0.05 fp_bits=8 achieved_fpr=0.0036964 bpe=26.8435 workload=read_only neg_share=0.5 threads=1 load_factor=0.95 ops_per_s=1.381622e+07 p50=133ns p95=175ns p99=294ns
CONFIG filter=xor dist=sequential n=5000000 target_fpr=0.05 neg_share=0.5 workload=read_only threads=1 load_factor=0.95 fp_bits=12 ops=1500000 warmup_ops=150000 rep=0
run=0 filter=xor dist=sequential n=5000000 target_fpr=0.05 fp_bits=12 achieved_fpr=0.0002234 bpe=26.8435 workload=read_only neg_share=0.5 threads=1 load_factor=0.95 ops_per_s=1.381851e+07 p50=133ns p95=180ns p99=315ns
CONFIG filter=xor dist=sequential n=5000000 target_fpr=0.05 neg_share=0.5 workload=read_only threads=1 load_factor=0.95 fp_bits=12 ops=1500000 warmup_ops=150000 rep=1
run=1 filter=xor dist=sequential n=5000000 target_fpr=0.05 fp_bits=12 achieved_fpr=0.0002234 bpe=26.8435 workload=read_only neg_share=0.5 threads=1 load_factor=0.95 ops_per_s=1.369808e+07 p50=134ns p95=173ns p99=308ns
CONFIG filter=xor dist=sequential n=5000000 target_fpr=0.05 neg_share=0.5 workload=read_only threads=1 load_factor=0.95 fp_bits=12 ops=1500000 warmup_ops=150000 rep=2
run=2 filter=xor dist=sequential n=5000000 target_fpr=0.05 fp_bits=12 achieved_fpr=0.0002234 bpe=26.8435 workload=read_only neg_share=0.5 threads=1 load_factor=0.95 ops_per_s=1.386832e+07 p50=133ns p95=159ns p99=294ns
CONFIG filter=xor dist=sequential n=5000000 target_fpr=0.05 neg_share=0.5 workload=read_only threads=1 load_factor=0.95 fp_bits=16 ops=1500000 warmup_ops=150000 rep=0
run=0 filter=xor dist=sequential n=5000000 target_fpr=0.05 fp_bits=16 achieved_fpr=1.3e-05 bpe=26.8435 workload=read_only neg_share=0.5 threads=1 load_factor=0.95 ops_per_s=1.366938e+07 p50=133ns p95=191ns p99=317ns
CONFIG filter=xor dist=sequential n=5000000 target_fpr=0.05 neg_share=0.5 workload=read_only threads=1 load_factor=0.95 fp_bits=16 ops=1500000 warmup_ops=150000 rep=1
run=1 filter=xor dist=sequential n=5000000 target_fpr=0.05 fp_bits=16 achieved_fpr=1.3e-05 bpe=26.8435 workload=read_only neg_share=0.5 threads=1 load_factor=0.95 ops_per_s=1.380230e+07 p50=135ns p95=162ns p99=311ns
CONFIG filter=xor dist=sequential n=5000000 target_fpr=0.05 neg_share=0.5 workload=read_only threads=1 load_factor=0.95 fp_bits=16 ops=1500000 warmup_ops=150000 rep=2
run=2 filter=xor dist=sequential n=5000000 target_fpr=0.05 fp_bits=16 achieved_fpr=1.3e-05 bpe=26.8435 workload=read_only neg_share=0.5 threads=1 load_factor=0.95 ops_per_s=1.235133e+07 p50=136ns p95=277ns p99=476ns
CONFIG filter=cuckoo dist=sequential n=5000000 target_fpr=0.05 neg_share=0.5 workload=read_only threads=1 load_factor=0.95 fp_bits=8 ops=1500000 warmup_ops=150000 rep=0
run=0 filter=cuckoo dist=sequential n=5000000 target_fpr=0.05 fp_bits=8 achieved_fpr=0.0185788 bpe=26.8435 workload=read_only neg_share=0.5 threads=1 load_factor=0.95 ops_per_s=7.851830e+06 p50=61ns p95=285ns p99=324ns fail_rate=0.000000 avg_kicks=0.000000 stash_hits=0
CONFIG filter=cuckoo dist=sequential n=5000000 target_fpr=0.05 neg_share=0.5 workload=read_only threads=1 load_factor=0.95 fp_bits=8 ops=1500000 warmup_ops=150000 rep=1
run=1 filter=cuckoo dist=sequential n=5000000 target_fpr=0.05 fp_bits=8 achieved_fpr=0.0185788 bpe=26.8435 workload=read_only neg_share=0.5 threads=1 load_factor=0.95 ops_per_s=7.588341e+06 p50=121ns p95=288ns p99=333ns fail_rate=0.000000 avg_kicks=0.000000 stash_hits=0
CONFIG filter=cuckoo dist=sequential n=5000000 target_fpr=0.05 neg_share=0.5 workload=read_only threads=1 load_factor=0.95 fp_bits=8 ops=1500000 warmup_ops=150000 rep=2
run=2 filter=cuckoo dist=sequential n=5000000 target_fpr=0.05 fp_bits=8 achieved_fpr=0.0185788 bpe=26.8435 workload=read_only neg_share=0.5 threads=1 load_factor=0.95 ops_per_s=7.687177e+06 p50=61ns p95=286ns p99=333ns fail_rate=0.000000 avg_kicks=0.000000 stash_hits=0
CONFIG filter=cuckoo dist=sequential n=5000000 target_fpr=0.05 neg_share=0.5 workload=read_only threads=1 load_factor=0.95 fp_bits=12 ops=1500000 warmup_ops=150000 rep=0
run=0 filter=cuckoo dist=sequential n=5000000 target_fpr=0.05 fp_bits=12 achieved_fpr=0.001155 bpe=26.8435 workload=read_only neg_share=0.5 threads=1 load_factor=0.95 ops_per_s=7.709470e+06 p50=63ns p95=286ns p99=332ns fail_rate=0.000000 avg_kicks=0.000000 stash_hits=0
CONFIG filter=cuckoo dist=sequential n=5000000 target_fpr=0.05 neg_share=0.5 workload=read_only threads=1 load_factor=0.95 fp_bits=12 ops=1500000 warmup_ops=150000 rep=1
run=1 filter=cuckoo dist=sequential n=5000000 target_fpr=0.05 fp_bits=12 achieved_fpr=0.001155 bpe=26.8435 workload=read_only neg_share=0.5 threads=1 load_factor=0.95 ops_per_s=7.853240e+06 p50=69ns p95=286ns p99=324ns fail_rate=0.000000 avg_kicks=0.000000 stash_hits=0
CONFIG filter=cuckoo dist=sequential n=5000000 target_fpr=0.05 neg_share=0.5 workload=read_only threads=1 load_factor=0.95 fp_bits=12 ops=1500000 warmup_ops=150000 rep=2
run=2 filter=cuckoo dist=sequential n=5000000 target_fpr=0.05 fp_bits=12 achieved_fpr=0.001155 bpe=26.8435 workload=read_only neg_share=0.5 threads=1 load_factor=0.95 ops_per_s=8.489953e+06 p50=136ns p95=194ns p99=324ns fail_rate=0.000000 avg_kicks=0.000000 stash_hits=0
CONFIG filter=cuckoo dist=sequential n=5000000 target_fpr=0.05 neg_share=0.5 workload=read_only threads=1 load_factor=0.95 fp_bits=16 ops=1500000 warmup_ops=150000 rep=0
run=0 filter=cuckoo dist=sequential n=5000000 target_fpr=0.05 fp_bits=16 achieved_fpr=7.7e-05 bpe=26.8435 workload=read_only neg_share=0.5 threads=1 load_factor=0.95 ops_per_s=8.488423e+06 p50=135ns p95=197ns p99=321ns fail_rate=0.000000 avg_kicks=0.000000 stash_hits=0
CONFIG filter=cuckoo dist=sequential n=5000000 target_fpr=0.05 neg_share=0.5 workload=read_only threads=1 load_factor=0.95 fp_bits=16 ops=1500000 warmup_ops=150000 rep=1
run=1 filter=cuckoo dist=sequential n=5000000 target_fpr=0.05 fp_bits=16 achieved_fpr=7.7e-05 bpe=26.8435 workload=read_only neg_share=0.5 threads=1 load_factor=0.95 ops_per_s=8.541439e+06 p50=133ns p95=193ns p99=302ns fail_rate=0.000000 avg_kicks=0.000000 stash_hits=0
CONFIG filter=cuckoo dist=sequential n=5000000 target_fpr=0.05 neg_share=0.5 workload=read_only threads=1 load_factor=0.95 fp_bits=16 ops=1500000 warmup_ops=150000 rep=2
run=2 filter=cuckoo dist=sequential n=5000000 target_fpr=0.05 fp_bits=16 achieved_fpr=7.7e-05 bpe=26.8435 workload=read_only neg_share=0.5 threads=1 load_factor=0.95 ops_per_s=8.509608e+06 p50=137ns p95=208ns p99=326ns fail_rate=0.000000 avg_kicks=0.000000 stash_hits=0
CONFIG filter=quotient dist=sequential n=5000000 target_fpr=0.05 neg_share=0.5 workload=read_only threads=1 load_factor=0.95 fp_bits=12 ops=1500000 warmup_ops=150000 rep=0
run=0 filter=quotient dist=sequential n=5000000 target_fpr=0.05 fp_bits=12 achieved_fpr=0.0095958 bpe=41.943 workload=read_only neg_share=0.5 threads=1 load_factor=0.95 ops_per_s=8.878051e+06 p50=131ns p95=213ns p99=335ns avg_probe=0.000000 cluster_mean=0.000000 cluster_p99=0.000000
CONFIG filter=quotient dist=sequential n=5000000 target_fpr=0.05 neg_share=0.5 workload=read_only threads=1 load_factor=0.95 fp_bits=12 ops=1500000 warmup_ops=150000 rep=1
run=1 filter=quotient dist=sequential n=5000000 target_fpr=0.05 fp_bits=12 achieved_fpr=0.0095958 bpe=41.943 workload=read_only neg_share=0.5 threads=1 load_factor=0.95 ops_per_s=8.929857e+06 p50=129ns p95=213ns p99=323ns avg_probe=0.000000 cluster_mean=0.000000 cluster_p99=0.000000
CONFIG filter=quotient dist=sequential n=5000000 target_fpr=0.05 neg_share=0.5 workload=read_only threads=1 load_factor=0.95 fp_bits=12 ops=1500000 warmup_ops=150000 rep=2
run=2 filter=quotient dist=sequential n=5000000 target_fpr=0.05 fp_bits=12 achieved_fpr=0.0095958 bpe=41.943 workload=read_only neg_share=0.5 threads=1 load_factor=0.95 ops_per_s=8.891547e+06 p50=127ns p95=208ns p99=317ns avg_probe=0.000000 cluster_mean=0.000000 cluster_p99=0.000000
CONFIG filter=bloom dist=sequential n=5000000 target_fpr=0.01 neg_share=0.5 workload=read_only threads=1 load_factor=0.95 fp_bits=12 ops=1500000 warmup_ops=150000 rep=0
run=0 filter=bloom dist=sequential n=5000000 target_fpr=0.01 fp_bits=12 achieved_fpr=0.0458472 bpe=13.4218 workload=read_only neg_share=0.5 threads=1 load_factor=0.95 ops_per_s=1.255154e+07 p50=38ns p95=143ns p99=229ns
CONFIG filter=bloom dist=sequential n=5000000 target_fpr=0.01 neg_share=0.5 workload=read_only threads=1 load_factor=0.95 fp_bits=12 ops=1500000 warmup_ops=150000 rep=1
run=1 filter=bloom dist=sequential n=5000000 target_fpr=0.01 fp_bits=12 achieved_fpr=0.0458472 bpe=13.4218 workload=read_only neg_share=0.5 threads=1 load_factor=0.95 ops_per_s=1.269072e+07 p50=38ns p95=142ns p99=245ns
CONFIG filter=bloom dist=sequential n=5000000 target_fpr=0.01 neg_share=0.5 workload=read_only threads=1 load_factor=0.95 fp_bits=12 ops=1500000 warmup_ops=150000 rep=2
run=2 filter=bloom dist=sequential n=5000000 target_fpr=0.01 fp_bits=12 achieved_fpr=0.0458472 bpe=13.4218 workload=read_only neg_share=0.5 threads=1 load_factor=0.95 ops_per_s=1.092082e+07 p50=42ns p95=163ns p99=269ns
CONFIG filter=xor dist=sequential n=5000000 target_fpr=0.01 neg_share=0.5 workload=read_only threads=1 load_factor=0.95 fp_bits=8 ops=1500000 warmup_ops=150000 rep=0
run=0 filter=xor dist=sequential n=5000000 target_fpr=0.01 fp_bits=8 achieved_fpr=0.0036964 bpe=26.8435 workload=read_only neg_share=0.5 threads=1 load_factor=0.95 ops_per_s=1.295759e+07 p50=137ns p95=246ns p99=319ns
CONFIG filter=xor dist=sequential n=5000000 target_fpr=0.01 neg_share=0.5 workload=read_only threads=1 load_factor=0.95 fp_bits=8 ops=1500000 warmup_ops=150000 rep=1
run=1 filter=xor dist=sequential n=5000000 target_fpr=0.01 fp_bits=8 achieved_fpr=0.0036964 bpe=26.8435 workload=read_only neg_share=0.5 threads=1 load_factor=0.95 ops_per_s=1.377670e+07 p50=133ns p95=158ns p99=317ns
CONFIG filter=xor dist=sequential n=5000000 target_fpr=0.01 neg_share=0.5 workload=read_only threads=1 load_factor=0.95 fp_bits=8 ops=1500000 warmup_ops=150000 rep=2
run=2 filter=xor dist=sequential n=5000000 target_fpr=0.01 fp_bits=8 achieved_fpr=0.0036964 bpe=26.8435 workload=read_only neg_share=0.5 threads=1 load_factor=0.95 ops_per_s=1.385201e+07 p50=133ns p95=170ns p99=285ns
CONFIG filter=xor dist=sequential n=5000000 target_fpr=0.01 neg_share=0.5 workload=read_only threads=1 load_factor=0.95 fp_bits=12 ops=1500000 warmup_ops=150000 rep=0
run=0 filter=xor dist=sequential n=5000000 target_fpr=0.01 fp_bits=12 achieved_fpr=0.0002234 bpe=26.8435 workload=read_only neg_share=0.5 threads=1 load_factor=0.95 ops_per_s=1.384999e+07 p50=133ns p95=161ns p99=298ns
CONFIG filter=xor dist=sequential n=5000000 target_fpr=0.01 neg_share=0.5 workload=read_only threads=1 load_factor=0.95 fp_bits=12 ops=1500000 warmup_ops=150000 rep=1
run=1 filter=xor dist=sequential n=5000000 target_fpr=0.01 fp_bits=12 achieved_fpr=0.0002234 bpe=26.8435 workload=read_only neg_share=0.5 threads=1 load_factor=0.95 ops_per_s=1.382384e+07 p50=135ns p95=166ns p99=321ns
CONFIG filter=xor dist=sequential n=5000000 target_fpr=0.01 neg_share=0.5 workload=read_only threads=1 load_factor=0.95 fp_bits=12 ops=1500000 warmup_ops=150000 rep=2
run=2 filter=xor dist=sequential n=5000000 target_fpr=0.01 fp_bits=12 achieved_fpr=0.0002234 bpe=26.8435 workload=read_only neg_share=0.5 threads=1 load_factor=0.95 ops_per_s=1.382131e+07 p50=133ns p95=175ns p99=321ns
CONFIG filter=xor dist=sequential n=5000000 target_fpr=0.01 neg_share=0.5 workload=read_only threads=1 load_factor=0.95 fp_bits=16 ops=1500000 warmup_ops=150000 rep=0
run=0 filter=xor dist=sequential n=5000000 target_fpr=0.01 fp_bits=16 achieved_fpr=1.3e-05 bpe=26.8435 workload=read_only neg_share=0.5 threads=1 load_factor=0.95 ops_per_s=1.382049e+07 p50=133ns p95=165ns p99=319ns
CONFIG filter=xor dist=sequential n=5000000 target_fpr=0.01 neg_share=0.5 workload=read_only threads=1 load_factor=0.95 fp_bits=16 ops=1500000 warmup_ops=150000 rep=1
run=1 filter=xor dist=sequential n=5000000 target_fpr=0.01 fp_bits=16 achieved_fpr=1.3e-05 bpe=26.8435 workload=read_only neg_share=0.5 threads=1 load_factor=0.95 ops_per_s=1.378220e+07 p50=133ns p95=157ns p99=318ns
CONFIG filter=xor dist=sequential n=5000000 target_fpr=0.01 neg_share=0.5 workload=read_only threads=1 load_factor=0.95 fp_bits=16 ops=1500000 warmup_ops=150000 rep=2
run=2 filter=xor dist=sequential n=5000000 target_fpr=0.01 fp_bits=16 achieved_fpr=1.3e-05 bpe=26.8435 workload=read_only neg_share=0.5 threads=1 load_factor=0.95 ops_per_s=1.375312e+07 p50=133ns p95=168ns p99=317ns
CONFIG filter=cuckoo dist=sequential n=5000000 target_fpr=0.01 neg_share=0.5 workload=read_only threads=1 load_factor=0.95 fp_bits=8 ops=1500000 warmup_ops=150000 rep=0
run=0 filter=cuckoo dist=sequential n=5000000 target_fpr=0.01 fp_bits=8 achieved_fpr=0.0185788 bpe=26.8435 workload=read_only neg_share=0.5 threads=1 load_factor=0.95 ops_per_s=7.645647e+06 p50=67ns p95=289ns p99=334ns fail_rate=0.000000 avg_kicks=0.000000 stash_hits=0
CONFIG filter=cuckoo dist=sequential n=5000000 target_fpr=0.01 neg_share=0.5 workload=read_only threads=1 load_factor=0.95 fp_bits=8 ops=1500000 warmup_ops=150000 rep=1
run=1 filter=cuckoo dist=sequential n=5000000 target_fpr=0.01 fp_bits=8 achieved_fpr=0.0185788 bpe=26.8435 workload=read_only neg_share=0.5 threads=1 load_factor=0.95 ops_per_s=8.096837e+06 p50=78ns p95=275ns p99=317ns fail_rate=0.000000 avg_kicks=0.000000 stash_hits=0
CONFIG filter=cuckoo dist=sequential n=5000000 target_fpr=0.01 neg_share=0.5 workload=read_only threads=1 load_factor=0.95 fp_bits=8 ops=1500000 warmup_ops=150000 rep=2
run=2 filter=cuckoo dist=sequential n=5000000 target_fpr=0.01 fp_bits=8 achieved_fpr=0.0185788 bpe=26.8435 workload=read_only neg_share=0.5 threads=1 load_factor=0.95 ops_per_s=7.921085e+06 p50=61ns p95=278ns p99=316ns fail_rate=0.000000 avg_kicks=0.000000 stash_hits=0
CONFIG filter=cuckoo dist=sequential n=5000000 target_fpr=0.01 neg_share=0.5 workload=read_only threads=1 load_factor=0.95 fp_bits=12 ops=1500000 warmup_ops=150000 rep=0
run=0 filter=cuckoo dist=sequential n=5000000 target_fpr=0.01 fp_bits=12 achieved_fpr=0.001155 bpe=26.8435 workload=read_only neg_share=0.5 threads=1 load_factor=0.95 ops_per_s=7.954846e+06 p50=85ns p95=277ns p99=323ns fail_rate=0.000000 avg_kicks=0.000000 stash_hits=0
CONFIG filter=cuckoo dist=sequential n=5000000 target_fpr=0.01 neg_share=0.5 workload=read_only threads=1 load_factor=0.95 fp_bits=12 ops=1500000 warmup_ops=150000 rep=1
run=1 filter=cuckoo dist=sequential n=5000000 target_fpr=0.01 fp_bits=12 achieved_fpr=0.001155 bpe=26.8435 workload=read_only neg_share=0.5 threads=1 load_factor=0.95 ops_per_s=7.891609e+06 p50=61ns p95=282ns p99=326ns fail_rate=0.000000 avg_kicks=0.000000 stash_hits=0
CONFIG filter=cuckoo dist=sequential n=5000000 target_fpr=0.01 neg_share=0.5 workload=read_only threads=1 load_factor=0.95 fp_bits=12 ops=1500000 warmup_ops=150000 rep=2
run=2 filter=cuckoo dist=sequential n=5000000 target_fpr=0.01 fp_bits=12 achieved_fpr=0.001155 bpe=26.8435 workload=read_only neg_share=0.5 threads=1 load_factor=0.95 ops_per_s=7.688295e+06 p50=65ns p95=288ns p99=337ns fail_rate=0.000000 avg_kicks=0.000000 stash_hits=0
CONFIG filter=cuckoo dist=sequential n=5000000 target_fpr=0.01 neg_share=0.5 workload=read_only threads=1 load_factor=0.95 fp_bits=16 ops=1500000 warmup_ops=150000 rep=0
run=0 filter=cuckoo dist=sequential n=5000000 target_fpr=0.01 fp_bits=16 achieved_fpr=7.7e-05 bpe=26.8435 workload=read_only neg_share=0.5 threads=1 load_factor=0.95 ops_per_s=7.834175e+06 p50=74ns p95=286ns p99=334ns fail_rate=0.000000 avg_kicks=0.000000 stash_hits=0
CONFIG filter=cuckoo dist=sequential n=5000000 target_fpr=0.01 neg_share=0.5 workload=read_only threads=1 load_factor=0.95 fp_bits=16 ops=1500000 warmup_ops=150000 rep=1
run=1 filter=cuckoo dist=sequential n=5000000 target_fpr=0.01 fp_bits=16 achieved_fpr=7.7e-05 bpe=26.8435 workload=read_only neg_share=0.5 threads=1 load_factor=0.95 ops_per_s=7.880773e+06 p50=83ns p95=281ns p99=320ns fail_rate=0.000000 avg_kicks=0.000000 stash_hits=0
CONFIG filter=cuckoo dist=sequential n=5000000 target_fpr=0.01 neg_share=0.5 workload=read_only threads=1 load_factor=0.95 fp_bits=16 ops=1500000 warmup_ops=150000 rep=2
run=2 filter=cuckoo dist=sequential n=5000000 target_fpr=0.01 fp_bits=16 achieved_fpr=7.7e-05 bpe=26.8435 workload=read_only neg_share=0.5 threads=1 load_factor=0.95 ops_per_s=7.769017e+06 p50=82ns p95=283ns p99=329ns fail_rate=0.000000 avg_kicks=0.000000 stash_hits=0
CONFIG filter=quotient dist=sequential n=5000000 target_fpr=0.01 neg_share=0.5 workload=read_only threads=1 load_factor=0.95 fp_bits=12 ops=1500000 warmup_ops=150000 rep=0
run=0 filter=quotient dist=sequential n=5000000 target_fpr=0.01 fp_bits=12 achieved_fpr=0.0023398 bpe=41.943 workload=read_only neg_share=0.5 threads=1 load_factor=0.95 ops_per_s=9.012415e+06 p50=127ns p95=206ns p99=323ns avg_probe=0.000000 cluster_mean=0.000000 cluster_p99=0.000000
CONFIG filter=quotient dist=sequential n=5000000 target_fpr=0.01 neg_share=0.5 workload=read_only threads=1 load_factor=0.95 fp_bits=12 ops=1500000 warmup_ops=150000 rep=1
run=1 filter=quotient dist=sequential n=5000000 target_fpr=0.01 fp_bits=12 achieved_fpr=0.0023398 bpe=41.943 workload=read_only neg_share=0.5 threads=1 load_factor=0.95 ops_per_s=8.946263e+06 p50=132ns p95=208ns p99=313ns avg_probe=0.000000 cluster_mean=0.000000 cluster_p99=0.000000
CONFIG filter=quotient dist=sequential n=5000000 target_fpr=0.01 neg_share=0.5 workload=read_only threads=1 load_factor=0.95 fp_bits=12 ops=1500000 warmup_ops=150000 rep=2
run=2 filter=quotient dist=sequential n=5000000 target_fpr=0.01 fp_bits=12 achieved_fpr=0.0023398 bpe=41.943 workload=read_only neg_share=0.5 threads=1 load_factor=0.95 ops_per_s=8.973570e+06 p50=128ns p95=205ns p99=326ns avg_probe=0.000000 cluster_mean=0.000000 cluster_p99=0.000000
CONFIG filter=bloom dist=sequential n=5000000 target_fpr=0.001 neg_share=0.5 workload=read_only threads=1 load_factor=0.95 fp_bits=12 ops=1500000 warmup_ops=150000 rep=0
run=0 filter=bloom dist=sequential n=5000000 target_fpr=0.001 fp_bits=12 achieved_fpr=0.022631 bpe=26.8435 workload=read_only neg_share=0.5 threads=1 load_factor=0.95 ops_per_s=9.973911e+06 p50=51ns p95=162ns p99=294ns
CONFIG filter=bloom dist=sequential n=5000000 target_fpr=0.001 neg_share=0.5 workload=read_only threads=1 load_factor=0.95 fp_bits=12 ops=1500000 warmup_ops=150000 rep=1
run=1 filter=bloom dist=sequential n=5000000 target_fpr=0.001 fp_bits=12 achieved_fpr=0.022631 bpe=26.8435 workload=read_only neg_share=0.5 threads=1 load_factor=0.95 ops_per_s=9.886837e+06 p50=52ns p95=159ns p99=280ns
CONFIG filter=bloom dist=sequential n=5000000 target_fpr=0.001 neg_share=0.5 workload=read_only threads=1 load_factor=0.95 fp_bits=12 ops=1500000 warmup_ops=150000 rep=2
run=2 filter=bloom dist=sequential n=5000000 target_fpr=0.001 fp_bits=12 achieved_fpr=0.022631 bpe=26.8435 workload=read_only neg_share=0.5 threads=1 load_factor=0.95 ops_per_s=9.979061e+06 p50=50ns p95=159ns p99=272ns
CONFIG filter=xor dist=sequential n=5000000 target_fpr=0.001 neg_share=0.5 workload=read_only threads=1 load_factor=0.95 fp_bits=8 ops=1500000 warmup_ops=150000 rep=0
run=0 filter=xor dist=sequential n=5000000 target_fpr=0.001 fp_bits=8 achieved_fpr=0.0036964 bpe=26.8435 workload=read_only neg_share=0.5 threads=1 load_factor=0.95 ops_per_s=1.381639e+07 p50=134ns p95=163ns p99=300ns
CONFIG filter=xor dist=sequential n=5000000 target_fpr=0.001 neg_share=0.5 workload=read_only threads=1 load_factor=0.95 fp_bits=8 ops=1500000 warmup_ops=150000 rep=1
run=1 filter=xor dist=sequential n=5000000 target_fpr=0.001 fp_bits=8 achieved_fpr=0.0036964 bpe=26.8435 workload=read_only neg_share=0.5 threads=1 load_factor=0.95 ops_per_s=1.377826e+07 p50=134ns p95=174ns p99=317ns
CONFIG filter=xor dist=sequential n=5000000 target_fpr=0.001 neg_share=0.5 workload=read_only threads=1 load_factor=0.95 fp_bits=8 ops=1500000 warmup_ops=150000 rep=2
run=2 filter=xor dist=sequential n=5000000 target_fpr=0.001 fp_bits=8 achieved_fpr=0.0036964 bpe=26.8435 workload=read_only neg_share=0.5 threads=1 load_factor=0.95 ops_per_s=1.377923e+07 p50=134ns p95=170ns p99=305ns
CONFIG filter=xor dist=sequential n=5000000 target_fpr=0.001 neg_share=0.5 workload=read_only threads=1 load_factor=0.95 fp_bits=12 ops=1500000 warmup_ops=150000 rep=0
run=0 filter=xor dist=sequential n=5000000 target_fpr=0.001 fp_bits=12 achieved_fpr=0.0002234 bpe=26.8435 workload=read_only neg_share=0.5 threads=1 load_factor=0.95 ops_per_s=1.370965e+07 p50=134ns p95=185ns p99=316ns
CONFIG filter=xor dist=sequential n=5000000 target_fpr=0.001 neg_share=0.5 workload=read_only threads=1 load_factor=0.95 fp_bits=12 ops=1500000 warmup_ops=150000 rep=1
run=1 filter=xor dist=sequential n=5000000 target_fpr=0.001 fp_bits=12 achieved_fpr=0.0002234 bpe=26.8435 workload=read_only neg_share=0.5 threads=1 load_factor=0.95 ops_per_s=1.377863e+07 p50=133ns p95=181ns p99=317ns
CONFIG filter=xor dist=sequential n=5000000 target_fpr=0.001 neg_share=0.5 workload=read_only threads=1 load_factor=0.95 fp_bits=12 ops=1500000 warmup_ops=150000 rep=2
run=2 filter=xor dist=sequential n=5000000 target_fpr=0.001 fp_bits=12 achieved_fpr=0.0002234 bpe=26.8435 workload=read_only neg_share=0.5 threads=1 load_factor=0.95 ops_per_s=1.381820e+07 p50=137ns p95=168ns p99=313ns
CONFIG filter=xor dist=sequential n=5000000 target_fpr=0.001 neg_share=0.5 workload=read_only threads=1 load_factor=0.95 fp_bits=16 ops=1500000 warmup_ops=150000 rep=0
run=0 filter=xor dist=sequential n=5000000 target_fpr=0.001 fp_bits=16 achieved_fpr=1.3e-05 bpe=26.8435 workload=read_only neg_share=0.5 threads=1 load_factor=0.95 ops_per_s=1.292465e+07 p50=136ns p95=247ns p99=315ns
CONFIG filter=xor dist=sequential n=5000000 target_fpr=0.001 neg_share=0.5 workload=read_only threads=1 load_factor=0.95 fp_bits=16 ops=1500000 warmup_ops=150000 rep=1
run=1 filter=xor dist=sequential n=5000000 target_fpr=0.001 fp_bits=16 achieved_fpr=1.3e-05 bpe=26.8435 workload=read_only neg_share=0.5 threads=1 load_factor=0.95 ops_per_s=1.371572e+07 p50=133ns p95=206ns p99=311ns
CONFIG filter=xor dist=sequential n=5000000 target_fpr=0.001 neg_share=0.5 workload=read_only threads=1 load_factor=0.95 fp_bits=16 ops=1500000 warmup_ops=150000 rep=2
run=2 filter=xor dist=sequential n=5000000 target_fpr=0.001 fp_bits=16 achieved_fpr=1.3e-05 bpe=26.8435 workload=read_only neg_share=0.5 threads=1 load_factor=0.95 ops_per_s=1.381532e+07 p50=133ns p95=165ns p99=320ns
CONFIG filter=cuckoo dist=sequential n=5000000 target_fpr=0.001 neg_share=0.5 workload=read_only threads=1 load_factor=0.95 fp_bits=8 ops=1500000 warmup_ops=150000 rep=0
run=0 filter=cuckoo dist=sequential n=5000000 target_fpr=0.001 fp_bits=8 achieved_fpr=0.0185788 bpe=26.8435 workload=read_only neg_share=0.5 threads=1 load_factor=0.95 ops_per_s=8.330657e+06 p50=119ns p95=249ns p99=304ns fail_rate=0.000000 avg_kicks=0.000000 stash_hits=0
CONFIG filter=cuckoo dist=sequential n=5000000 target_fpr=0.001 neg_share=0.5 workload=read_only threads=1 load_factor=0.95 fp_bits=8 ops=1500000 warmup_ops=150000 rep=1
run=1 filter=cuckoo dist=sequential n=5000000 target_fpr=0.001 fp_bits=8 achieved_fpr=0.0185788 bpe=26.8435 workload=read_only neg_share=0.5 threads=1 load_factor=0.95 ops_per_s=7.712871e+06 p50=60ns p95=284ns p99=332ns fail_rate=0.000000 avg_kicks=0.000000 stash_hits=0
CONFIG filter=cuckoo dist=sequential n=5000000 target_fpr=0.001 neg_share=0.5 workload=read_only threads=1 load_factor=0.95 fp_bits=8 ops=1500000 warmup_ops=150000 rep=2
run=2 filter=cuckoo dist=sequential n=5000000 target_fpr=0.001 fp_bits=8 achieved_fpr=0.0185788 bpe=26.8435 workload=read_only neg_share=0.5 threads=1 load_factor=0.95 ops_per_s=7.802868e+06 p50=60ns p95=283ns p99=323ns fail_rate=0.000000 avg_kicks=0.000000 stash_hits=0
CONFIG filter=cuckoo dist=sequential n=5000000 target_fpr=0.001 neg_share=0.5 workload=read_only threads=1 load_factor=0.95 fp_bits=12 ops=1500000 warmup_ops=150000 rep=0
run=0 filter=cuckoo dist=sequential n=5000000 target_fpr=0.001 fp_bits=12 achieved_fpr=0.001155 bpe=26.8435 workload=read_only neg_share=0.5 threads=1 load_factor=0.95 ops_per_s=7.757551e+06 p50=63ns p95=286ns p99=324ns fail_rate=0.000000 avg_kicks=0.000000 stash_hits=0
CONFIG filter=cuckoo dist=sequential n=5000000 target_fpr=0.001 neg_share=0.5 workload=read_only threads=1 load_factor=0.95 fp_bits=12 ops=1500000 warmup_ops=150000 rep=1
run=1 filter=cuckoo dist=sequential n=5000000 target_fpr=0.001 fp_bits=12 achieved_fpr=0.001155 bpe=26.8435 workload=read_only neg_share=0.5 threads=1 load_factor=0.95 ops_per_s=7.818971e+06 p50=72ns p95=286ns p99=325ns fail_rate=0.000000 avg_kicks=0.000000 stash_hits=0
CONFIG filter=cuckoo dist=sequential n=5000000 target_fpr=0.001 neg_share=0.5 workload=read_only threads=1 load_factor=0.95 fp_bits=12 ops=1500000 warmup_ops=150000 rep=2
run=2 filter=cuckoo dist=sequential n=5000000 target_fpr=0.001 fp_bits=12 achieved_fpr=0.001155 bpe=26.8435 workload=read_only neg_share=0.5 threads=1 load_factor=0.95 ops_per_s=8.030415e+06 p50=113ns p95=275ns p99=319ns fail_rate=0.000000 avg_kicks=0.000000 stash_hits=0
CONFIG filter=cuckoo dist=sequential n=5000000 target_fpr=0.001 neg_share=0.5 workload=read_only threads=1 load_factor=0.95 fp_bits=16 ops=1500000 warmup_ops=150000 rep=0
run=0 filter=cuckoo dist=sequential n=5000000 target_fpr=0.001 fp_bits=16 achieved_fpr=7.7e-05 bpe=26.8435 workload=read_only neg_share=0.5 threads=1 load_factor=0.95 ops_per_s=7.743813e+06 p50=85ns p95=290ns p99=327ns fail_rate=0.000000 avg_kicks=0.000000 stash_hits=0
CONFIG filter=cuckoo dist=sequential n=5000000 target_fpr=0.001 neg_share=0.5 workload=read_only threads=1 load_factor=0.95 fp_bits=16 ops=1500000 warmup_ops=150000 rep=1
run=1 filter=cuckoo dist=sequential n=5000000 target_fpr=0.001 fp_bits=16 achieved_fpr=7.7e-05 bpe=26.8435 workload=read_only neg_share=0.5 threads=1 load_factor=0.95 ops_per_s=8.150706e+06 p50=87ns p95=261ns p99=317ns fail_rate=0.000000 avg_kicks=0.000000 stash_hits=0
CONFIG filter=cuckoo dist=sequential n=5000000 target_fpr=0.001 neg_share=0.5 workload=read_only threads=1 load_factor=0.95 fp_bits=16 ops=1500000 warmup_ops=150000 rep=2
run=2 filter=cuckoo dist=sequential n=5000000 target_fpr=0.001 fp_bits=16 achieved_fpr=7.7e-05 bpe=26.8435 workload=read_only neg_share=0.5 threads=1 load_factor=0.95 ops_per_s=8.022159e+06 p50=77ns p95=278ns p99=314ns fail_rate=0.000000 avg_kicks=0.000000 stash_hits=0
CONFIG filter=quotient dist=sequential n=5000000 target_fpr=0.001 neg_share=0.5 workload=read_only threads=1 load_factor=0.95 fp_bits=12 ops=1500000 warmup_ops=150000 rep=0
run=0 filter=quotient dist=sequential n=5000000 target_fpr=0.001 fp_bits=12 achieved_fpr=0.0002992 bpe=41.943 workload=read_only neg_share=0.5 threads=1 load_factor=0.95 ops_per_s=8.897950e+06 p50=126ns p95=211ns p99=324ns avg_probe=0.000000 cluster_mean=0.000000 cluster_p99=0.000000
CONFIG filter=quotient dist=sequential n=5000000 target_fpr=0.001 neg_share=0.5 workload=read_only threads=1 load_factor=0.95 fp_bits=12 ops=1500000 warmup_ops=150000 rep=1
run=1 filter=quotient dist=sequential n=5000000 target_fpr=0.001 fp_bits=12 achieved_fpr=0.0002992 bpe=41.943 workload=read_only neg_share=0.5 threads=1 load_factor=0.95 ops_per_s=8.857681e+06 p50=129ns p95=220ns p99=318ns avg_probe=0.000000 cluster_mean=0.000000 cluster_p99=0.000000
CONFIG filter=quotient dist=sequential n=5000000 target_fpr=0.001 neg_share=0.5 workload=read_only threads=1 load_factor=0.95 fp_bits=12 ops=1500000 warmup_ops=150000 rep=2
run=2 filter=quotient dist=sequential n=5000000 target_fpr=0.001 fp_bits=12 achieved_fpr=0.0002992 bpe=41.943 workload=read_only neg_share=0.5 threads=1 load_factor=0.95 ops_per_s=8.955366e+06 p50=129ns p95=208ns p99=321ns avg_probe=0.000000 cluster_mean=0.000000 cluster_p99=0.000000
CONFIG filter=bloom dist=sequential n=10000000 target_fpr=0.05 neg_share=0.5 workload=read_only threads=1 load_factor=0.95 fp_bits=12 ops=1500000 warmup_ops=150000 rep=0
run=0 filter=bloom dist=sequential n=10000000 target_fpr=0.05 fp_bits=12 achieved_fpr=0.1027475 bpe=6.71089 workload=read_only neg_share=0.5 threads=1 load_factor=0.95 ops_per_s=1.355474e+07 p50=39ns p95=145ns p99=245ns
CONFIG filter=bloom dist=sequential n=10000000 target_fpr=0.05 neg_share=0.5 workload=read_only threads=1 load_factor=0.95 fp_bits=12 ops=1500000 warmup_ops=150000 rep=1
run=1 filter=bloom dist=sequential n=10000000 target_fpr=0.05 fp_bits=12 achieved_fpr=0.1027475 bpe=6.71089 workload=read_only neg_share=0.5 threads=1 load_factor=0.95 ops_per_s=1.375994e+07 p50=37ns p95=141ns p99=240ns
CONFIG filter=bloom dist=sequential n=10000000 target_fpr=0.05 neg_share=0.5 workload=read_only threads=1 load_factor=0.95 fp_bits=12 ops=1500000 warmup_ops=150000 rep=2
run=2 filter=bloom dist=sequential n=10000000 target_fpr=0.05 fp_bits=12 achieved_fpr=0.1027475 bpe=6.71089 workload=read_only neg_share=0.5 threads=1 load_factor=0.95 ops_per_s=1.231883e+07 p50=39ns p95=155ns p99=294ns
CONFIG filter=xor dist=sequential n=10000000 target_fpr=0.05 neg_share=0.5 workload=read_only threads=1 load_factor=0.95 fp_bits=8 ops=1500000 warmup_ops=150000 rep=0
run=0 filter=xor dist=sequential n=10000000 target_fpr=0.05 fp_bits=8 achieved_fpr=0.0037454 bpe=26.8435 workload=read_only neg_share=0.5 threads=1 load_factor=0.95 ops_per_s=1.251973e+07 p50=142ns p95=212ns p99=323ns
CONFIG filter=xor dist=sequential n=10000000 target_fpr=0.05 neg_share=0.5 workload=read_only threads=1 load_factor=0.95 fp_bits=8 ops=1500000 warmup_ops=150000 rep=1
run=1 filter=xor dist=sequential n=10000000 target_fpr=0.05 fp_bits=8 achieved_fpr=0.0037454 bpe=26.8435 workload=read_only neg_share=0.5 threads=1 load_factor=0.95 ops_per_s=1.250254e+07 p50=142ns p95=218ns p99=328ns
CONFIG filter=xor dist=sequential n=10000000 target_fpr=0.05 neg_share=0.5 workload=read_only threads=1 load_factor=0.95 fp_bits=8 ops=1500000 warmup_ops=150000 rep=2
run=2 filter=xor dist=sequential n=10000000 target_fpr=0.05 fp_bits=8 achieved_fpr=0.0037454 bpe=26.8435 workload=read_only neg_share=0.5 threads=1 load_factor=0.95 ops_per_s=1.257032e+07 p50=142ns p95=215ns p99=331ns
CONFIG filter=xor dist=sequential n=10000000 target_fpr=0.05 neg_share=0.5 workload=read_only threads=1 load_factor=0.95 fp_bits=12 ops=1500000 warmup_ops=150000 rep=0
run=0 filter=xor dist=sequential n=10000000 target_fpr=0.05 fp_bits=12 achieved_fpr=0.0002442 bpe=26.8435 workload=read_only neg_share=0.5 threads=1 load_factor=0.95 ops_per_s=1.259730e+07 p50=142ns p95=210ns p99=326ns
CONFIG filter=xor dist=sequential n=10000000 target_fpr=0.05 neg_share=0.5 workload=read_only threads=1 load_factor=0.95 fp_bits=12 ops=1500000 warmup_ops=150000 rep=1
run=1 filter=xor dist=sequential n=10000000 target_fpr=0.05 fp_bits=12 achieved_fpr=0.0002442 bpe=26.8435 workload=read_only neg_share=0.5 threads=1 load_factor=0.95 ops_per_s=1.261790e+07 p50=142ns p95=214ns p99=325ns
CONFIG filter=xor dist=sequential n=10000000 target_fpr=0.05 neg_share=0.5 workload=read_only threads=1 load_factor=0.95 fp_bits=12 ops=1500000 warmup_ops=150000 rep=2
run=2 filter=xor dist=sequential n=10000000 target_fpr=0.05 fp_bits=12 achieved_fpr=0.0002442 bpe=26.8435 workload=read_only neg_share=0.5 threads=1 load_factor=0.95 ops_per_s=1.253210e+07 p50=142ns p95=208ns p99=322ns
CONFIG filter=xor dist=sequential n=10000000 target_fpr=0.05 neg_share=0.5 workload=read_only threads=1 load_factor=0.95 fp_bits=16 ops=1500000 warmup_ops=150000 rep=0
run=0 filter=xor dist=sequential n=10000000 target_fpr=0.05 fp_bits=16 achieved_fpr=1.6e-05 bpe=26.8435 workload=read_only neg_share=0.5 threads=1 load_factor=0.95 ops_per_s=1.257220e+07 p50=142ns p95=215ns p99=318ns
CONFIG filter=xor dist=sequential n=10000000 target_fpr=0.05 neg_share=0.5 workload=read_only threads=1 load_factor=0.95 fp_bits=16 ops=1500000 warmup_ops=150000 rep=1
run=1 filter=xor dist=sequential n=10000000 target_fpr=0.05 fp_bits=16 achieved_fpr=1.6e-05 bpe=26.8435 workload=read_only neg_share=0.5 threads=1 load_factor=0.95 ops_per_s=1.258404e+07 p50=142ns p95=217ns p99=329ns
CONFIG filter=xor dist=sequential n=10000000 target_fpr=0.05 neg_share=0.5 workload=read_only threads=1 load_factor=0.95 fp_bits=16 ops=1500000 warmup_ops=150000 rep=2
run=2 filter=xor dist=sequential n=10000000 target_fpr=0.05 fp_bits=16 achieved_fpr=1.6e-05 bpe=26.8435 workload=read_only neg_share=0.5 threads=1 load_factor=0.95 ops_per_s=1.261989e+07 p50=142ns p95=201ns p99=319ns
CONFIG filter=cuckoo dist=sequential n=10000000 target_fpr=0.05 neg_share=0.5 workload=read_only threads=1 load_factor=0.95 fp_bits=8 ops=1500000 warmup_ops=150000 rep=0
run=0 filter=cuckoo dist=sequential n=10000000 target_fpr=0.05 fp_bits=8 achieved_fpr=0.0186349 bpe=26.8435 workload=read_only neg_share=0.5 threads=1 load_factor=0.95 ops_per_s=7.897846e+06 p50=151ns p95=229ns p99=301ns fail_rate=0.000000 avg_kicks=0.000000 stash_hits=0
CONFIG filter=cuckoo dist=sequential n=10000000 target_fpr=0.05 neg_share=0.5 workload=read_only threads=1 load_factor=0.95 fp_bits=8 ops=1500000 warmup_ops=150000 rep=1
run=1 filter=cuckoo dist=sequential n=10000000 target_fpr=0.05 fp_bits=8 achieved_fpr=0.0186349 bpe=26.8435 workload=read_only neg_share=0.5 threads=1 load_factor=0.95 ops_per_s=7.900264e+06 p50=150ns p95=215ns p99=316ns fail_rate=0.000000 avg_kicks=0.000000 stash_hits=0
CONFIG filter=cuckoo dist=sequential n=10000000 target_fpr=0.05 neg_share=0.5 workload=read_only threads=1 load_factor=0.95 fp_bits=8 ops=1500000 warmup_ops=150000 rep=2
run=2 filter=cuckoo dist=sequential n=10000000 target_fpr=0.05 fp_bits=8 achieved_fpr=0.0186349 bpe=26.8435 workload=read_only neg_share=0.5 threads=1 load_factor=0.95 ops_per_s=7.905215e+06 p50=150ns p95=213ns p99=308ns fail_rate=0.000000 avg_kicks=0.000000 stash_hits=0
CONFIG filter=cuckoo dist=sequential n=10000000 target_fpr=0.05 neg_share=0.5 workload=read_only threads=1 load_factor=0.95 fp_bits=12 ops=1500000 warmup_ops=150000 rep=0
run=0 filter=cuckoo dist=sequential n=10000000 target_fpr=0.05 fp_bits=12 achieved_fpr=0.0011761 bpe=26.8435 workload=read_only neg_share=0.5 threads=1 load_factor=0.95 ops_per_s=7.940047e+06 p50=151ns p95=225ns p99=312ns fail_rate=0.000000 avg_kicks=0.000000 stash_hits=0
CONFIG filter=cuckoo dist=sequential n=10000000 target_fpr=0.05 neg_share=0.5 workload=read_only threads=1 load_factor=0.95 fp_bits=12 ops=1500000 warmup_ops=150000 rep=1
run=1 filter=cuckoo dist=sequential n=10000000 target_fpr=0.05 fp_bits=12 achieved_fpr=0.0011761 bpe=26.8435 workload=read_only neg_share=0.5 threads=1 load_factor=0.95 ops_per_s=7.921041e+06 p50=150ns p95=197ns p99=308ns fail_rate=0.000000 avg_kicks=0.000000 stash_hits=0
CONFIG filter=cuckoo dist=sequential n=10000000 target_fpr=0.05 neg_share=0.5 workload=read_only threads=1 load_factor=0.95 fp_bits=12 ops=1500000 warmup_ops=150000 rep=2
run=2 filter=cuckoo dist=sequential n=10000000 target_fpr=0.05 fp_bits=12 achieved_fpr=0.0011761 bpe=26.8435 workload=read_only neg_share=0.5 threads=1 load_factor=0.95 ops_per_s=7.921247e+06 p50=150ns p95=212ns p99=304ns fail_rate=0.000000 avg_kicks=0.000000 stash_hits=0
CONFIG filter=cuckoo dist=sequential n=10000000 target_fpr=0.05 neg_share=0.5 workload=read_only threads=1 load_factor=0.95 fp_bits=16 ops=1500000 warmup_ops=150000 rep=0
run=0 filter=cuckoo dist=sequential n=10000000 target_fpr=0.05 fp_bits=16 achieved_fpr=7.38e-05 bpe=26.8435 workload=read_only neg_share=0.5 threads=1 load_factor=0.95 ops_per_s=7.853582e+06 p50=151ns p95=208ns p99=314ns fail_rate=0.000000 avg_kicks=0.000000 stash_hits=0
CONFIG filter=cuckoo dist=sequential n=10000000 target_fpr=0.05 neg_share=0.5 workload=read_only threads=1 load_factor=0.95 fp_bits=16 ops=1500000 warmup_ops=150000 rep=1
run=1 filter=cuckoo dist=sequential n=10000000 target_fpr=0.05 fp_bits=16 achieved_fpr=7.38e-05 bpe=26.8435 workload=read_only neg_share=0.5 threads=1 load_factor=0.95 ops_per_s=7.896813e+06 p50=151ns p95=199ns p99=310ns fail_rate=0.000000 avg_kicks=0.000000 stash_hits=0
CONFIG filter=cuckoo dist=sequential n=10000000 target_fpr=0.05 neg_share=0.5 workload=read_only threads=1 load_factor=0.95 fp_bits=16 ops=1500000 warmup_ops=150000 rep=2
run=2 filter=cuckoo dist=sequential n=10000000 target_fpr=0.05 fp_bits=16 achieved_fpr=7.38e-05 bpe=26.8435 workload=read_only neg_share=0.5 threads=1 load_factor=0.95 ops_per_s=7.919982e+06 p50=151ns p95=208ns p99=302ns fail_rate=0.000000 avg_kicks=0.000000 stash_hits=0
CONFIG filter=quotient dist=sequential n=10000000 target_fpr=0.05 neg_share=0.5 workload=read_only threads=1 load_factor=0.95 fp_bits=12 ops=1500000 warmup_ops=150000 rep=0
run=0 filter=quotient dist=sequential n=10000000 target_fpr=0.05 fp_bits=12 achieved_fpr=0.0095199 bpe=41.943 workload=read_only neg_share=0.5 threads=1 load_factor=0.95 ops_per_s=8.422967e+06 p50=147ns p95=233ns p99=331ns avg_probe=0.000000 cluster_mean=0.000000 cluster_p99=0.000000
CONFIG filter=quotient dist=sequential n=10000000 target_fpr=0.05 neg_share=0.5 workload=read_only threads=1 load_factor=0.95 fp_bits=12 ops=1500000 warmup_ops=150000 rep=1
run=1 filter=quotient dist=sequential n=10000000 target_fpr=0.05 fp_bits=12 achieved_fpr=0.0095199 bpe=41.943 workload=read_only neg_share=0.5 threads=1 load_factor=0.95 ops_per_s=8.188394e+06 p50=152ns p95=241ns p99=340ns avg_probe=0.000000 cluster_mean=0.000000 cluster_p99=0.000000
CONFIG filter=quotient dist=sequential n=10000000 target_fpr=0.05 neg_share=0.5 workload=read_only threads=1 load_factor=0.95 fp_bits=12 ops=1500000 warmup_ops=150000 rep=2
run=2 filter=quotient dist=sequential n=10000000 target_fpr=0.05 fp_bits=12 achieved_fpr=0.0095199 bpe=41.943 workload=read_only neg_share=0.5 threads=1 load_factor=0.95 ops_per_s=8.228978e+06 p50=151ns p95=249ns p99=348ns avg_probe=0.000000 cluster_mean=0.000000 cluster_p99=0.000000
CONFIG filter=bloom dist=sequential n=10000000 target_fpr=0.01 neg_share=0.5 workload=read_only threads=1 load_factor=0.95 fp_bits=12 ops=1500000 warmup_ops=150000 rep=0
run=0 filter=bloom dist=sequential n=10000000 target_fpr=0.01 fp_bits=12 achieved_fpr=0.0459323 bpe=13.4218 workload=read_only neg_share=0.5 threads=1 load_factor=0.95 ops_per_s=1.040666e+07 p50=49ns p95=160ns p99=272ns
CONFIG filter=bloom dist=sequential n=10000000 target_fpr=0.01 neg_share=0.5 workload=read_only threads=1 load_factor=0.95 fp_bits=12 ops=1500000 warmup_ops=150000 rep=1
run=1 filter=bloom dist=sequential n=10000000 target_fpr=0.01 fp_bits=12 achieved_fpr=0.0459323 bpe=13.4218 workload=read_only neg_share=0.5 threads=1 load_factor=0.95 ops_per_s=1.033673e+07 p50=50ns p95=161ns p99=298ns
CONFIG filter=bloom dist=sequential n=10000000 target_fpr=0.01 neg_share=0.5 workload=read_only threads=1 load_factor=0.95 fp_bits=12 ops=1500000 warmup_ops=150000 rep=2
run=2 filter=bloom dist=sequential n=10000000 target_fpr=0.01 fp_bits=12 achieved_fpr=0.0459323 bpe=13.4218 workload=read_only neg_share=0.5 threads=1 load_factor=0.95 ops_per_s=1.038921e+07 p50=48ns p95=162ns p99=300ns
CONFIG filter=xor dist=sequential n=10000000 target_fpr=0.01 neg_share=0.5 workload=read_only threads=1 load_factor=0.95 fp_bits=8 ops=1500000 warmup_ops=150000 rep=0
run=0 filter=xor dist=sequential n=10000000 target_fpr=0.01 fp_bits=8 achieved_fpr=0.0037454 bpe=26.8435 workload=read_only neg_share=0.5 threads=1 load_factor=0.95 ops_per_s=1.260457e+07 p50=142ns p95=209ns p99=325ns
CONFIG filter=xor dist=sequential n=10000000 target_fpr=0.01 neg_share=0.5 workload=read_only threads=1 load_factor=0.95 fp_bits=8 ops=1500000 warmup_ops=150000 rep=1
run=1 filter=xor dist=sequential n=10000000 target_fpr=0.01 fp_bits=8 achieved_fpr=0.0037454 bpe=26.8435 workload=read_only neg_share=0.5 threads=1 load_factor=0.95 ops_per_s=1.251136e+07 p50=142ns p95=219ns p99=324ns
CONFIG filter=xor dist=sequential n=10000000 target_fpr=0.01 neg_share=0.5 workload=read_only threads=1 load_factor=0.95 fp_bits=8 ops=1500000 warmup_ops=150000 rep=2
run=2 filter=xor dist=sequential n=10000000 target_fpr=0.01 fp_bits=8 achieved_fpr=0.0037454 bpe=26.8435 workload=read_only neg_share=0.5 threads=1 load_factor=0.95 ops_per_s=1.250471e+07 p50=142ns p95=223ns p99=330ns
CONFIG filter=xor dist=sequential n=10000000 target_fpr=0.01 neg_share=0.5 workload=read_only threads=1 load_factor=0.95 fp_bits=12 ops=1500000 warmup_ops=150000 rep=0
run=0 filter=xor dist=sequential n=10000000 target_fpr=0.01 fp_bits=12 achieved_fpr=0.0002442 bpe=26.8435 workload=read_only neg_share=0.5 threads=1 load_factor=0.95 ops_per_s=1.256249e+07 p50=142ns p95=214ns p99=322ns
CONFIG filter=xor dist=sequential n=10000000 target_fpr=0.01 neg_share=0.5 workload=read_only threads=1 load_factor=0.95 fp_bits=12 ops=1500000 warmup_ops=150000 rep=1
run=1 filter=xor dist=sequential n=10000000 target_fpr=0.01 fp_bits=12 achieved_fpr=0.0002442 bpe=26.8435 workload=read_only neg_share=0.5 threads=1 load_factor=0.95 ops_per_s=1.259728e+07 p50=142ns p95=217ns p99=329ns
CONFIG filter=xor dist=sequential n=10000000 target_fpr=0.01 neg_share=0.5 workload=read_only threads=1 load_factor=0.95 fp_bits=12 ops=1500000 warmup_ops=150000 rep=2
run=2 filter=xor dist=sequential n=10000000 target_fpr=0.01 fp_bits=12 achieved_fpr=0.0002442 bpe=26.8435 workload=read_only neg_share=0.5 threads=1 load_factor=0.95 ops_per_s=1.253384e+07 p50=142ns p95=223ns p99=311ns
CONFIG filter=xor dist=sequential n=10000000 target_fpr=0.01 neg_share=0.5 workload=read_only threads=1 load_factor=0.95 fp_bits=16 ops=1500000 warmup_ops=150000 rep=0
run=0 filter=xor dist=sequential n=10000000 target_fpr=0.01 fp_bits=16 achieved_fpr=1.6e-05 bpe=26.8435 workload=read_only neg_share=0.5 threads=1 load_factor=0.95 ops_per_s=1.248918e+07 p50=142ns p95=217ns p99=313ns
CONFIG filter=xor dist=sequential n=10000000 target_fpr=0.01 neg_share=0.5 workload=read_only threads=1 load_factor=0.95 fp_bits=16 ops=1500000 warmup_ops=150000 rep=1
run=1 filter=xor dist=sequential n=10000000 target_fpr=0.01 fp_bits=16 achieved_fpr=1.6e-05 bpe=26.8435 workload=read_only neg_share=0.5 threads=1 load_factor=0.95 ops_per_s=1.258258e+07 p50=142ns p95=212ns p99=329ns
CONFIG filter=xor dist=sequential n=10000000 target_fpr=0.01 neg_share=0.5 workload=read_only threads=1 load_factor=0.95 fp_bits=16 ops=1500000 warmup_ops=150000 rep=2
run=2 filter=xor dist=sequential n=10000000 target_fpr=0.01 fp_bits=16 achieved_fpr=1.6e-05 bpe=26.8435 workload=read_only neg_share=0.5 threads=1 load_factor=0.95 ops_per_s=1.257381e+07 p50=141ns p95=219ns p99=324ns
CONFIG filter=cuckoo dist=sequential n=10000000 target_fpr=0.01 neg_share=0.5 workload=read_only threads=1 load_factor=0.95 fp_bits=8 ops=1500000 warmup_ops=150000 rep=0
run=0 filter=cuckoo dist=sequential n=10000000 target_fpr=0.01 fp_bits=8 achieved_fpr=0.0186349 bpe=26.8435 workload=read_only neg_share=0.5 threads=1 load_factor=0.95 ops_per_s=7.643710e+06 p50=151ns p95=266ns p99=341ns fail_rate=0.000000 avg_kicks=0.000000 stash_hits=0
CONFIG filter=cuckoo dist=sequential n=10000000 target_fpr=0.01 neg_share=0.5 workload=read_only threads=1 load_factor=0.95 fp_bits=8 ops=1500000 warmup_ops=150000 rep=1
run=1 filter=cuckoo dist=sequential n=10000000 target_fpr=0.01 fp_bits=8 achieved_fpr=0.0186349 bpe=26.8435 workload=read_only neg_share=0.5 threads=1 load_factor=0.95 ops_per_s=7.905817e+06 p50=150ns p95=224ns p99=308ns fail_rate=0.000000 avg_kicks=0.000000 stash_hits=0
CONFIG filter=cuckoo dist=sequential n=10000000 target_fpr=0.01 neg_share=0.5 workload=read_only threads=1 load_factor=0.95 fp_bits=8 ops=1500000 warmup_ops=150000 rep=2
run=2 filter=cuckoo dist=sequential n=10000000 target_fpr=0.01 fp_bits=8 achieved_fpr=0.0186349 bpe=26.8435 workload=read_only neg_share=0.5 threads=1 load_factor=0.95 ops_per_s=7.901359e+06 p50=151ns p95=220ns p99=316ns fail_rate=0.000000 avg_kicks=0.000000 stash_hits=0
CONFIG filter=cuckoo dist=sequential n=10000000 target_fpr=0.01 neg_share=0.5 workload=read_only threads=1 load_factor=0.95 fp_bits=12 ops=1500000 warmup_ops=150000 rep=0
run=0 filter=cuckoo dist=sequential n=10000000 target_fpr=0.01 fp_bits=12 achieved_fpr=0.0011761 bpe=26.8435 workload=read_only neg_share=0.5 threads=1 load_factor=0.95 ops_per_s=7.960289e+06 p50=150ns p95=209ns p99=334ns fail_rate=0.000000 avg_kicks=0.000000 stash_hits=0
CONFIG filter=cuckoo dist=sequential n=10000000 target_fpr=0.01 neg_share=0.5 workload=read_only threads=1 load_factor=0.95 fp_bits=12 ops=1500000 warmup_ops=150000 rep=1
run=1 filter=cuckoo dist=sequential n=10000000 target_fpr=0.01 fp_bits=12 achieved_fpr=0.0011761 bpe=26.8435 workload=read_only neg_share=0.5 threads=1 load_factor=0.95 ops_per_s=7.925729e+06 p50=151ns p95=214ns p99=327ns fail_rate=0.000000 avg_kicks=0.000000 stash_hits=0
CONFIG filter=cuckoo dist=sequential n=10000000 target_fpr=0.01 neg_share=0.5 workload=read_only threads=1 load_factor=0.95 fp_bits=12 ops=1500000 warmup_ops=150000 rep=2
run=2 filter=cuckoo dist=sequential n=10000000 target_fpr=0.01 fp_bits=12 achieved_fpr=0.0011761 bpe=26.8435 workload=read_only neg_share=0.5 threads=1 load_factor=0.95 ops_per_s=7.947820e+06 p50=150ns p95=223ns p99=319ns fail_rate=0.000000 avg_kicks=0.000000 stash_hits=0
CONFIG filter=cuckoo dist=sequential n=10000000 target_fpr=0.01 neg_share=0.5 workload=read_only threads=1 load_factor=0.95 fp_bits=16 ops=1500000 warmup_ops=150000 rep=0
run=0 filter=cuckoo dist=sequential n=10000000 target_fpr=0.01 fp_bits=16 achieved_fpr=7.38e-05 bpe=26.8435 workload=read_only neg_share=0.5 threads=1 load_factor=0.95 ops_per_s=7.903081e+06 p50=151ns p95=221ns p99=313ns fail_rate=0.000000 avg_kicks=0.000000 stash_hits=0
CONFIG filter=cuckoo dist=sequential n=10000000 target_fpr=0.01 neg_share=0.5 workload=read_only threads=1 load_factor=0.95 fp_bits=16 ops=1500000 warmup_ops=150000 rep=1
run=1 filter=cuckoo dist=sequential n=10000000 target_fpr=0.01 fp_bits=16 achieved_fpr=7.38e-05 bpe=26.8435 workload=read_only neg_share=0.5 threads=1 load_factor=0.95 ops_per_s=7.973005e+06 p50=150ns p95=208ns p99=298ns fail_rate=0.000000 avg_kicks=0.000000 stash_hits=0
CONFIG filter=cuckoo dist=sequential n=10000000 target_fpr=0.01 neg_share=0.5 workload=read_only threads=1 load_factor=0.95 fp_bits=16 ops=1500000 warmup_ops=150000 rep=2
run=2 filter=cuckoo dist=sequential n=10000000 target_fpr=0.01 fp_bits=16 achieved_fpr=7.38e-05 bpe=26.8435 workload=read_only neg_share=0.5 threads=1 load_factor=0.95 ops_per_s=7.916164e+06 p50=151ns p95=218ns p99=319ns fail_rate=0.000000 avg_kicks=0.000000 stash_hits=0
CONFIG filter=quotient dist=sequential n=10000000 target_fpr=0.01 neg_share=0.5 workload=read_only threads=1 load_factor=0.95 fp_bits=12 ops=1500000 warmup_ops=150000 rep=0
run=0 filter=quotient dist=sequential n=10000000 target_fpr=0.01 fp_bits=12 achieved_fpr=0.0023206 bpe=41.943 workload=read_only neg_share=0.5 threads=1 load_factor=0.95 ops_per_s=8.420877e+06 p50=147ns p95=249ns p99=351ns avg_probe=0.000000 cluster_mean=0.000000 cluster_p99=0.000000
CONFIG filter=quotient dist=sequential n=10000000 target_fpr=0.01 neg_share=0.5 workload=read_only threads=1 load_factor=0.95 fp_bits=12 ops=1500000 warmup_ops=150000 rep=1
run=1 filter=quotient dist=sequential n=10000000 target_fpr=0.01 fp_bits=12 achieved_fpr=0.0023206 bpe=41.943 workload=read_only neg_share=0.5 threads=1 load_factor=0.95 ops_per_s=8.183561e+06 p50=151ns p95=254ns p99=344ns avg_probe=0.000000 cluster_mean=0.000000 cluster_p99=0.000000
CONFIG filter=quotient dist=sequential n=10000000 target_fpr=0.01 neg_share=0.5 workload=read_only threads=1 load_factor=0.95 fp_bits=12 ops=1500000 warmup_ops=150000 rep=2
run=2 filter=quotient dist=sequential n=10000000 target_fpr=0.01 fp_bits=12 achieved_fpr=0.0023206 bpe=41.943 workload=read_only neg_share=0.5 threads=1 load_factor=0.95 ops_per_s=8.172252e+06 p50=151ns p95=246ns p99=349ns avg_probe=0.000000 cluster_mean=0.000000 cluster_p99=0.000000
CONFIG filter=bloom dist=sequential n=10000000 target_fpr=0.001 neg_share=0.5 workload=read_only threads=1 load_factor=0.95 fp_bits=12 ops=1500000 warmup_ops=150000 rep=0
run=0 filter=bloom dist=sequential n=10000000 target_fpr=0.001 fp_bits=12 achieved_fpr=0.0226663 bpe=26.8435 workload=read_only neg_share=0.5 threads=1 load_factor=0.95 ops_per_s=8.865174e+06 p50=143ns p95=177ns p99=299ns
CONFIG filter=bloom dist=sequential n=10000000 target_fpr=0.001 neg_share=0.5 workload=read_only threads=1 load_factor=0.95 fp_bits=12 ops=1500000 warmup_ops=150000 rep=1
run=1 filter=bloom dist=sequential n=10000000 target_fpr=0.001 fp_bits=12 achieved_fpr=0.0226663 bpe=26.8435 workload=read_only neg_share=0.5 threads=1 load_factor=0.95 ops_per_s=8.810863e+06 p50=145ns p95=177ns p99=320ns
CONFIG filter=bloom dist=sequential n=10000000 target_fpr=0.001 neg_share=0.5 workload=read_only threads=1 load_factor=0.95 fp_bits=12 ops=1500000 warmup_ops=150000 rep=2
run=2 filter=bloom dist=sequential n=10000000 target_fpr=0.001 fp_bits=12 achieved_fpr=0.0226663 bpe=26.8435 workload=read_only neg_share=0.5 threads=1 load_factor=0.95 ops_per_s=8.830112e+06 p50=144ns p95=175ns p99=304ns
CONFIG filter=xor dist=sequential n=10000000 target_fpr=0.001 neg_share=0.5 workload=read_only threads=1 load_factor=0.95 fp_bits=8 ops=1500000 warmup_ops=150000 rep=0
run=0 filter=xor dist=sequential n=10000000 target_fpr=0.001 fp_bits=8 achieved_fpr=0.0037454 bpe=26.8435 workload=read_only neg_share=0.5 threads=1 load_factor=0.95 ops_per_s=1.247296e+07 p50=142ns p95=221ns p99=320ns
CONFIG filter=xor dist=sequential n=10000000 target_fpr=0.001 neg_share=0.5 workload=read_only threads=1 load_factor=0.95 fp_bits=8 ops=1500000 warmup_ops=150000 rep=1
run=1 filter=xor dist=sequential n=10000000 target_fpr=0.001 fp_bits=8 achieved_fpr=0.0037454 bpe=26.8435 workload=read_only neg_share=0.5 threads=1 load_factor=0.95 ops_per_s=1.257343e+07 p50=142ns p95=218ns p99=330ns
CONFIG filter=xor dist=sequential n=10000000 target_fpr=0.001 neg_share=0.5 workload=read_only threads=1 load_factor=0.95 fp_bits=8 ops=1500000 warmup_ops=150000 rep=2
run=2 filter=xor dist=sequential n=10000000 target_fpr=0.001 fp_bits=8 achieved_fpr=0.0037454 bpe=26.8435 workload=read_only neg_share=0.5 threads=1 load_factor=0.95 ops_per_s=1.256461e+07 p50=142ns p95=208ns p99=322ns
CONFIG filter=xor dist=sequential n=10000000 target_fpr=0.001 neg_share=0.5 workload=read_only threads=1 load_factor=0.95 fp_bits=12 ops=1500000 warmup_ops=150000 rep=0
run=0 filter=xor dist=sequential n=10000000 target_fpr=0.001 fp_bits=12 achieved_fpr=0.0002442 bpe=26.8435 workload=read_only neg_share=0.5 threads=1 load_factor=0.95 ops_per_s=1.245394e+07 p50=142ns p95=240ns p99=329ns
CONFIG filter=xor dist=sequential n=10000000 target_fpr=0.001 neg_share=0.5 workload=read_only threads=1 load_factor=0.95 fp_bits=12 ops=1500000 warmup_ops=150000 rep=1
run=1 filter=xor dist=sequential n=10000000 target_fpr=0.001 fp_bits=12 achieved_fpr=0.0002442 bpe=26.8435 workload=read_only neg_share=0.5 threads=1 load_factor=0.95 ops_per_s=1.256702e+07 p50=142ns p95=224ns p99=324ns
CONFIG filter=xor dist=sequential n=10000000 target_fpr=0.001 neg_share=0.5 workload=read_only threads=1 load_factor=0.95 fp_bits=12 ops=1500000 warmup_ops=150000 rep=2
run=2 filter=xor dist=sequential n=10000000 target_fpr=0.001 fp_bits=12 achieved_fpr=0.0002442 bpe=26.8435 workload=read_only neg_share=0.5 threads=1 load_factor=0.95 ops_per_s=1.257256e+07 p50=143ns p95=216ns p99=311ns
CONFIG filter=xor dist=sequential n=10000000 target_fpr=0.001 neg_share=0.5 workload=read_only threads=1 load_factor=0.95 fp_bits=16 ops=1500000 warmup_ops=150000 rep=0
run=0 filter=xor dist=sequential n=10000000 target_fpr=0.001 fp_bits=16 achieved_fpr=1.6e-05 bpe=26.8435 workload=read_only neg_share=0.5 threads=1 load_factor=0.95 ops_per_s=1.255021e+07 p50=142ns p95=216ns p99=327ns
CONFIG filter=xor dist=sequential n=10000000 target_fpr=0.001 neg_share=0.5 workload=read_only threads=1 load_factor=0.95 fp_bits=16 ops=1500000 warmup_ops=150000 rep=1
run=1 filter=xor dist=sequential n=10000000 target_fpr=0.001 fp_bits=16 achieved_fpr=1.6e-05 bpe=26.8435 workload=read_only neg_share=0.5 threads=1 load_factor=0.95 ops_per_s=1.253590e+07 p50=142ns p95=211ns p99=322ns
CONFIG filter=xor dist=sequential n=10000000 target_fpr=0.001 neg_share=0.5 workload=read_only threads=1 load_factor=0.95 fp_bits=16 ops=1500000 warmup_ops=150000 rep=2
run=2 filter=xor dist=sequential n=10000000 target_fpr=0.001 fp_bits=16 achieved_fpr=1.6e-05 bpe=26.8435 workload=read_only neg_share=0.5 threads=1 load_factor=0.95 ops_per_s=7.613155e+06 p50=269ns p95=358ns p99=476ns
CONFIG filter=cuckoo dist=sequential n=10000000 target_fpr=0.001 neg_share=0.5 workload=read_only threads=1 load_factor=0.95 fp_bits=8 ops=1500000 warmup_ops=150000 rep=0
run=0 filter=cuckoo dist=sequential n=10000000 target_fpr=0.001 fp_bits=8 achieved_fpr=0.0186349 bpe=26.8435 workload=read_only neg_share=0.5 threads=1 load_factor=0.95 ops_per_s=7.958238e+06 p50=150ns p95=207ns p99=307ns fail_rate=0.000000 avg_kicks=0.000000 stash_hits=0
CONFIG filter=cuckoo dist=sequential n=10000000 target_fpr=0.001 neg_share=0.5 workload=read_only threads=1 load_factor=0.95 fp_bits=8 ops=1500000 warmup_ops=150000 rep=1
run=1 filter=cuckoo dist=sequential n=10000000 target_fpr=0.001 fp_bits=8 achieved_fpr=0.0186349 bpe=26.8435 workload=read_only neg_share=0.5 threads=1 load_factor=0.95 ops_per_s=7.907801e+06 p50=150ns p95=209ns p99=304ns fail_rate=0.000000 avg_kicks=0.000000 stash_hits=0
CONFIG filter=cuckoo dist=sequential n=10000000 target_fpr=0.001 neg_share=0.5 workload=read_only threads=1 load_factor=0.95 fp_bits=8 ops=1500000 warmup_ops=150000 rep=2
run=2 filter=cuckoo dist=sequential n=10000000 target_fpr=0.001 fp_bits=8 achieved_fpr=0.0186349 bpe=26.8435 workload=read_only neg_share=0.5 threads=1 load_factor=0.95 ops_per_s=7.928025e+06 p50=151ns p95=209ns p99=308ns fail_rate=0.000000 avg_kicks=0.000000 stash_hits=0
CONFIG filter=cuckoo dist=sequential n=10000000 target_fpr=0.001 neg_share=0.5 workload=read_only threads=1 load_factor=0.95 fp_bits=12 ops=1500000 warmup_ops=150000 rep=0
run=0 filter=cuckoo dist=sequential n=10000000 target_fpr=0.001 fp_bits=12 achieved_fpr=0.0011761 bpe=26.8435 workload=read_only neg_share=0.5 threads=1 load_factor=0.95 ops_per_s=7.925855e+06 p50=152ns p95=227ns p99=316ns fail_rate=0.000000 avg_kicks=0.000000 stash_hits=0
CONFIG filter=cuckoo dist=sequential n=10000000 target_fpr=0.001 neg_share=0.5 workload=read_only threads=1 load_factor=0.95 fp_bits=12 ops=1500000 warmup_ops=150000 rep=1
run=1 filter=cuckoo dist=sequential n=10000000 target_fpr=0.001 fp_bits=12 achieved_fpr=0.0011761 bpe=26.8435 workload=read_only neg_share=0.5 threads=1 load_factor=0.95 ops_per_s=7.891630e+06 p50=150ns p95=216ns p99=321ns fail_rate=0.000000 avg_kicks=0.000000 stash_hits=0
CONFIG filter=cuckoo dist=sequential n=10000000 target_fpr=0.001 neg_share=0.5 workload=read_only threads=1 load_factor=0.95 fp_bits=12 ops=1500000 warmup_ops=150000 rep=2
run=2 filter=cuckoo dist=sequential n=10000000 target_fpr=0.001 fp_bits=12 achieved_fpr=0.0011761 bpe=26.8435 workload=read_only neg_share=0.5 threads=1 load_factor=0.95 ops_per_s=7.898357e+06 p50=150ns p95=217ns p99=315ns fail_rate=0.000000 avg_kicks=0.000000 stash_hits=0
CONFIG filter=cuckoo dist=sequential n=10000000 target_fpr=0.001 neg_share=0.5 workload=read_only threads=1 load_factor=0.95 fp_bits=16 ops=1500000 warmup_ops=150000 rep=0
run=0 filter=cuckoo dist=sequential n=10000000 target_fpr=0.001 fp_bits=16 achieved_fpr=7.38e-05 bpe=26.8435 workload=read_only neg_share=0.5 threads=1 load_factor=0.95 ops_per_s=7.898391e+06 p50=150ns p95=216ns p99=313ns fail_rate=0.000000 avg_kicks=0.000000 stash_hits=0
CONFIG filter=cuckoo dist=sequential n=10000000 target_fpr=0.001 neg_share=0.5 workload=read_only threads=1 load_factor=0.95 fp_bits=16 ops=1500000 warmup_ops=150000 rep=1
run=1 filter=cuckoo dist=sequential n=10000000 target_fpr=0.001 fp_bits=16 achieved_fpr=7.38e-05 bpe=26.8435 workload=read_only neg_share=0.5 threads=1 load_factor=0.95 ops_per_s=7.926785e+06 p50=151ns p95=203ns p99=315ns fail_rate=0.000000 avg_kicks=0.000000 stash_hits=0
CONFIG filter=cuckoo dist=sequential n=10000000 target_fpr=0.001 neg_share=0.5 workload=read_only threads=1 load_factor=0.95 fp_bits=16 ops=1500000 warmup_ops=150000 rep=2
run=2 filter=cuckoo dist=sequential n=10000000 target_fpr=0.001 fp_bits=16 achieved_fpr=7.38e-05 bpe=26.8435 workload=read_only neg_share=0.5 threads=1 load_factor=0.95 ops_per_s=7.947563e+06 p50=151ns p95=217ns p99=307ns fail_rate=0.000000 avg_kicks=0.000000 stash_hits=0
CONFIG filter=quotient dist=sequential n=10000000 target_fpr=0.001 neg_share=0.5 workload=read_only threads=1 load_factor=0.95 fp_bits=12 ops=1500000 warmup_ops=150000 rep=0
run=0 filter=quotient dist=sequential n=10000000 target_fpr=0.001 fp_bits=12 achieved_fpr=0.0002863 bpe=41.943 workload=read_only neg_share=0.5 threads=1 load_factor=0.95 ops_per_s=8.248016e+06 p50=150ns p95=252ns p99=343ns avg_probe=0.000000 cluster_mean=0.000000 cluster_p99=0.000000
CONFIG filter=quotient dist=sequential n=10000000 target_fpr=0.001 neg_share=0.5 workload=read_only threads=1 load_factor=0.95 fp_bits=12 ops=1500000 warmup_ops=150000 rep=1
run=1 filter=quotient dist=sequential n=10000000 target_fpr=0.001 fp_bits=12 achieved_fpr=0.0002863 bpe=41.943 workload=read_only neg_share=0.5 threads=1 load_factor=0.95 ops_per_s=8.251110e+06 p50=151ns p95=245ns p99=343ns avg_probe=0.000000 cluster_mean=0.000000 cluster_p99=0.000000
CONFIG filter=quotient dist=sequential n=10000000 target_fpr=0.001 neg_share=0.5 workload=read_only threads=1 load_factor=0.95 fp_bits=12 ops=1500000 warmup_ops=150000 rep=2
run=2 filter=quotient dist=sequential n=10000000 target_fpr=0.001 fp_bits=12 achieved_fpr=0.0002863 bpe=41.943 workload=read_only neg_share=0.5 threads=1 load_factor=0.95 ops_per_s=8.197559e+06 p50=151ns p95=251ns p99=346ns avg_probe=0.000000 cluster_mean=0.000000 cluster_p99=0.000000
CONFIG filter=bloom dist=uniform n=1000000 target_fpr=0.01 neg_share=0.0 workload=read_only threads=1 load_factor=0.95 fp_bits=12 ops=1500000 warmup_ops=150000 rep=0
run=0 filter=bloom dist=uniform n=1000000 target_fpr=0.01 fp_bits=12 achieved_fpr=0.035445 bpe=16.7772 workload=read_only neg_share=0 threads=1 load_factor=0.95 ops_per_s=3.348970e+07 p50=32ns p95=38ns p99=50ns
CONFIG filter=bloom dist=uniform n=1000000 target_fpr=0.01 neg_share=0.0 workload=read_only threads=1 load_factor=0.95 fp_bits=12 ops=1500000 warmup_ops=150000 rep=1
run=1 filter=bloom dist=uniform n=1000000 target_fpr=0.01 fp_bits=12 achieved_fpr=0.035445 bpe=16.7772 workload=read_only neg_share=0 threads=1 load_factor=0.95 ops_per_s=3.448321e+07 p50=32ns p95=36ns p99=49ns
CONFIG filter=bloom dist=uniform n=1000000 target_fpr=0.01 neg_share=0.0 workload=read_only threads=1 load_factor=0.95 fp_bits=12 ops=1500000 warmup_ops=150000 rep=2
run=2 filter=bloom dist=uniform n=1000000 target_fpr=0.01 fp_bits=12 achieved_fpr=0.035445 bpe=16.7772 workload=read_only neg_share=0 threads=1 load_factor=0.95 ops_per_s=3.477384e+07 p50=31ns p95=36ns p99=50ns
CONFIG filter=xor dist=uniform n=1000000 target_fpr=0.01 neg_share=0.0 workload=read_only threads=1 load_factor=0.95 fp_bits=8 ops=1500000 warmup_ops=150000 rep=0
run=0 filter=xor dist=uniform n=1000000 target_fpr=0.01 fp_bits=8 achieved_fpr=0.003436 bpe=33.5544 workload=read_only neg_share=0 threads=1 load_factor=0.95 ops_per_s=3.451506e+07 p50=30ns p95=36ns p99=220ns
CONFIG filter=xor dist=uniform n=1000000 target_fpr=0.01 neg_share=0.0 workload=read_only threads=1 load_factor=0.95 fp_bits=8 ops=1500000 warmup_ops=150000 rep=1
run=1 filter=xor dist=uniform n=1000000 target_fpr=0.01 fp_bits=8 achieved_fpr=0.003436 bpe=33.5544 workload=read_only neg_share=0 threads=1 load_factor=0.95 ops_per_s=3.703447e+07 p50=30ns p95=37ns p99=209ns
CONFIG filter=xor dist=uniform n=1000000 target_fpr=0.01 neg_share=0.0 workload=read_only threads=1 load_factor=0.95 fp_bits=8 ops=1500000 warmup_ops=150000 rep=2
run=2 filter=xor dist=uniform n=1000000 target_fpr=0.01 fp_bits=8 achieved_fpr=0.003436 bpe=33.5544 workload=read_only neg_share=0 threads=1 load_factor=0.95 ops_per_s=3.042240e+07 p50=30ns p95=37ns p99=289ns
CONFIG filter=xor dist=uniform n=1000000 target_fpr=0.01 neg_share=0.0 workload=read_only threads=1 load_factor=0.95 fp_bits=12 ops=1500000 warmup_ops=150000 rep=0
run=0 filter=xor dist=uniform n=1000000 target_fpr=0.01 fp_bits=12 achieved_fpr=0.000222 bpe=33.5544 workload=read_only neg_share=0 threads=1 load_factor=0.95 ops_per_s=3.707818e+07 p50=31ns p95=37ns p99=211ns
CONFIG filter=xor dist=uniform n=1000000 target_fpr=0.01 neg_share=0.0 workload=read_only threads=1 load_factor=0.95 fp_bits=12 ops=1500000 warmup_ops=150000 rep=1
run=1 filter=xor dist=uniform n=1000000 target_fpr=0.01 fp_bits=12 achieved_fpr=0.000222 bpe=33.5544 workload=read_only neg_share=0 threads=1 load_factor=0.95 ops_per_s=3.125451e+07 p50=30ns p95=36ns p99=214ns
CONFIG filter=xor dist=uniform n=1000000 target_fpr=0.01 neg_share=0.0 workload=read_only threads=1 load_factor=0.95 fp_bits=12 ops=1500000 warmup_ops=150000 rep=2
run=2 filter=xor dist=uniform n=1000000 target_fpr=0.01 fp_bits=12 achieved_fpr=0.000222 bpe=33.5544 workload=read_only neg_share=0 threads=1 load_factor=0.95 ops_per_s=3.694850e+07 p50=30ns p95=36ns p99=215ns
CONFIG filter=xor dist=uniform n=1000000 target_fpr=0.01 neg_share=0.0 workload=read_only threads=1 load_factor=0.95 fp_bits=16 ops=1500000 warmup_ops=150000 rep=0
run=0 filter=xor dist=uniform n=1000000 target_fpr=0.01 fp_bits=16 achieved_fpr=1.4e-05 bpe=33.5544 workload=read_only neg_share=0 threads=1 load_factor=0.95 ops_per_s=3.641268e+07 p50=30ns p95=36ns p99=213ns
CONFIG filter=xor dist=uniform n=1000000 target_fpr=0.01 neg_share=0.0 workload=read_only threads=1 load_factor=0.95 fp_bits=16 ops=1500000 warmup_ops=150000 rep=1
run=1 filter=xor dist=uniform n=1000000 target_fpr=0.01 fp_bits=16 achieved_fpr=1.4e-05 bpe=33.5544 workload=read_only neg_share=0 threads=1 load_factor=0.95 ops_per_s=3.682487e+07 p50=30ns p95=37ns p99=220ns
CONFIG filter=xor dist=uniform n=1000000 target_fpr=0.01 neg_share=0.0 workload=read_only threads=1 load_factor=0.95 fp_bits=16 ops=1500000 warmup_ops=150000 rep=2
run=2 filter=xor dist=uniform n=1000000 target_fpr=0.01 fp_bits=16 achieved_fpr=1.4e-05 bpe=33.5544 workload=read_only neg_share=0 threads=1 load_factor=0.95 ops_per_s=3.744823e+07 p50=30ns p95=36ns p99=212ns
CONFIG filter=cuckoo dist=uniform n=1000000 target_fpr=0.01 neg_share=0.0 workload=read_only threads=1 load_factor=0.95 fp_bits=8 ops=1500000 warmup_ops=150000 rep=0
run=0 filter=cuckoo dist=uniform n=1000000 target_fpr=0.01 fp_bits=8 achieved_fpr=0.014732 bpe=33.5544 workload=read_only neg_share=0 threads=1 load_factor=0.95 ops_per_s=1.654509e+07 p50=42ns p95=72ns p99=280ns fail_rate=0.000000 avg_kicks=0.000000 stash_hits=0
CONFIG filter=cuckoo dist=uniform n=1000000 target_fpr=0.01 neg_share=0.0 workload=read_only threads=1 load_factor=0.95 fp_bits=8 ops=1500000 warmup_ops=150000 rep=1
run=1 filter=cuckoo dist=uniform n=1000000 target_fpr=0.01 fp_bits=8 achieved_fpr=0.014732 bpe=33.5544 workload=read_only neg_share=0 threads=1 load_factor=0.95 ops_per_s=1.687661e+07 p50=43ns p95=71ns p99=299ns fail_rate=0.000000 avg_kicks=0.000000 stash_hits=0
CONFIG filter=cuckoo dist=uniform n=1000000 target_fpr=0.01 neg_share=0.0 workload=read_only threads=1 load_factor=0.95 fp_bits=8 ops=1500000 warmup_ops=150000 rep=2
run=2 filter=cuckoo dist=uniform n=1000000 target_fpr=0.01 fp_bits=8 achieved_fpr=0.014732 bpe=33.5544 workload=read_only neg_share=0 threads=1 load_factor=0.95 ops_per_s=1.758856e+07 p50=43ns p95=71ns p99=259ns fail_rate=0.000000 avg_kicks=0.000000 stash_hits=0
CONFIG filter=cuckoo dist=uniform n=1000000 target_fpr=0.01 neg_share=0.0 workload=read_only threads=1 load_factor=0.95 fp_bits=12 ops=1500000 warmup_ops=150000 rep=0
run=0 filter=cuckoo dist=uniform n=1000000 target_fpr=0.01 fp_bits=12 achieved_fpr=0.000977 bpe=33.5544 workload=read_only neg_share=0 threads=1 load_factor=0.95 ops_per_s=1.746516e+07 p50=44ns p95=73ns p99=264ns fail_rate=0.000000 avg_kicks=0.000000 stash_hits=0
CONFIG filter=cuckoo dist=uniform n=1000000 target_fpr=0.01 neg_share=0.0 workload=read_only threads=1 load_factor=0.95 fp_bits=12 ops=1500000 warmup_ops=150000 rep=1
run=1 filter=cuckoo dist=uniform n=1000000 target_fpr=0.01 fp_bits=12 achieved_fpr=0.000977 bpe=33.5544 workload=read_only neg_share=0 threads=1 load_factor=0.95 ops_per_s=1.765214e+07 p50=43ns p95=68ns p99=297ns fail_rate=0.000000 avg_kicks=0.000000 stash_hits=0
CONFIG filter=cuckoo dist=uniform n=1000000 target_fpr=0.01 neg_share=0.0 workload=read_only threads=1 load_factor=0.95 fp_bits=12 ops=1500000 warmup_ops=150000 rep=2
run=2 filter=cuckoo dist=uniform n=1000000 target_fpr=0.01 fp_bits=12 achieved_fpr=0.000977 bpe=33.5544 workload=read_only neg_share=0 threads=1 load_factor=0.95 ops_per_s=1.863937e+07 p50=43ns p95=69ns p99=247ns fail_rate=0.000000 avg_kicks=0.000000 stash_hits=0
CONFIG filter=cuckoo dist=uniform n=1000000 target_fpr=0.01 neg_share=0.0 workload=read_only threads=1 load_factor=0.95 fp_bits=16 ops=1500000 warmup_ops=150000 rep=0
run=0 filter=cuckoo dist=uniform n=1000000 target_fpr=0.01 fp_bits=16 achieved_fpr=4.5e-05 bpe=33.5544 workload=read_only neg_share=0 threads=1 load_factor=0.95 ops_per_s=1.860374e+07 p50=43ns p95=66ns p99=282ns fail_rate=0.000000 avg_kicks=0.000000 stash_hits=0
CONFIG filter=cuckoo dist=uniform n=1000000 target_fpr=0.01 neg_share=0.0 workload=read_only threads=1 load_factor=0.95 fp_bits=16 ops=1500000 warmup_ops=150000 rep=1
run=1 filter=cuckoo dist=uniform n=1000000 target_fpr=0.01 fp_bits=16 achieved_fpr=4.5e-05 bpe=33.5544 workload=read_only neg_share=0 threads=1 load_factor=0.95 ops_per_s=1.682045e+07 p50=43ns p95=70ns p99=290ns fail_rate=0.000000 avg_kicks=0.000000 stash_hits=0
CONFIG filter=cuckoo dist=uniform n=1000000 target_fpr=0.01 neg_share=0.0 workload=read_only threads=1 load_factor=0.95 fp_bits=16 ops=1500000 warmup_ops=150000 rep=2
run=2 filter=cuckoo dist=uniform n=1000000 target_fpr=0.01 fp_bits=16 achieved_fpr=4.5e-05 bpe=33.5544 workload=read_only neg_share=0 threads=1 load_factor=0.95 ops_per_s=1.643468e+07 p50=42ns p95=72ns p99=302ns fail_rate=0.000000 avg_kicks=0.000000 stash_hits=0
CONFIG filter=quotient dist=uniform n=1000000 target_fpr=0.01 neg_share=0.0 workload=read_only threads=1 load_factor=0.95 fp_bits=12 ops=1500000 warmup_ops=150000 rep=0
run=0 filter=quotient dist=uniform n=1000000 target_fpr=0.01 fp_bits=12 achieved_fpr=0.001834 bpe=52.4288 workload=read_only neg_share=0 threads=1 load_factor=0.95 ops_per_s=1.672190e+07 p50=42ns p95=105ns p99=302ns avg_probe=0.000000 cluster_mean=0.000000 cluster_p99=0.000000
CONFIG filter=quotient dist=uniform n=1000000 target_fpr=0.01 neg_share=0.0 workload=read_only threads=1 load_factor=0.95 fp_bits=12 ops=1500000 warmup_ops=150000 rep=1
run=1 filter=quotient dist=uniform n=1000000 target_fpr=0.01 fp_bits=12 achieved_fpr=0.001834 bpe=52.4288 workload=read_only neg_share=0 threads=1 load_factor=0.95 ops_per_s=1.640920e+07 p50=42ns p95=104ns p99=310ns avg_probe=0.000000 cluster_mean=0.000000 cluster_p99=0.000000
CONFIG filter=quotient dist=uniform n=1000000 target_fpr=0.01 neg_share=0.0 workload=read_only threads=1 load_factor=0.95 fp_bits=12 ops=1500000 warmup_ops=150000 rep=2
run=2 filter=quotient dist=uniform n=1000000 target_fpr=0.01 fp_bits=12 achieved_fpr=0.001834 bpe=52.4288 workload=read_only neg_share=0 threads=1 load_factor=0.95 ops_per_s=1.511966e+07 p50=42ns p95=192ns p99=312ns avg_probe=0.000000 cluster_mean=0.000000 cluster_p99=0.000000
CONFIG filter=bloom dist=uniform n=1000000 target_fpr=0.01 neg_share=0.5 workload=read_only threads=1 load_factor=0.95 fp_bits=12 ops=1500000 warmup_ops=150000 rep=0
run=0 filter=bloom dist=uniform n=1000000 target_fpr=0.01 fp_bits=12 achieved_fpr=0.035445 bpe=16.7772 workload=read_only neg_share=0.5 threads=1 load_factor=0.95 ops_per_s=1.859601e+07 p50=30ns p95=45ns p99=57ns
CONFIG filter=bloom dist=uniform n=1000000 target_fpr=0.01 neg_share=0.5 workload=read_only threads=1 load_factor=0.95 fp_bits=12 ops=1500000 warmup_ops=150000 rep=1
run=1 filter=bloom dist=uniform n=1000000 target_fpr=0.01 fp_bits=12 achieved_fpr=0.035445 bpe=16.7772 workload=read_only neg_share=0.5 threads=1 load_factor=0.95 ops_per_s=1.947880e+07 p50=29ns p95=44ns p99=55ns
CONFIG filter=bloom dist=uniform n=1000000 target_fpr=0.01 neg_share=0.5 workload=read_only threads=1 load_factor=0.95 fp_bits=12 ops=1500000 warmup_ops=150000 rep=2
run=2 filter=bloom dist=uniform n=1000000 target_fpr=0.01 fp_bits=12 achieved_fpr=0.035445 bpe=16.7772 workload=read_only neg_share=0.5 threads=1 load_factor=0.95 ops_per_s=1.794946e+07 p50=30ns p95=45ns p99=56ns
CONFIG filter=xor dist=uniform n=1000000 target_fpr=0.01 neg_share=0.5 workload=read_only threads=1 load_factor=0.95 fp_bits=8 ops=1500000 warmup_ops=150000 rep=0
run=0 filter=xor dist=uniform n=1000000 target_fpr=0.01 fp_bits=8 achieved_fpr=0.003436 bpe=33.5544 workload=read_only neg_share=0.5 threads=1 load_factor=0.95 ops_per_s=1.733925e+07 p50=32ns p95=38ns p99=226ns
CONFIG filter=xor dist=uniform n=1000000 target_fpr=0.01 neg_share=0.5 workload=read_only threads=1 load_factor=0.95 fp_bits=8 ops=1500000 warmup_ops=150000 rep=1
run=1 filter=xor dist=uniform n=1000000 target_fpr=0.01 fp_bits=8 achieved_fpr=0.003436 bpe=33.5544 workload=read_only neg_share=0.5 threads=1 load_factor=0.95 ops_per_s=1.691403e+07 p50=32ns p95=38ns p99=273ns
CONFIG filter=xor dist=uniform n=1000000 target_fpr=0.01 neg_share=0.5 workload=read_only threads=1 load_factor=0.95 fp_bits=8 ops=1500000 warmup_ops=150000 rep=2
run=2 filter=xor dist=uniform n=1000000 target_fpr=0.01 fp_bits=8 achieved_fpr=0.003436 bpe=33.5544 workload=read_only neg_share=0.5 threads=1 load_factor=0.95 ops_per_s=1.804615e+07 p50=31ns p95=38ns p99=216ns
CONFIG filter=xor dist=uniform n=1000000 target_fpr=0.01 neg_share=0.5 workload=read_only threads=1 load_factor=0.95 fp_bits=12 ops=1500000 warmup_ops=150000 rep=0
run=0 filter=xor dist=uniform n=1000000 target_fpr=0.01 fp_bits=12 achieved_fpr=0.000222 bpe=33.5544 workload=read_only neg_share=0.5 threads=1 load_factor=0.95 ops_per_s=1.684972e+07 p50=32ns p95=38ns p99=288ns
CONFIG filter=xor dist=uniform n=1000000 target_fpr=0.01 neg_share=0.5 workload=read_only threads=1 load_factor=0.95 fp_bits=12 ops=1500000 warmup_ops=150000 rep=1
run=1 filter=xor dist=uniform n=1000000 target_fpr=0.01 fp_bits=12 achieved_fpr=0.000222 bpe=33.5544 workload=read_only neg_share=0.5 threads=1 load_factor=0.95 ops_per_s=1.667204e+07 p50=32ns p95=38ns p99=213ns
CONFIG filter=xor dist=uniform n=1000000 target_fpr=0.01 neg_share=0.5 workload=read_only threads=1 load_factor=0.95 fp_bits=12 ops=1500000 warmup_ops=150000 rep=2
run=2 filter=xor dist=uniform n=1000000 target_fpr=0.01 fp_bits=12 achieved_fpr=0.000222 bpe=33.5544 workload=read_only neg_share=0.5 threads=1 load_factor=0.95 ops_per_s=1.705748e+07 p50=32ns p95=38ns p99=291ns
CONFIG filter=xor dist=uniform n=1000000 target_fpr=0.01 neg_share=0.5 workload=read_only threads=1 load_factor=0.95 fp_bits=16 ops=1500000 warmup_ops=150000 rep=0
run=0 filter=xor dist=uniform n=1000000 target_fpr=0.01 fp_bits=16 achieved_fpr=1.4e-05 bpe=33.5544 workload=read_only neg_share=0.5 threads=1 load_factor=0.95 ops_per_s=1.728196e+07 p50=32ns p95=38ns p99=219ns
CONFIG filter=xor dist=uniform n=1000000 target_fpr=0.01 neg_share=0.5 workload=read_only threads=1 load_factor=0.95 fp_bits=16 ops=1500000 warmup_ops=150000 rep=1
run=1 filter=xor dist=uniform n=1000000 target_fpr=0.01 fp_bits=16 achieved_fpr=1.4e-05 bpe=33.5544 workload=read_only neg_share=0.5 threads=1 load_factor=0.95 ops_per_s=1.700522e+07 p50=32ns p95=38ns p99=267ns
CONFIG filter=xor dist=uniform n=1000000 target_fpr=0.01 neg_share=0.5 workload=read_only threads=1 load_factor=0.95 fp_bits=16 ops=1500000 warmup_ops=150000 rep=2
run=2 filter=xor dist=uniform n=1000000 target_fpr=0.01 fp_bits=16 achieved_fpr=1.4e-05 bpe=33.5544 workload=read_only neg_share=0.5 threads=1 load_factor=0.95 ops_per_s=1.729686e+07 p50=32ns p95=38ns p99=288ns
CONFIG filter=cuckoo dist=uniform n=1000000 target_fpr=0.01 neg_share=0.5 workload=read_only threads=1 load_factor=0.95 fp_bits=8 ops=1500000 warmup_ops=150000 rep=0
run=0 filter=cuckoo dist=uniform n=1000000 target_fpr=0.01 fp_bits=8 achieved_fpr=0.014732 bpe=33.5544 workload=read_only neg_share=0.5 threads=1 load_factor=0.95 ops_per_s=1.144532e+07 p50=40ns p95=65ns p99=277ns fail_rate=0.000000 avg_kicks=0.000000 stash_hits=0
CONFIG filter=cuckoo dist=uniform n=1000000 target_fpr=0.01 neg_share=0.5 workload=read_only threads=1 load_factor=0.95 fp_bits=8 ops=1500000 warmup_ops=150000 rep=1
run=1 filter=cuckoo dist=uniform n=1000000 target_fpr=0.01 fp_bits=8 achieved_fpr=0.014732 bpe=33.5544 workload=read_only neg_share=0.5 threads=1 load_factor=0.95 ops_per_s=1.205461e+07 p50=40ns p95=56ns p99=274ns fail_rate=0.000000 avg_kicks=0.000000 stash_hits=0
CONFIG filter=cuckoo dist=uniform n=1000000 target_fpr=0.01 neg_share=0.5 workload=read_only threads=1 load_factor=0.95 fp_bits=8 ops=1500000 warmup_ops=150000 rep=2
run=2 filter=cuckoo dist=uniform n=1000000 target_fpr=0.01 fp_bits=8 achieved_fpr=0.014732 bpe=33.5544 workload=read_only neg_share=0.5 threads=1 load_factor=0.95 ops_per_s=1.191886e+07 p50=40ns p95=57ns p99=274ns fail_rate=0.000000 avg_kicks=0.000000 stash_hits=0
CONFIG filter=cuckoo dist=uniform n=1000000 target_fpr=0.01 neg_share=0.5 workload=read_only threads=1 load_factor=0.95 fp_bits=12 ops=1500000 warmup_ops=150000 rep=0
run=0 filter=cuckoo dist=uniform n=1000000 target_fpr=0.01 fp_bits=12 achieved_fpr=0.000977 bpe=33.5544 workload=read_only neg_share=0.5 threads=1 load_factor=0.95 ops_per_s=1.203367e+07 p50=40ns p95=57ns p99=276ns fail_rate=0.000000 avg_kicks=0.000000 stash_hits=0
CONFIG filter=cuckoo dist=uniform n=1000000 target_fpr=0.01 neg_share=0.5 workload=read_only threads=1 load_factor=0.95 fp_bits=12 ops=1500000 warmup_ops=150000 rep=1
run=1 filter=cuckoo dist=uniform n=1000000 target_fpr=0.01 fp_bits=12 achieved_fpr=0.000977 bpe=33.5544 workload=read_only neg_share=0.5 threads=1 load_factor=0.95 ops_per_s=1.024103e+07 p50=42ns p95=147ns p99=284ns fail_rate=0.000000 avg_kicks=0.000000 stash_hits=0
CONFIG filter=cuckoo dist=uniform n=1000000 target_fpr=0.01 neg_share=0.5 workload=read_only threads=1 load_factor=0.95 fp_bits=12 ops=1500000 warmup_ops=150000 rep=2
run=2 filter=cuckoo dist=uniform n=1000000 target_fpr=0.01 fp_bits=12 achieved_fpr=0.000977 bpe=33.5544 workload=read_only neg_share=0.5 threads=1 load_factor=0.95 ops_per_s=1.079819e+07 p50=42ns p95=80ns p99=276ns fail_rate=0.000000 avg_kicks=0.000000 stash_hits=0
CONFIG filter=cuckoo dist=uniform n=1000000 target_fpr=0.01 neg_share=0.5 workload=read_only threads=1 load_factor=0.95 fp_bits=16 ops=1500000 warmup_ops=150000 rep=0
run=0 filter=cuckoo dist=uniform n=1000000 target_fpr=0.01 fp_bits=16 achieved_fpr=4.5e-05 bpe=33.5544 workload=read_only neg_share=0.5 threads=1 load_factor=0.95 ops_per_s=1.222709e+07 p50=40ns p95=56ns p99=241ns fail_rate=0.000000 avg_kicks=0.000000 stash_hits=0
CONFIG filter=cuckoo dist=uniform n=1000000 target_fpr=0.01 neg_share=0.5 workload=read_only threads=1 load_factor=0.95 fp_bits=16 ops=1500000 warmup_ops=150000 rep=1
run=1 filter=cuckoo dist=uniform n=1000000 target_fpr=0.01 fp_bits=16 achieved_fpr=4.5e-05 bpe=33.5544 workload=read_only neg_share=0.5 threads=1 load_factor=0.95 ops_per_s=1.198544e+07 p50=40ns p95=57ns p99=274ns fail_rate=0.000000 avg_kicks=0.000000 stash_hits=0
CONFIG filter=cuckoo dist=uniform n=1000000 target_fpr=0.01 neg_share=0.5 workload=read_only threads=1 load_factor=0.95 fp_bits=16 ops=1500000 warmup_ops=150000 rep=2
run=2 filter=cuckoo dist=uniform n=1000000 target_fpr=0.01 fp_bits=16 achieved_fpr=4.5e-05 bpe=33.5544 workload=read_only neg_share=0.5 threads=1 load_factor=0.95 ops_per_s=1.129273e+07 p50=40ns p95=59ns p99=268ns fail_rate=0.000000 avg_kicks=0.000000 stash_hits=0
CONFIG filter=quotient dist=uniform n=1000000 target_fpr=0.01 neg_share=0.5 workload=read_only threads=1 load_factor=0.95 fp_bits=12 ops=1500000 warmup_ops=150000 rep=0
run=0 filter=quotient dist=uniform n=1000000 target_fpr=0.01 fp_bits=12 achieved_fpr=0.001834 bpe=52.4288 workload=read_only neg_share=0.5 threads=1 load_factor=0.95 ops_per_s=1.084406e+07 p50=40ns p95=198ns p99=297ns avg_probe=0.000000 cluster_mean=0.000000 cluster_p99=0.000000
CONFIG filter=quotient dist=uniform n=1000000 target_fpr=0.01 neg_share=0.5 workload=read_only threads=1 load_factor=0.95 fp_bits=12 ops=1500000 warmup_ops=150000 rep=1
run=1 filter=quotient dist=uniform n=1000000 target_fpr=0.01 fp_bits=12 achieved_fpr=0.001834 bpe=52.4288 workload=read_only neg_share=0.5 threads=1 load_factor=0.95 ops_per_s=1.008971e+07 p50=41ns p95=207ns p99=319ns avg_probe=0.000000 cluster_mean=0.000000 cluster_p99=0.000000
CONFIG filter=quotient dist=uniform n=1000000 target_fpr=0.01 neg_share=0.5 workload=read_only threads=1 load_factor=0.95 fp_bits=12 ops=1500000 warmup_ops=150000 rep=2
run=2 filter=quotient dist=uniform n=1000000 target_fpr=0.01 fp_bits=12 achieved_fpr=0.001834 bpe=52.4288 workload=read_only neg_share=0.5 threads=1 load_factor=0.95 ops_per_s=1.061500e+07 p50=40ns p95=216ns p99=298ns avg_probe=0.000000 cluster_mean=0.000000 cluster_p99=0.000000
CONFIG filter=bloom dist=uniform n=1000000 target_fpr=0.01 neg_share=0.9 workload=read_only threads=1 load_factor=0.95 fp_bits=12 ops=1500000 warmup_ops=150000 rep=0
run=0 filter=bloom dist=uniform n=1000000 target_fpr=0.01 fp_bits=12 achieved_fpr=0.035445 bpe=16.7772 workload=read_only neg_share=0.9 threads=1 load_factor=0.95 ops_per_s=2.532533e+07 p50=30ns p95=49ns p99=61ns
CONFIG filter=bloom dist=uniform n=1000000 target_fpr=0.01 neg_share=0.9 workload=read_only threads=1 load_factor=0.95 fp_bits=12 ops=1500000 warmup_ops=150000 rep=1
run=1 filter=bloom dist=uniform n=1000000 target_fpr=0.01 fp_bits=12 achieved_fpr=0.035445 bpe=16.7772 workload=read_only neg_share=0.9 threads=1 load_factor=0.95 ops_per_s=2.534496e+07 p50=30ns p95=49ns p99=60ns
CONFIG filter=bloom dist=uniform n=1000000 target_fpr=0.01 neg_share=0.9 workload=read_only threads=1 load_factor=0.95 fp_bits=12 ops=1500000 warmup_ops=150000 rep=2
run=2 filter=bloom dist=uniform n=1000000 target_fpr=0.01 fp_bits=12 achieved_fpr=0.035445 bpe=16.7772 workload=read_only neg_share=0.9 threads=1 load_factor=0.95 ops_per_s=2.528441e+07 p50=31ns p95=50ns p99=62ns
CONFIG filter=xor dist=uniform n=1000000 target_fpr=0.01 neg_share=0.9 workload=read_only threads=1 load_factor=0.95 fp_bits=8 ops=1500000 warmup_ops=150000 rep=0
run=0 filter=xor dist=uniform n=1000000 target_fpr=0.01 fp_bits=8 achieved_fpr=0.003436 bpe=33.5544 workload=read_only neg_share=0.9 threads=1 load_factor=0.95 ops_per_s=2.241411e+07 p50=30ns p95=37ns p99=236ns
CONFIG filter=xor dist=uniform n=1000000 target_fpr=0.01 neg_share=0.9 workload=read_only threads=1 load_factor=0.95 fp_bits=8 ops=1500000 warmup_ops=150000 rep=1
run=1 filter=xor dist=uniform n=1000000 target_fpr=0.01 fp_bits=8 achieved_fpr=0.003436 bpe=33.5544 workload=read_only neg_share=0.9 threads=1 load_factor=0.95 ops_per_s=2.362722e+07 p50=30ns p95=36ns p99=220ns
CONFIG filter=xor dist=uniform n=1000000 target_fpr=0.01 neg_share=0.9 workload=read_only threads=1 load_factor=0.95 fp_bits=8 ops=1500000 warmup_ops=150000 rep=2
run=2 filter=xor dist=uniform n=1000000 target_fpr=0.01 fp_bits=8 achieved_fpr=0.003436 bpe=33.5544 workload=read_only neg_share=0.9 threads=1 load_factor=0.95 ops_per_s=2.181350e+07 p50=30ns p95=37ns p99=268ns
CONFIG filter=xor dist=uniform n=1000000 target_fpr=0.01 neg_share=0.9 workload=read_only threads=1 load_factor=0.95 fp_bits=12 ops=1500000 warmup_ops=150000 rep=0
run=0 filter=xor dist=uniform n=1000000 target_fpr=0.01 fp_bits=12 achieved_fpr=0.000222 bpe=33.5544 workload=read_only neg_share=0.9 threads=1 load_factor=0.95 ops_per_s=2.468850e+07 p50=30ns p95=36ns p99=228ns
CONFIG filter=xor dist=uniform n=1000000 target_fpr=0.01 neg_share=0.9 workload=read_only threads=1 load_factor=0.95 fp_bits=12 ops=1500000 warmup_ops=150000 rep=1
run=1 filter=xor dist=uniform n=1000000 target_fpr=0.01 fp_bits=12 achieved_fpr=0.000222 bpe=33.5544 workload=read_only neg_share=0.9 threads=1 load_factor=0.95 ops_per_s=2.289131e+07 p50=31ns p95=37ns p99=230ns
CONFIG filter=xor dist=uniform n=1000000 target_fpr=0.01 neg_share=0.9 workload=read_only threads=1 load_factor=0.95 fp_bits=12 ops=1500000 warmup_ops=150000 rep=2
run=2 filter=xor dist=uniform n=1000000 target_fpr=0.01 fp_bits=12 achieved_fpr=0.000222 bpe=33.5544 workload=read_only neg_share=0.9 threads=1 load_factor=0.95 ops_per_s=2.351725e+07 p50=30ns p95=36ns p99=223ns
CONFIG filter=xor dist=uniform n=1000000 target_fpr=0.01 neg_share=0.9 workload=read_only threads=1 load_factor=0.95 fp_bits=16 ops=1500000 warmup_ops=150000 rep=0
run=0 filter=xor dist=uniform n=1000000 target_fpr=0.01 fp_bits=16 achieved_fpr=1.4e-05 bpe=33.5544 workload=read_only neg_share=0.9 threads=1 load_factor=0.95 ops_per_s=2.515287e+07 p50=29ns p95=36ns p99=212ns
CONFIG filter=xor dist=uniform n=1000000 target_fpr=0.01 neg_share=0.9 workload=read_only threads=1 load_factor=0.95 fp_bits=16 ops=1500000 warmup_ops=150000 rep=1
run=1 filter=xor dist=uniform n=1000000 target_fpr=0.01 fp_bits=16 achieved_fpr=1.4e-05 bpe=33.5544 workload=read_only neg_share=0.9 threads=1 load_factor=0.95 ops_per_s=2.393772e+07 p50=30ns p95=37ns p99=233ns
CONFIG filter=xor dist=uniform n=1000000 target_fpr=0.01 neg_share=0.9 workload=read_only threads=1 load_factor=0.95 fp_bits=16 ops=1500000 warmup_ops=150000 rep=2
run=2 filter=xor dist=uniform n=1000000 target_fpr=0.01 fp_bits=16 achieved_fpr=1.4e-05 bpe=33.5544 workload=read_only neg_share=0.9 threads=1 load_factor=0.95 ops_per_s=2.202156e+07 p50=30ns p95=37ns p99=259ns
CONFIG filter=cuckoo dist=uniform n=1000000 target_fpr=0.01 neg_share=0.9 workload=read_only threads=1 load_factor=0.95 fp_bits=8 ops=1500000 warmup_ops=150000 rep=0
run=0 filter=cuckoo dist=uniform n=1000000 target_fpr=0.01 fp_bits=8 achieved_fpr=0.014732 bpe=33.5544 workload=read_only neg_share=0.9 threads=1 load_factor=0.95 ops_per_s=1.775665e+07 p50=40ns p95=49ns p99=239ns fail_rate=0.000000 avg_kicks=0.000000 stash_hits=0
CONFIG filter=cuckoo dist=uniform n=1000000 target_fpr=0.01 neg_share=0.9 workload=read_only threads=1 load_factor=0.95 fp_bits=8 ops=1500000 warmup_ops=150000 rep=1
run=1 filter=cuckoo dist=uniform n=1000000 target_fpr=0.01 fp_bits=8 achieved_fpr=0.014732 bpe=33.5544 workload=read_only neg_share=0.9 threads=1 load_factor=0.95 ops_per_s=1.833326e+07 p50=39ns p95=49ns p99=236ns fail_rate=0.000000 avg_kicks=0.000000 stash_hits=0
CONFIG filter=cuckoo dist=uniform n=1000000 target_fpr=0.01 neg_share=0.9 workload=read_only threads=1 load_factor=0.95 fp_bits=8 ops=1500000 warmup_ops=150000 rep=2
run=2 filter=cuckoo dist=uniform n=1000000 target_fpr=0.01 fp_bits=8 achieved_fpr=0.014732 bpe=33.5544 workload=read_only neg_share=0.9 threads=1 load_factor=0.95 ops_per_s=1.836968e+07 p50=40ns p95=49ns p99=230ns fail_rate=0.000000 avg_kicks=0.000000 stash_hits=0
CONFIG filter=cuckoo dist=uniform n=1000000 target_fpr=0.01 neg_share=0.9 workload=read_only threads=1 load_factor=0.95 fp_bits=12 ops=1500000 warmup_ops=150000 rep=0
run=0 filter=cuckoo dist=uniform n=1000000 target_fpr=0.01 fp_bits=12 achieved_fpr=0.000977 bpe=33.5544 workload=read_only neg_share=0.9 threads=1 load_factor=0.95 ops_per_s=1.751743e+07 p50=40ns p95=49ns p99=249ns fail_rate=0.000000 avg_kicks=0.000000 stash_hits=0
CONFIG filter=cuckoo dist=uniform n=1000000 target_fpr=0.01 neg_share=0.9 workload=read_only threads=1 load_factor=0.95 fp_bits=12 ops=1500000 warmup_ops=150000 rep=1
run=1 filter=cuckoo dist=uniform n=1000000 target_fpr=0.01 fp_bits=12 achieved_fpr=0.000977 bpe=33.5544 workload=read_only neg_share=0.9 threads=1 load_factor=0.95 ops_per_s=1.574158e+07 p50=40ns p95=51ns p99=233ns fail_rate=0.000000 avg_kicks=0.000000 stash_hits=0
CONFIG filter=cuckoo dist=uniform n=1000000 target_fpr=0.01 neg_share=0.9 workload=read_only threads=1 load_factor=0.95 fp_bits=12 ops=1500000 warmup_ops=150000 rep=2
run=2 filter=cuckoo dist=uniform n=1000000 target_fpr=0.01 fp_bits=12 achieved_fpr=0.000977 bpe=33.5544 workload=read_only neg_share=0.9 threads=1 load_factor=0.95 ops_per_s=1.750870e+07 p50=40ns p95=50ns p99=225ns fail_rate=0.000000 avg_kicks=0.000000 stash_hits=0
CONFIG filter=cuckoo dist=uniform n=1000000 target_fpr=0.01 neg_share=0.9 workload=read_only threads=1 load_factor=0.95 fp_bits=16 ops=1500000 warmup_ops=150000 rep=0
run=0 filter=cuckoo dist=uniform n=1000000 target_fpr=0.01 fp_bits=16 achieved_fpr=4.5e-05 bpe=33.5544 workload=read_only neg_share=0.9 threads=1 load_factor=0.95 ops_per_s=1.814304e+07 p50=39ns p95=49ns p99=243ns fail_rate=0.000000 avg_kicks=0.000000 stash_hits=0
CONFIG filter=cuckoo dist=uniform n=1000000 target_fpr=0.01 neg_share=0.9 workload=read_only threads=1 load_factor=0.95 fp_bits=16 ops=1500000 warmup_ops=150000 rep=1
run=1 filter=cuckoo dist=uniform n=1000000 target_fpr=0.01 fp_bits=16 achieved_fpr=4.5e-05 bpe=33.5544 workload=read_only neg_share=0.9 threads=1 load_factor=0.95 ops_per_s=1.830417e+07 p50=40ns p95=49ns p99=265ns fail_rate=0.000000 avg_kicks=0.000000 stash_hits=0
CONFIG filter=cuckoo dist=uniform n=1000000 target_fpr=0.01 neg_share=0.9 workload=read_only threads=1 load_factor=0.95 fp_bits=16 ops=1500000 warmup_ops=150000 rep=2
run=2 filter=cuckoo dist=uniform n=1000000 target_fpr=0.01 fp_bits=16 achieved_fpr=4.5e-05 bpe=33.5544 workload=read_only neg_share=0.9 threads=1 load_factor=0.95 ops_per_s=1.779895e+07 p50=40ns p95=49ns p99=278ns fail_rate=0.000000 avg_kicks=0.000000 stash_hits=0
CONFIG filter=quotient dist=uniform n=1000000 target_fpr=0.01 neg_share=0.9 workload=read_only threads=1 load_factor=0.95 fp_bits=12 ops=1500000 warmup_ops=150000 rep=0
run=0 filter=quotient dist=uniform n=1000000 target_fpr=0.01 fp_bits=12 achieved_fpr=0.001834 bpe=52.4288 workload=read_only neg_share=0.9 threads=1 load_factor=0.95 ops_per_s=1.342194e+07 p50=36ns p95=203ns p99=315ns avg_probe=0.000000 cluster_mean=0.000000 cluster_p99=0.000000
CONFIG filter=quotient dist=uniform n=1000000 target_fpr=0.01 neg_share=0.9 workload=read_only threads=1 load_factor=0.95 fp_bits=12 ops=1500000 warmup_ops=150000 rep=1
run=1 filter=quotient dist=uniform n=1000000 target_fpr=0.01 fp_bits=12 achieved_fpr=0.001834 bpe=52.4288 workload=read_only neg_share=0.9 threads=1 load_factor=0.95 ops_per_s=1.504802e+07 p50=36ns p95=134ns p99=297ns avg_probe=0.000000 cluster_mean=0.000000 cluster_p99=0.000000
CONFIG filter=quotient dist=uniform n=1000000 target_fpr=0.01 neg_share=0.9 workload=read_only threads=1 load_factor=0.95 fp_bits=12 ops=1500000 warmup_ops=150000 rep=2
run=2 filter=quotient dist=uniform n=1000000 target_fpr=0.01 fp_bits=12 achieved_fpr=0.001834 bpe=52.4288 workload=read_only neg_share=0.9 threads=1 load_factor=0.95 ops_per_s=1.542810e+07 p50=36ns p95=109ns p99=295ns avg_probe=0.000000 cluster_mean=0.000000 cluster_p99=0.000000
CONFIG filter=bloom dist=sequential n=1000000 target_fpr=0.01 neg_share=0.0 workload=read_only threads=1 load_factor=0.95 fp_bits=12 ops=1500000 warmup_ops=150000 rep=0
run=0 filter=bloom dist=sequential n=1000000 target_fpr=0.01 fp_bits=12 achieved_fpr=0.035322 bpe=16.7772 workload=read_only neg_share=0 threads=1 load_factor=0.95 ops_per_s=3.647549e+07 p50=30ns p95=36ns p99=48ns
CONFIG filter=bloom dist=sequential n=1000000 target_fpr=0.01 neg_share=0.0 workload=read_only threads=1 load_factor=0.95 fp_bits=12 ops=1500000 warmup_ops=150000 rep=1
run=1 filter=bloom dist=sequential n=1000000 target_fpr=0.01 fp_bits=12 achieved_fpr=0.035322 bpe=16.7772 workload=read_only neg_share=0 threads=1 load_factor=0.95 ops_per_s=3.655604e+07 p50=30ns p95=37ns p99=50ns
CONFIG filter=bloom dist=sequential n=1000000 target_fpr=0.01 neg_share=0.0 workload=read_only threads=1 load_factor=0.95 fp_bits=12 ops=1500000 warmup_ops=150000 rep=2
run=2 filter=bloom dist=sequential n=1000000 target_fpr=0.01 fp_bits=12 achieved_fpr=0.035322 bpe=16.7772 workload=read_only neg_share=0 threads=1 load_factor=0.95 ops_per_s=3.669977e+07 p50=29ns p95=35ns p99=47ns
CONFIG filter=xor dist=sequential n=1000000 target_fpr=0.01 neg_share=0.0 workload=read_only threads=1 load_factor=0.95 fp_bits=8 ops=1500000 warmup_ops=150000 rep=0
run=0 filter=xor dist=sequential n=1000000 target_fpr=0.01 fp_bits=8 achieved_fpr=0.003361 bpe=33.5544 workload=read_only neg_share=0 threads=1 load_factor=0.95 ops_per_s=3.586085e+07 p50=28ns p95=36ns p99=217ns
CONFIG filter=xor dist=sequential n=1000000 target_fpr=0.01 neg_share=0.0 workload=read_only threads=1 load_factor=0.95 fp_bits=8 ops=1500000 warmup_ops=150000 rep=1
run=1 filter=xor dist=sequential n=1000000 target_fpr=0.01 fp_bits=8 achieved_fpr=0.003361 bpe=33.5544 workload=read_only neg_share=0 threads=1 load_factor=0.95 ops_per_s=3.469866e+07 p50=28ns p95=36ns p99=227ns
CONFIG filter=xor dist=sequential n=1000000 target_fpr=0.01 neg_share=0.0 workload=read_only threads=1 load_factor=0.95 fp_bits=8 ops=1500000 warmup_ops=150000 rep=2
run=2 filter=xor dist=sequential n=1000000 target_fpr=0.01 fp_bits=8 achieved_fpr=0.003361 bpe=33.5544 workload=read_only neg_share=0 threads=1 load_factor=0.95 ops_per_s=3.540747e+07 p50=29ns p95=36ns p99=282ns
CONFIG filter=xor dist=sequential n=1000000 target_fpr=0.01 neg_share=0.0 workload=read_only threads=1 load_factor=0.95 fp_bits=12 ops=1500000 warmup_ops=150000 rep=0
run=0 filter=xor dist=sequential n=1000000 target_fpr=0.01 fp_bits=12 achieved_fpr=0.00019 bpe=33.5544 workload=read_only neg_share=0 threads=1 load_factor=0.95 ops_per_s=2.658500e+07 p50=30ns p95=39ns p99=281ns
CONFIG filter=xor dist=sequential n=1000000 target_fpr=0.01 neg_share=0.0 workload=read_only threads=1 load_factor=0.95 fp_bits=12 ops=1500000 warmup_ops=150000 rep=1
run=1 filter=xor dist=sequential n=1000000 target_fpr=0.01 fp_bits=12 achieved_fpr=0.00019 bpe=33.5544 workload=read_only neg_share=0 threads=1 load_factor=0.95 ops_per_s=2.961124e+07 p50=30ns p95=37ns p99=263ns
CONFIG filter=xor dist=sequential n=1000000 target_fpr=0.01 neg_share=0.0 workload=read_only threads=1 load_factor=0.95 fp_bits=12 ops=1500000 warmup_ops=150000 rep=2
run=2 filter=xor dist=sequential n=1000000 target_fpr=0.01 fp_bits=12 achieved_fpr=0.00019 bpe=33.5544 workload=read_only neg_share=0 threads=1 load_factor=0.95 ops_per_s=3.465926e+07 p50=31ns p95=37ns p99=235ns
CONFIG filter=xor dist=sequential n=1000000 target_fpr=0.01 neg_share=0.0 workload=read_only threads=1 load_factor=0.95 fp_bits=16 ops=1500000 warmup_ops=150000 rep=0
run=0 filter=xor dist=sequential n=1000000 target_fpr=0.01 fp_bits=16 achieved_fpr=1.4e-05 bpe=33.5544 workload=read_only neg_share=0 threads=1 load_factor=0.95 ops_per_s=3.813337e+07 p50=30ns p95=36ns p99=208ns
CONFIG filter=xor dist=sequential n=1000000 target_fpr=0.01 neg_share=0.0 workload=read_only threads=1 load_factor=0.95 fp_bits=16 ops=1500000 warmup_ops=150000 rep=1
run=1 filter=xor dist=sequential n=1000000 target_fpr=0.01 fp_bits=16 achieved_fpr=1.4e-05 bpe=33.5544 workload=read_only neg_share=0 threads=1 load_factor=0.95 ops_per_s=3.378608e+07 p50=30ns p95=36ns p99=222ns
CONFIG filter=xor dist=sequential n=1000000 target_fpr=0.01 neg_share=0.0 workload=read_only threads=1 load_factor=0.95 fp_bits=16 ops=1500000 warmup_ops=150000 rep=2
run=2 filter=xor dist=sequential n=1000000 target_fpr=0.01 fp_bits=16 achieved_fpr=1.4e-05 bpe=33.5544 workload=read_only neg_share=0 threads=1 load_factor=0.95 ops_per_s=3.375358e+07 p50=31ns p95=36ns p99=232ns
CONFIG filter=cuckoo dist=sequential n=1000000 target_fpr=0.01 neg_share=0.0 workload=read_only threads=1 load_factor=0.95 fp_bits=8 ops=1500000 warmup_ops=150000 rep=0
run=0 filter=cuckoo dist=sequential n=1000000 target_fpr=0.01 fp_bits=8 achieved_fpr=0.014904 bpe=33.5544 workload=read_only neg_share=0 threads=1 load_factor=0.95 ops_per_s=1.851598e+07 p50=45ns p95=68ns p99=296ns fail_rate=0.000000 avg_kicks=0.000000 stash_hits=0
CONFIG filter=cuckoo dist=sequential n=1000000 target_fpr=0.01 neg_share=0.0 workload=read_only threads=1 load_factor=0.95 fp_bits=8 ops=1500000 warmup_ops=150000 rep=1
run=1 filter=cuckoo dist=sequential n=1000000 target_fpr=0.01 fp_bits=8 achieved_fpr=0.014904 bpe=33.5544 workload=read_only neg_share=0 threads=1 load_factor=0.95 ops_per_s=1.745346e+07 p50=43ns p95=82ns p99=245ns fail_rate=0.000000 avg_kicks=0.000000 stash_hits=0
CONFIG filter=cuckoo dist=sequential n=1000000 target_fpr=0.01 neg_share=0.0 workload=read_only threads=1 load_factor=0.95 fp_bits=8 ops=1500000 warmup_ops=150000 rep=2
run=2 filter=cuckoo dist=sequential n=1000000 target_fpr=0.01 fp_bits=8 achieved_fpr=0.014904 bpe=33.5544 workload=read_only neg_share=0 threads=1 load_factor=0.95 ops_per_s=1.862852e+07 p50=43ns p95=72ns p99=256ns fail_rate=0.000000 avg_kicks=0.000000 stash_hits=0
CONFIG filter=cuckoo dist=sequential n=1000000 target_fpr=0.01 neg_share=0.0 workload=read_only threads=1 load_factor=0.95 fp_bits=12 ops=1500000 warmup_ops=150000 rep=0
run=0 filter=cuckoo dist=sequential n=1000000 target_fpr=0.01 fp_bits=12 achieved_fpr=0.00091 bpe=33.5544 workload=read_only neg_share=0 threads=1 load_factor=0.95 ops_per_s=1.585009e+07 p50=43ns p95=117ns p99=297ns fail_rate=0.000000 avg_kicks=0.000000 stash_hits=0
CONFIG filter=cuckoo dist=sequential n=1000000 target_fpr=0.01 neg_share=0.0 workload=read_only threads=1 load_factor=0.95 fp_bits=12 ops=1500000 warmup_ops=150000 rep=1
run=1 filter=cuckoo dist=sequential n=1000000 target_fpr=0.01 fp_bits=12 achieved_fpr=0.00091 bpe=33.5544 workload=read_only neg_share=0 threads=1 load_factor=0.95 ops_per_s=1.724683e+07 p50=43ns p95=72ns p99=281ns fail_rate=0.000000 avg_kicks=0.000000 stash_hits=0
CONFIG filter=cuckoo dist=sequential n=1000000 target_fpr=0.01 neg_share=0.0 workload=read_only threads=1 load_factor=0.95 fp_bits=12 ops=1500000 warmup_ops=150000 rep=2
run=2 filter=cuckoo dist=sequential n=1000000 target_fpr=0.01 fp_bits=12 achieved_fpr=0.00091 bpe=33.5544 workload=read_only neg_share=0 threads=1 load_factor=0.95 ops_per_s=1.790115e+07 p50=44ns p95=74ns p99=285ns fail_rate=0.000000 avg_kicks=0.000000 stash_hits=0
CONFIG filter=cuckoo dist=sequential n=1000000 target_fpr=0.01 neg_share=0.0 workload=read_only threads=1 load_factor=0.95 fp_bits=16 ops=1500000 warmup_ops=150000 rep=0
run=0 filter=cuckoo dist=sequential n=1000000 target_fpr=0.01 fp_bits=16 achieved_fpr=5.5e-05 bpe=33.5544 workload=read_only neg_share=0 threads=1 load_factor=0.95 ops_per_s=1.883366e+07 p50=43ns p95=66ns p99=258ns fail_rate=0.000000 avg_kicks=0.000000 stash_hits=0
CONFIG filter=cuckoo dist=sequential n=1000000 target_fpr=0.01 neg_share=0.0 workload=read_only threads=1 load_factor=0.95 fp_bits=16 ops=1500000 warmup_ops=150000 rep=1
run=1 filter=cuckoo dist=sequential n=1000000 target_fpr=0.01 fp_bits=16 achieved_fpr=5.5e-05 bpe=33.5544 workload=read_only neg_share=0 threads=1 load_factor=0.95 ops_per_s=1.818262e+07 p50=43ns p95=69ns p99=278ns fail_rate=0.000000 avg_kicks=0.000000 stash_hits=0
CONFIG filter=cuckoo dist=sequential n=1000000 target_fpr=0.01 neg_share=0.0 workload=read_only threads=1 load_factor=0.95 fp_bits=16 ops=1500000 warmup_ops=150000 rep=2
run=2 filter=cuckoo dist=sequential n=1000000 target_fpr=0.01 fp_bits=16 achieved_fpr=5.5e-05 bpe=33.5544 workload=read_only neg_share=0 threads=1 load_factor=0.95 ops_per_s=1.841475e+07 p50=43ns p95=67ns p99=286ns fail_rate=0.000000 avg_kicks=0.000000 stash_hits=0
CONFIG filter=quotient dist=sequential n=1000000 target_fpr=0.01 neg_share=0.0 workload=read_only threads=1 load_factor=0.95 fp_bits=12 ops=1500000 warmup_ops=150000 rep=0
run=0 filter=quotient dist=sequential n=1000000 target_fpr=0.01 fp_bits=12 achieved_fpr=0.001903 bpe=52.4288 workload=read_only neg_share=0 threads=1 load_factor=0.95 ops_per_s=1.652054e+07 p50=45ns p95=106ns p99=305ns avg_probe=0.000000 cluster_mean=0.000000 cluster_p99=0.000000
CONFIG filter=quotient dist=sequential n=1000000 target_fpr=0.01 neg_share=0.0 workload=read_only threads=1 load_factor=0.95 fp_bits=12 ops=1500000 warmup_ops=150000 rep=1
run=1 filter=quotient dist=sequential n=1000000 target_fpr=0.01 fp_bits=12 achieved_fpr=0.001903 bpe=52.4288 workload=read_only neg_share=0 threads=1 load_factor=0.95 ops_per_s=1.624152e+07 p50=47ns p95=118ns p99=311ns avg_probe=0.000000 cluster_mean=0.000000 cluster_p99=0.000000
CONFIG filter=quotient dist=sequential n=1000000 target_fpr=0.01 neg_share=0.0 workload=read_only threads=1 load_factor=0.95 fp_bits=12 ops=1500000 warmup_ops=150000 rep=2
run=2 filter=quotient dist=sequential n=1000000 target_fpr=0.01 fp_bits=12 achieved_fpr=0.001903 bpe=52.4288 workload=read_only neg_share=0 threads=1 load_factor=0.95 ops_per_s=1.735700e+07 p50=42ns p95=125ns p99=284ns avg_probe=0.000000 cluster_mean=0.000000 cluster_p99=0.000000
CONFIG filter=bloom dist=sequential n=1000000 target_fpr=0.01 neg_share=0.5 workload=read_only threads=1 load_factor=0.95 fp_bits=12 ops=1500000 warmup_ops=150000 rep=0
run=0 filter=bloom dist=sequential n=1000000 target_fpr=0.01 fp_bits=12 achieved_fpr=0.035322 bpe=16.7772 workload=read_only neg_share=0.5 threads=1 load_factor=0.95 ops_per_s=1.981842e+07 p50=29ns p95=44ns p99=59ns
CONFIG filter=bloom dist=sequential n=1000000 target_fpr=0.01 neg_share=0.5 workload=read_only threads=1 load_factor=0.95 fp_bits=12 ops=1500000 warmup_ops=150000 rep=1
run=1 filter=bloom dist=sequential n=1000000 target_fpr=0.01 fp_bits=12 achieved_fpr=0.035322 bpe=16.7772 workload=read_only neg_share=0.5 threads=1 load_factor=0.95 ops_per_s=1.944979e+07 p50=29ns p95=44ns p99=58ns
CONFIG filter=bloom dist=sequential n=1000000 target_fpr=0.01 neg_share=0.5 workload=read_only threads=1 load_factor=0.95 fp_bits=12 ops=1500000 warmup_ops=150000 rep=2
run=2 filter=bloom dist=sequential n=1000000 target_fpr=0.01 fp_bits=12 achieved_fpr=0.035322 bpe=16.7772 workload=read_only neg_share=0.5 threads=1 load_factor=0.95 ops_per_s=1.864312e+07 p50=30ns p95=45ns p99=56ns
CONFIG filter=xor dist=sequential n=1000000 target_fpr=0.01 neg_share=0.5 workload=read_only threads=1 load_factor=0.95 fp_bits=8 ops=1500000 warmup_ops=150000 rep=0
run=0 filter=xor dist=sequential n=1000000 target_fpr=0.01 fp_bits=8 achieved_fpr=0.003361 bpe=33.5544 workload=read_only neg_share=0.5 threads=1 load_factor=0.95 ops_per_s=1.755963e+07 p50=33ns p95=40ns p99=295ns
CONFIG filter=xor dist=sequential n=1000000 target_fpr=0.01 neg_share=0.5 workload=read_only threads=1 load_factor=0.95 fp_bits=8 ops=1500000 warmup_ops=150000 rep=1
run=1 filter=xor dist=sequential n=1000000 target_fpr=0.01 fp_bits=8 achieved_fpr=0.003361 bpe=33.5544 workload=read_only neg_share=0.5 threads=1 load_factor=0.95 ops_per_s=1.829441e+07 p50=31ns p95=38ns p99=265ns
CONFIG filter=xor dist=sequential n=1000000 target_fpr=0.01 neg_share=0.5 workload=read_only threads=1 load_factor=0.95 fp_bits=8 ops=1500000 warmup_ops=150000 rep=2
run=2 filter=xor dist=sequential n=1000000 target_fpr=0.01 fp_bits=8 achieved_fpr=0.003361 bpe=33.5544 workload=read_only neg_share=0.5 threads=1 load_factor=0.95 ops_per_s=1.720224e+07 p50=32ns p95=38ns p99=251ns
CONFIG filter=xor dist=sequential n=1000000 target_fpr=0.01 neg_share=0.5 workload=read_only threads=1 load_factor=0.95 fp_bits=12 ops=1500000 warmup_ops=150000 rep=0
run=0 filter=xor dist=sequential n=1000000 target_fpr=0.01 fp_bits=12 achieved_fpr=0.00019 bpe=33.5544 workload=read_only neg_share=0.5 threads=1 load_factor=0.95 ops_per_s=1.679633e+07 p50=32ns p95=38ns p99=274ns
CONFIG filter=xor dist=sequential n=1000000 target_fpr=0.01 neg_share=0.5 workload=read_only threads=1 load_factor=0.95 fp_bits=12 ops=1500000 warmup_ops=150000 rep=1
run=1 filter=xor dist=sequential n=1000000 target_fpr=0.01 fp_bits=12 achieved_fpr=0.00019 bpe=33.5544 workload=read_only neg_share=0.5 threads=1 load_factor=0.95 ops_per_s=1.835057e+07 p50=31ns p95=38ns p99=285ns
CONFIG filter=xor dist=sequential n=1000000 target_fpr=0.01 neg_share=0.5 workload=read_only threads=1 load_factor=0.95 fp_bits=12 ops=1500000 warmup_ops=150000 rep=2
run=2 filter=xor dist=sequential n=1000000 target_fpr=0.01 fp_bits=12 achieved_fpr=0.00019 bpe=33.5544 workload=read_only neg_share=0.5 threads=1 load_factor=0.95 ops_per_s=1.785413e+07 p50=31ns p95=39ns p99=279ns
CONFIG filter=xor dist=sequential n=1000000 target_fpr=0.01 neg_share=0.5 workload=read_only threads=1 load_factor=0.95 fp_bits=16 ops=1500000 warmup_ops=150000 rep=0
run=0 filter=xor dist=sequential n=1000000 target_fpr=0.01 fp_bits=16 achieved_fpr=1.4e-05 bpe=33.5544 workload=read_only neg_share=0.5 threads=1 load_factor=0.95 ops_per_s=1.674913e+07 p50=32ns p95=38ns p99=279ns
CONFIG filter=xor dist=sequential n=1000000 target_fpr=0.01 neg_share=0.5 workload=read_only threads=1 load_factor=0.95 fp_bits=16 ops=1500000 warmup_ops=150000 rep=1
run=1 filter=xor dist=sequential n=1000000 target_fpr=0.01 fp_bits=16 achieved_fpr=1.4e-05 bpe=33.5544 workload=read_only neg_share=0.5 threads=1 load_factor=0.95 ops_per_s=1.850354e+07 p50=31ns p95=38ns p99=250ns
CONFIG filter=xor dist=sequential n=1000000 target_fpr=0.01 neg_share=0.5 workload=read_only threads=1 load_factor=0.95 fp_bits=16 ops=1500000 warmup_ops=150000 rep=2
run=2 filter=xor dist=sequential n=1000000 target_fpr=0.01 fp_bits=16 achieved_fpr=1.4e-05 bpe=33.5544 workload=read_only neg_share=0.5 threads=1 load_factor=0.95 ops_per_s=1.805170e+07 p50=31ns p95=38ns p99=263ns
CONFIG filter=cuckoo dist=sequential n=1000000 target_fpr=0.01 neg_share=0.5 workload=read_only threads=1 load_factor=0.95 fp_bits=8 ops=1500000 warmup_ops=150000 rep=0
run=0 filter=cuckoo dist=sequential n=1000000 target_fpr=0.01 fp_bits=8 achieved_fpr=0.014904 bpe=33.5544 workload=read_only neg_share=0.5 threads=1 load_factor=0.95 ops_per_s=1.169693e+07 p50=40ns p95=57ns p99=276ns fail_rate=0.000000 avg_kicks=0.000000 stash_hits=0
CONFIG filter=cuckoo dist=sequential n=1000000 target_fpr=0.01 neg_share=0.5 workload=read_only threads=1 load_factor=0.95 fp_bits=8 ops=1500000 warmup_ops=150000 rep=1
run=1 filter=cuckoo dist=sequential n=1000000 target_fpr=0.01 fp_bits=8 achieved_fpr=0.014904 bpe=33.5544 workload=read_only neg_share=0.5 threads=1 load_factor=0.95 ops_per_s=1.050996e+07 p50=41ns p95=59ns p99=295ns fail_rate=0.000000 avg_kicks=0.000000 stash_hits=0
CONFIG filter=cuckoo dist=sequential n=1000000 target_fpr=0.01 neg_share=0.5 workload=read_only threads=1 load_factor=0.95 fp_bits=8 ops=1500000 warmup_ops=150000 rep=2
run=2 filter=cuckoo dist=sequential n=1000000 target_fpr=0.01 fp_bits=8 achieved_fpr=0.014904 bpe=33.5544 workload=read_only neg_share=0.5 threads=1 load_factor=0.95 ops_per_s=1.145565e+07 p50=41ns p95=68ns p99=272ns fail_rate=0.000000 avg_kicks=0.000000 stash_hits=0
CONFIG filter=cuckoo dist=sequential n=1000000 target_fpr=0.01 neg_share=0.5 workload=read_only threads=1 load_factor=0.95 fp_bits=12 ops=1500000 warmup_ops=150000 rep=0
run=0 filter=cuckoo dist=sequential n=1000000 target_fpr=0.01 fp_bits=12 achieved_fpr=0.00091 bpe=33.5544 workload=read_only neg_share=0.5 threads=1 load_factor=0.95 ops_per_s=1.161079e+07 p50=41ns p95=58ns p99=278ns fail_rate=0.000000 avg_kicks=0.000000 stash_hits=0
CONFIG filter=cuckoo dist=sequential n=1000000 target_fpr=0.01 neg_share=0.5 workload=read_only threads=1 load_factor=0.95 fp_bits=12 ops=1500000 warmup_ops=150000 rep=1
run=1 filter=cuckoo dist=sequential n=1000000 target_fpr=0.01 fp_bits=12 achieved_fpr=0.00091 bpe=33.5544 workload=read_only neg_share=0.5 threads=1 load_factor=0.95 ops_per_s=1.192590e+07 p50=41ns p95=58ns p99=271ns fail_rate=0.000000 avg_kicks=0.000000 stash_hits=0
CONFIG filter=cuckoo dist=sequential n=1000000 target_fpr=0.01 neg_share=0.5 workload=read_only threads=1 load_factor=0.95 fp_bits=12 ops=1500000 warmup_ops=150000 rep=2
run=2 filter=cuckoo dist=sequential n=1000000 target_fpr=0.01 fp_bits=12 achieved_fpr=0.00091 bpe=33.5544 workload=read_only neg_share=0.5 threads=1 load_factor=0.95 ops_per_s=1.103457e+07 p50=41ns p95=76ns p99=286ns fail_rate=0.000000 avg_kicks=0.000000 stash_hits=0
CONFIG filter=cuckoo dist=sequential n=1000000 target_fpr=0.01 neg_share=0.5 workload=read_only threads=1 load_factor=0.95 fp_bits=16 ops=1500000 warmup_ops=150000 rep=0
run=0 filter=cuckoo dist=sequential n=1000000 target_fpr=0.01 fp_bits=16 achieved_fpr=5.5e-05 bpe=33.5544 workload=read_only neg_share=0.5 threads=1 load_factor=0.95 ops_per_s=1.170965e+07 p50=40ns p95=57ns p99=277ns fail_rate=0.000000 avg_kicks=0.000000 stash_hits=0
CONFIG filter=cuckoo dist=sequential n=1000000 target_fpr=0.01 neg_share=0.5 workload=read_only threads=1 load_factor=0.95 fp_bits=16 ops=1500000 warmup_ops=150000 rep=1
run=1 filter=cuckoo dist=sequential n=1000000 target_fpr=0.01 fp_bits=16 achieved_fpr=5.5e-05 bpe=33.5544 workload=read_only neg_share=0.5 threads=1 load_factor=0.95 ops_per_s=1.146555e+07 p50=40ns p95=57ns p99=274ns fail_rate=0.000000 avg_kicks=0.000000 stash_hits=0
CONFIG filter=cuckoo dist=sequential n=1000000 target_fpr=0.01 neg_share=0.5 workload=read_only threads=1 load_factor=0.95 fp_bits=16 ops=1500000 warmup_ops=150000 rep=2
run=2 filter=cuckoo dist=sequential n=1000000 target_fpr=0.01 fp_bits=16 achieved_fpr=5.5e-05 bpe=33.5544 workload=read_only neg_share=0.5 threads=1 load_factor=0.95 ops_per_s=1.168663e+07 p50=40ns p95=58ns p99=282ns fail_rate=0.000000 avg_kicks=0.000000 stash_hits=0
CONFIG filter=quotient dist=sequential n=1000000 target_fpr=0.01 neg_share=0.5 workload=read_only threads=1 load_factor=0.95 fp_bits=12 ops=1500000 warmup_ops=150000 rep=0
run=0 filter=quotient dist=sequential n=1000000 target_fpr=0.01 fp_bits=12 achieved_fpr=0.001903 bpe=52.4288 workload=read_only neg_share=0.5 threads=1 load_factor=0.95 ops_per_s=1.046947e+07 p50=41ns p95=159ns p99=297ns avg_probe=0.000000 cluster_mean=0.000000 cluster_p99=0.000000
CONFIG filter=quotient dist=sequential n=1000000 target_fpr=0.01 neg_share=0.5 workload=read_only threads=1 load_factor=0.95 fp_bits=12 ops=1500000 warmup_ops=150000 rep=1
run=1 filter=quotient dist=sequential n=1000000 target_fpr=0.01 fp_bits=12 achieved_fpr=0.001903 bpe=52.4288 workload=read_only neg_share=0.5 threads=1 load_factor=0.95 ops_per_s=1.045657e+07 p50=41ns p95=207ns p99=301ns avg_probe=0.000000 cluster_mean=0.000000 cluster_p99=0.000000
CONFIG filter=quotient dist=sequential n=1000000 target_fpr=0.01 neg_share=0.5 workload=read_only threads=1 load_factor=0.95 fp_bits=12 ops=1500000 warmup_ops=150000 rep=2
run=2 filter=quotient dist=sequential n=1000000 target_fpr=0.01 fp_bits=12 achieved_fpr=0.001903 bpe=52.4288 workload=read_only neg_share=0.5 threads=1 load_factor=0.95 ops_per_s=9.886702e+06 p50=42ns p95=222ns p99=317ns avg_probe=0.000000 cluster_mean=0.000000 cluster_p99=0.000000
CONFIG filter=bloom dist=sequential n=1000000 target_fpr=0.01 neg_share=0.9 workload=read_only threads=1 load_factor=0.95 fp_bits=12 ops=1500000 warmup_ops=150000 rep=0
run=0 filter=bloom dist=sequential n=1000000 target_fpr=0.01 fp_bits=12 achieved_fpr=0.035322 bpe=16.7772 workload=read_only neg_share=0.9 threads=1 load_factor=0.95 ops_per_s=2.560142e+07 p50=31ns p95=50ns p99=60ns
CONFIG filter=bloom dist=sequential n=1000000 target_fpr=0.01 neg_share=0.9 workload=read_only threads=1 load_factor=0.95 fp_bits=12 ops=1500000 warmup_ops=150000 rep=1
run=1 filter=bloom dist=sequential n=1000000 target_fpr=0.01 fp_bits=12 achieved_fpr=0.035322 bpe=16.7772 workload=read_only neg_share=0.9 threads=1 load_factor=0.95 ops_per_s=2.588111e+07 p50=30ns p95=50ns p99=61ns
CONFIG filter=bloom dist=sequential n=1000000 target_fpr=0.01 neg_share=0.9 workload=read_only threads=1 load_factor=0.95 fp_bits=12 ops=1500000 warmup_ops=150000 rep=2
run=2 filter=bloom dist=sequential n=1000000 target_fpr=0.01 fp_bits=12 achieved_fpr=0.035322 bpe=16.7772 workload=read_only neg_share=0.9 threads=1 load_factor=0.95 ops_per_s=2.448270e+07 p50=29ns p95=48ns p99=67ns
CONFIG filter=xor dist=sequential n=1000000 target_fpr=0.01 neg_share=0.9 workload=read_only threads=1 load_factor=0.95 fp_bits=8 ops=1500000 warmup_ops=150000 rep=0
run=0 filter=xor dist=sequential n=1000000 target_fpr=0.01 fp_bits=8 achieved_fpr=0.003361 bpe=33.5544 workload=read_only neg_share=0.9 threads=1 load_factor=0.95 ops_per_s=2.370318e+07 p50=29ns p95=38ns p99=267ns
CONFIG filter=xor dist=sequential n=1000000 target_fpr=0.01 neg_share=0.9 workload=read_only threads=1 load_factor=0.95 fp_bits=8 ops=1500000 warmup_ops=150000 rep=1
run=1 filter=xor dist=sequential n=1000000 target_fpr=0.01 fp_bits=8 achieved_fpr=0.003361 bpe=33.5544 workload=read_only neg_share=0.9 threads=1 load_factor=0.95 ops_per_s=2.409073e+07 p50=29ns p95=36ns p99=257ns
CONFIG filter=xor dist=sequential n=1000000 target_fpr=0.01 neg_share=0.9 workload=read_only threads=1 load_factor=0.95 fp_bits=8 ops=1500000 warmup_ops=150000 rep=2
run=2 filter=xor dist=sequential n=1000000 target_fpr=0.01 fp_bits=8 achieved_fpr=0.003361 bpe=33.5544 workload=read_only neg_share=0.9 threads=1 load_factor=0.95 ops_per_s=2.266770e+07 p50=30ns p95=38ns p99=280ns
CONFIG filter=xor dist=sequential n=1000000 target_fpr=0.01 neg_share=0.9 workload=read_only threads=1 load_factor=0.95 fp_bits=12 ops=1500000 warmup_ops=150000 rep=0
run=0 filter=xor dist=sequential n=1000000 target_fpr=0.01 fp_bits=12 achieved_fpr=0.00019 bpe=33.5544 workload=read_only neg_share=0.9 threads=1 load_factor=0.95 ops_per_s=2.152159e+07 p50=31ns p95=42ns p99=278ns
CONFIG filter=xor dist=sequential n=1000000 target_fpr=0.01 neg_share=0.9 workload=read_only threads=1 load_factor=0.95 fp_bits=12 ops=1500000 warmup_ops=150000 rep=1
run=1 filter=xor dist=sequential n=1000000 target_fpr=0.01 fp_bits=12 achieved_fpr=0.00019 bpe=33.5544 workload=read_only neg_share=0.9 threads=1 load_factor=0.95 ops_per_s=2.274848e+07 p50=30ns p95=37ns p99=291ns
CONFIG filter=xor dist=sequential n=1000000 target_fpr=0.01 neg_share=0.9 workload=read_only threads=1 load_factor=0.95 fp_bits=12 ops=1500000 warmup_ops=150000 rep=2
run=2 filter=xor dist=sequential n=1000000 target_fpr=0.01 fp_bits=12 achieved_fpr=0.00019 bpe=33.5544 workload=read_only neg_share=0.9 threads=1 load_factor=0.95 ops_per_s=2.326891e+07 p50=30ns p95=36ns p99=265ns
CONFIG filter=xor dist=sequential n=1000000 target_fpr=0.01 neg_share=0.9 workload=read_only threads=1 load_factor=0.95 fp_bits=16 ops=1500000 warmup_ops=150000 rep=0
run=0 filter=xor dist=sequential n=1000000 target_fpr=0.01 fp_bits=16 achieved_fpr=1.4e-05 bpe=33.5544 workload=read_only neg_share=0.9 threads=1 load_factor=0.95 ops_per_s=2.014709e+07 p50=31ns p95=40ns p99=278ns
CONFIG filter=xor dist=sequential n=1000000 target_fpr=0.01 neg_share=0.9 workload=read_only threads=1 load_factor=0.95 fp_bits=16 ops=1500000 warmup_ops=150000 rep=1
run=1 filter=xor dist=sequential n=1000000 target_fpr=0.01 fp_bits=16 achieved_fpr=1.4e-05 bpe=33.5544 workload=read_only neg_share=0.9 threads=1 load_factor=0.95 ops_per_s=2.292877e+07 p50=30ns p95=36ns p99=293ns
CONFIG filter=xor dist=sequential n=1000000 target_fpr=0.01 neg_share=0.9 workload=read_only threads=1 load_factor=0.95 fp_bits=16 ops=1500000 warmup_ops=150000 rep=2
run=2 filter=xor dist=sequential n=1000000 target_fpr=0.01 fp_bits=16 achieved_fpr=1.4e-05 bpe=33.5544 workload=read_only neg_share=0.9 threads=1 load_factor=0.95 ops_per_s=2.341558e+07 p50=30ns p95=36ns p99=282ns
CONFIG filter=cuckoo dist=sequential n=1000000 target_fpr=0.01 neg_share=0.9 workload=read_only threads=1 load_factor=0.95 fp_bits=8 ops=1500000 warmup_ops=150000 rep=0
run=0 filter=cuckoo dist=sequential n=1000000 target_fpr=0.01 fp_bits=8 achieved_fpr=0.014904 bpe=33.5544 workload=read_only neg_share=0.9 threads=1 load_factor=0.95 ops_per_s=1.685830e+07 p50=40ns p95=49ns p99=252ns fail_rate=0.000000 avg_kicks=0.000000 stash_hits=0
CONFIG filter=cuckoo dist=sequential n=1000000 target_fpr=0.01 neg_share=0.9 workload=read_only threads=1 load_factor=0.95 fp_bits=8 ops=1500000 warmup_ops=150000 rep=1
run=1 filter=cuckoo dist=sequential n=1000000 target_fpr=0.01 fp_bits=8 achieved_fpr=0.014904 bpe=33.5544 workload=read_only neg_share=0.9 threads=1 load_factor=0.95 ops_per_s=1.647201e+07 p50=40ns p95=50ns p99=266ns fail_rate=0.000000 avg_kicks=0.000000 stash_hits=0
CONFIG filter=cuckoo dist=sequential n=1000000 target_fpr=0.01 neg_share=0.9 workload=read_only threads=1 load_factor=0.95 fp_bits=8 ops=1500000 warmup_ops=150000 rep=2
run=2 filter=cuckoo dist=sequential n=1000000 target_fpr=0.01 fp_bits=8 achieved_fpr=0.014904 bpe=33.5544 workload=read_only neg_share=0.9 threads=1 load_factor=0.95 ops_per_s=1.547086e+07 p50=40ns p95=52ns p99=260ns fail_rate=0.000000 avg_kicks=0.000000 stash_hits=0
CONFIG filter=cuckoo dist=sequential n=1000000 target_fpr=0.01 neg_share=0.9 workload=read_only threads=1 load_factor=0.95 fp_bits=12 ops=1500000 warmup_ops=150000 rep=0
run=0 filter=cuckoo dist=sequential n=1000000 target_fpr=0.01 fp_bits=12 achieved_fpr=0.00091 bpe=33.5544 workload=read_only neg_share=0.9 threads=1 load_factor=0.95 ops_per_s=1.837435e+07 p50=40ns p95=49ns p99=242ns fail_rate=0.000000 avg_kicks=0.000000 stash_hits=0
CONFIG filter=cuckoo dist=sequential n=1000000 target_fpr=0.01 neg_share=0.9 workload=read_only threads=1 load_factor=0.95 fp_bits=12 ops=1500000 warmup_ops=150000 rep=1
run=1 filter=cuckoo dist=sequential n=1000000 target_fpr=0.01 fp_bits=12 achieved_fpr=0.00091 bpe=33.5544 workload=read_only neg_share=0.9 threads=1 load_factor=0.95 ops_per_s=1.805218e+07 p50=40ns p95=50ns p99=241ns fail_rate=0.000000 avg_kicks=0.000000 stash_hits=0
CONFIG filter=cuckoo dist=sequential n=1000000 target_fpr=0.01 neg_share=0.9 workload=read_only threads=1 load_factor=0.95 fp_bits=12 ops=1500000 warmup_ops=150000 rep=2
run=2 filter=cuckoo dist=sequential n=1000000 target_fpr=0.01 fp_bits=12 achieved_fpr=0.00091 bpe=33.5544 workload=read_only neg_share=0.9 threads=1 load_factor=0.95 ops_per_s=1.624743e+07 p50=40ns p95=50ns p99=275ns fail_rate=0.000000 avg_kicks=0.000000 stash_hits=0
CONFIG filter=cuckoo dist=sequential n=1000000 target_fpr=0.01 neg_share=0.9 workload=read_only threads=1 load_factor=0.95 fp_bits=16 ops=1500000 warmup_ops=150000 rep=0
run=0 filter=cuckoo dist=sequential n=1000000 target_fpr=0.01 fp_bits=16 achieved_fpr=5.5e-05 bpe=33.5544 workload=read_only neg_share=0.9 threads=1 load_factor=0.95 ops_per_s=1.670386e+07 p50=42ns p95=51ns p99=257ns fail_rate=0.000000 avg_kicks=0.000000 stash_hits=0
CONFIG filter=cuckoo dist=sequential n=1000000 target_fpr=0.01 neg_share=0.9 workload=read_only threads=1 load_factor=0.95 fp_bits=16 ops=1500000 warmup_ops=150000 rep=1
run=1 filter=cuckoo dist=sequential n=1000000 target_fpr=0.01 fp_bits=16 achieved_fpr=5.5e-05 bpe=33.5544 workload=read_only neg_share=0.9 threads=1 load_factor=0.95 ops_per_s=1.746425e+07 p50=42ns p95=50ns p99=270ns fail_rate=0.000000 avg_kicks=0.000000 stash_hits=0
CONFIG filter=cuckoo dist=sequential n=1000000 target_fpr=0.01 neg_share=0.9 workload=read_only threads=1 load_factor=0.95 fp_bits=16 ops=1500000 warmup_ops=150000 rep=2
run=2 filter=cuckoo dist=sequential n=1000000 target_fpr=0.01 fp_bits=16 achieved_fpr=5.5e-05 bpe=33.5544 workload=read_only neg_share=0.9 threads=1 load_factor=0.95 ops_per_s=1.624522e+07 p50=40ns p95=49ns p99=272ns fail_rate=0.000000 avg_kicks=0.000000 stash_hits=0
CONFIG filter=quotient dist=sequential n=1000000 target_fpr=0.01 neg_share=0.9 workload=read_only threads=1 load_factor=0.95 fp_bits=12 ops=1500000 warmup_ops=150000 rep=0
run=0 filter=quotient dist=sequential n=1000000 target_fpr=0.01 fp_bits=12 achieved_fpr=0.001903 bpe=52.4288 workload=read_only neg_share=0.9 threads=1 load_factor=0.95 ops_per_s=1.503749e+07 p50=36ns p95=142ns p99=297ns avg_probe=0.000000 cluster_mean=0.000000 cluster_p99=0.000000
CONFIG filter=quotient dist=sequential n=1000000 target_fpr=0.01 neg_share=0.9 workload=read_only threads=1 load_factor=0.95 fp_bits=12 ops=1500000 warmup_ops=150000 rep=1
run=1 filter=quotient dist=sequential n=1000000 target_fpr=0.01 fp_bits=12 achieved_fpr=0.001903 bpe=52.4288 workload=read_only neg_share=0.9 threads=1 load_factor=0.95 ops_per_s=1.401255e+07 p50=36ns p95=193ns p99=322ns avg_probe=0.000000 cluster_mean=0.000000 cluster_p99=0.000000
CONFIG filter=quotient dist=sequential n=1000000 target_fpr=0.01 neg_share=0.9 workload=read_only threads=1 load_factor=0.95 fp_bits=12 ops=1500000 warmup_ops=150000 rep=2
run=2 filter=quotient dist=sequential n=1000000 target_fpr=0.01 fp_bits=12 achieved_fpr=0.001903 bpe=52.4288 workload=read_only neg_share=0.9 threads=1 load_factor=0.95 ops_per_s=1.520985e+07 p50=36ns p95=156ns p99=303ns avg_probe=0.000000 cluster_mean=0.000000 cluster_p99=0.000000
CONFIG filter=cuckoo dist=uniform n=1000000 target_fpr=0.01 neg_share=0.5 workload=balanced threads=1 load_factor=0.40 fp_bits=12 ops=1500000 warmup_ops=150000 rep=0
run=0 filter=cuckoo dist=uniform n=1000000 target_fpr=0.01 fp_bits=12 achieved_fpr=0.000504 bpe=57.2561 workload=balanced neg_share=0.5 threads=1 load_factor=0.4 ops_per_s=8.983546e+06 p50=0ns p95=0ns p99=0ns fail_rate=0.000000 avg_kicks=0.136178 stash_hits=870
CONFIG filter=cuckoo dist=uniform n=1000000 target_fpr=0.01 neg_share=0.5 workload=balanced threads=1 load_factor=0.40 fp_bits=12 ops=1500000 warmup_ops=150000 rep=1
run=1 filter=cuckoo dist=uniform n=1000000 target_fpr=0.01 fp_bits=12 achieved_fpr=0.000504 bpe=57.2561 workload=balanced neg_share=0.5 threads=1 load_factor=0.4 ops_per_s=8.028871e+06 p50=0ns p95=0ns p99=0ns fail_rate=0.000000 avg_kicks=0.136178 stash_hits=870
CONFIG filter=cuckoo dist=uniform n=1000000 target_fpr=0.01 neg_share=0.5 workload=balanced threads=1 load_factor=0.40 fp_bits=12 ops=1500000 warmup_ops=150000 rep=2
run=2 filter=cuckoo dist=uniform n=1000000 target_fpr=0.01 fp_bits=12 achieved_fpr=0.000504 bpe=57.2561 workload=balanced neg_share=0.5 threads=1 load_factor=0.4 ops_per_s=7.481002e+06 p50=0ns p95=0ns p99=0ns fail_rate=0.000000 avg_kicks=0.136178 stash_hits=870
CONFIG filter=quotient dist=uniform n=1000000 target_fpr=0.01 neg_share=0.5 workload=balanced threads=1 load_factor=0.40 fp_bits=12 ops=1500000 warmup_ops=150000 rep=0
run=0 filter=quotient dist=uniform n=1000000 target_fpr=0.01 fp_bits=12 achieved_fpr=0.000932 bpe=99.6735 workload=balanced neg_share=0.5 threads=1 load_factor=0.4 ops_per_s=7.166208e+06 p50=0ns p95=0ns p99=0ns avg_probe=1.124151 cluster_mean=1.476732 cluster_p99=5.000000
CONFIG filter=quotient dist=uniform n=1000000 target_fpr=0.01 neg_share=0.5 workload=balanced threads=1 load_factor=0.40 fp_bits=12 ops=1500000 warmup_ops=150000 rep=1
run=1 filter=quotient dist=uniform n=1000000 target_fpr=0.01 fp_bits=12 achieved_fpr=0.000932 bpe=99.6735 workload=balanced neg_share=0.5 threads=1 load_factor=0.4 ops_per_s=7.724214e+06 p50=0ns p95=0ns p99=0ns avg_probe=1.124151 cluster_mean=1.476732 cluster_p99=5.000000
CONFIG filter=quotient dist=uniform n=1000000 target_fpr=0.01 neg_share=0.5 workload=balanced threads=1 load_factor=0.40 fp_bits=12 ops=1500000 warmup_ops=150000 rep=2
run=2 filter=quotient dist=uniform n=1000000 target_fpr=0.01 fp_bits=12 achieved_fpr=0.000932 bpe=99.6735 workload=balanced neg_share=0.5 threads=1 load_factor=0.4 ops_per_s=7.595162e+06 p50=0ns p95=0ns p99=0ns avg_probe=1.124151 cluster_mean=1.476732 cluster_p99=5.000000
CONFIG filter=cuckoo dist=uniform n=1000000 target_fpr=0.01 neg_share=0.5 workload=balanced threads=1 load_factor=0.45 fp_bits=12 ops=1500000 warmup_ops=150000 rep=0
run=0 filter=cuckoo dist=uniform n=1000000 target_fpr=0.01 fp_bits=12 achieved_fpr=0.000504 bpe=57.2561 workload=balanced neg_share=0.5 threads=1 load_factor=0.45 ops_per_s=8.389383e+06 p50=0ns p95=0ns p99=0ns fail_rate=0.000000 avg_kicks=0.136178 stash_hits=870
CONFIG filter=cuckoo dist=uniform n=1000000 target_fpr=0.01 neg_share=0.5 workload=balanced threads=1 load_factor=0.45 fp_bits=12 ops=1500000 warmup_ops=150000 rep=1
run=1 filter=cuckoo dist=uniform n=1000000 target_fpr=0.01 fp_bits=12 achieved_fpr=0.000504 bpe=57.2561 workload=balanced neg_share=0.5 threads=1 load_factor=0.45 ops_per_s=8.708748e+06 p50=0ns p95=0ns p99=0ns fail_rate=0.000000 avg_kicks=0.136178 stash_hits=870
CONFIG filter=cuckoo dist=uniform n=1000000 target_fpr=0.01 neg_share=0.5 workload=balanced threads=1 load_factor=0.45 fp_bits=12 ops=1500000 warmup_ops=150000 rep=2
run=2 filter=cuckoo dist=uniform n=1000000 target_fpr=0.01 fp_bits=12 achieved_fpr=0.000504 bpe=57.2561 workload=balanced neg_share=0.5 threads=1 load_factor=0.45 ops_per_s=8.729202e+06 p50=0ns p95=0ns p99=0ns fail_rate=0.000000 avg_kicks=0.136178 stash_hits=870
CONFIG filter=quotient dist=uniform n=1000000 target_fpr=0.01 neg_share=0.5 workload=balanced threads=1 load_factor=0.45 fp_bits=12 ops=1500000 warmup_ops=150000 rep=0
run=0 filter=quotient dist=uniform n=1000000 target_fpr=0.01 fp_bits=12 achieved_fpr=0.000932 bpe=99.6735 workload=balanced neg_share=0.5 threads=1 load_factor=0.45 ops_per_s=7.746179e+06 p50=0ns p95=0ns p99=0ns avg_probe=1.124151 cluster_mean=1.476732 cluster_p99=5.000000
CONFIG filter=quotient dist=uniform n=1000000 target_fpr=0.01 neg_share=0.5 workload=balanced threads=1 load_factor=0.45 fp_bits=12 ops=1500000 warmup_ops=150000 rep=1
run=1 filter=quotient dist=uniform n=1000000 target_fpr=0.01 fp_bits=12 achieved_fpr=0.000932 bpe=99.6735 workload=balanced neg_share=0.5 threads=1 load_factor=0.45 ops_per_s=6.484105e+06 p50=0ns p95=0ns p99=0ns avg_probe=1.124151 cluster_mean=1.476732 cluster_p99=5.000000
CONFIG filter=quotient dist=uniform n=1000000 target_fpr=0.01 neg_share=0.5 workload=balanced threads=1 load_factor=0.45 fp_bits=12 ops=1500000 warmup_ops=150000 rep=2
run=2 filter=quotient dist=uniform n=1000000 target_fpr=0.01 fp_bits=12 achieved_fpr=0.000932 bpe=99.6735 workload=balanced neg_share=0.5 threads=1 load_factor=0.45 ops_per_s=7.705326e+06 p50=0ns p95=0ns p99=0ns avg_probe=1.124151 cluster_mean=1.476732 cluster_p99=5.000000
CONFIG filter=cuckoo dist=uniform n=1000000 target_fpr=0.01 neg_share=0.5 workload=balanced threads=1 load_factor=0.50 fp_bits=12 ops=1500000 warmup_ops=150000 rep=0
run=0 filter=cuckoo dist=uniform n=1000000 target_fpr=0.01 fp_bits=12 achieved_fpr=0.000977 bpe=28.6306 workload=balanced neg_share=0.5 threads=1 load_factor=0.5 ops_per_s=9.237933e+06 p50=0ns p95=0ns p99=0ns fail_rate=0.000016 avg_kicks=0.248741 stash_hits=1009
CONFIG filter=cuckoo dist=uniform n=1000000 target_fpr=0.01 neg_share=0.5 workload=balanced threads=1 load_factor=0.50 fp_bits=12 ops=1500000 warmup_ops=150000 rep=1
run=1 filter=cuckoo dist=uniform n=1000000 target_fpr=0.01 fp_bits=12 achieved_fpr=0.000977 bpe=28.6306 workload=balanced neg_share=0.5 threads=1 load_factor=0.5 ops_per_s=9.586404e+06 p50=0ns p95=0ns p99=0ns fail_rate=0.000016 avg_kicks=0.248741 stash_hits=1009
CONFIG filter=cuckoo dist=uniform n=1000000 target_fpr=0.01 neg_share=0.5 workload=balanced threads=1 load_factor=0.50 fp_bits=12 ops=1500000 warmup_ops=150000 rep=2
run=2 filter=cuckoo dist=uniform n=1000000 target_fpr=0.01 fp_bits=12 achieved_fpr=0.000977 bpe=28.6306 workload=balanced neg_share=0.5 threads=1 load_factor=0.5 ops_per_s=9.659043e+06 p50=0ns p95=0ns p99=0ns fail_rate=0.000016 avg_kicks=0.248741 stash_hits=1009
CONFIG filter=quotient dist=uniform n=1000000 target_fpr=0.01 neg_share=0.5 workload=balanced threads=1 load_factor=0.50 fp_bits=12 ops=1500000 warmup_ops=150000 rep=0
run=0 filter=quotient dist=uniform n=1000000 target_fpr=0.01 fp_bits=12 achieved_fpr=0.001834 bpe=49.6563 workload=balanced neg_share=0.5 threads=1 load_factor=0.5 ops_per_s=7.353806e+06 p50=0ns p95=0ns p99=0ns avg_probe=1.249501 cluster_mean=2.407121 cluster_p99=12.000000
CONFIG filter=quotient dist=uniform n=1000000 target_fpr=0.01 neg_share=0.5 workload=balanced threads=1 load_factor=0.50 fp_bits=12 ops=1500000 warmup_ops=150000 rep=1
run=1 filter=quotient dist=uniform n=1000000 target_fpr=0.01 fp_bits=12 achieved_fpr=0.001834 bpe=49.6563 workload=balanced neg_share=0.5 threads=1 load_factor=0.5 ops_per_s=7.435543e+06 p50=0ns p95=0ns p99=0ns avg_probe=1.249501 cluster_mean=2.407121 cluster_p99=12.000000
CONFIG filter=quotient dist=uniform n=1000000 target_fpr=0.01 neg_share=0.5 workload=balanced threads=1 load_factor=0.50 fp_bits=12 ops=1500000 warmup_ops=150000 rep=2
run=2 filter=quotient dist=uniform n=1000000 target_fpr=0.01 fp_bits=12 achieved_fpr=0.001834 bpe=49.6563 workload=balanced neg_share=0.5 threads=1 load_factor=0.5 ops_per_s=7.592987e+06 p50=0ns p95=0ns p99=0ns avg_probe=1.249501 cluster_mean=2.407121 cluster_p99=12.000000
CONFIG filter=cuckoo dist=uniform n=1000000 target_fpr=0.01 neg_share=0.5 workload=balanced threads=1 load_factor=0.55 fp_bits=12 ops=1500000 warmup_ops=150000 rep=0
run=0 filter=cuckoo dist=uniform n=1000000 target_fpr=0.01 fp_bits=12 achieved_fpr=0.000977 bpe=28.6306 workload=balanced neg_share=0.5 threads=1 load_factor=0.55 ops_per_s=9.313747e+06 p50=0ns p95=0ns p99=0ns fail_rate=0.000016 avg_kicks=0.248741 stash_hits=1009
CONFIG filter=cuckoo dist=uniform n=1000000 target_fpr=0.01 neg_share=0.5 workload=balanced threads=1 load_factor=0.55 fp_bits=12 ops=1500000 warmup_ops=150000 rep=1
run=1 filter=cuckoo dist=uniform n=1000000 target_fpr=0.01 fp_bits=12 achieved_fpr=0.000977 bpe=28.6306 workload=balanced neg_share=0.5 threads=1 load_factor=0.55 ops_per_s=8.819596e+06 p50=0ns p95=0ns p99=0ns fail_rate=0.000016 avg_kicks=0.248741 stash_hits=1009
CONFIG filter=cuckoo dist=uniform n=1000000 target_fpr=0.01 neg_share=0.5 workload=balanced threads=1 load_factor=0.55 fp_bits=12 ops=1500000 warmup_ops=150000 rep=2
run=2 filter=cuckoo dist=uniform n=1000000 target_fpr=0.01 fp_bits=12 achieved_fpr=0.000977 bpe=28.6306 workload=balanced neg_share=0.5 threads=1 load_factor=0.55 ops_per_s=9.263620e+06 p50=0ns p95=0ns p99=0ns fail_rate=0.000016 avg_kicks=0.248741 stash_hits=1009
CONFIG filter=quotient dist=uniform n=1000000 target_fpr=0.01 neg_share=0.5 workload=balanced threads=1 load_factor=0.55 fp_bits=12 ops=1500000 warmup_ops=150000 rep=0
run=0 filter=quotient dist=uniform n=1000000 target_fpr=0.01 fp_bits=12 achieved_fpr=0.001834 bpe=49.6563 workload=balanced neg_share=0.5 threads=1 load_factor=0.55 ops_per_s=7.394942e+06 p50=0ns p95=0ns p99=0ns avg_probe=1.249501 cluster_mean=2.407121 cluster_p99=12.000000
CONFIG filter=quotient dist=uniform n=1000000 target_fpr=0.01 neg_share=0.5 workload=balanced threads=1 load_factor=0.55 fp_bits=12 ops=1500000 warmup_ops=150000 rep=1
run=1 filter=quotient dist=uniform n=1000000 target_fpr=0.01 fp_bits=12 achieved_fpr=0.001834 bpe=49.6563 workload=balanced neg_share=0.5 threads=1 load_factor=0.55 ops_per_s=7.263546e+06 p50=0ns p95=0ns p99=0ns avg_probe=1.249501 cluster_mean=2.407121 cluster_p99=12.000000
CONFIG filter=quotient dist=uniform n=1000000 target_fpr=0.01 neg_share=0.5 workload=balanced threads=1 load_factor=0.55 fp_bits=12 ops=1500000 warmup_ops=150000 rep=2
run=2 filter=quotient dist=uniform n=1000000 target_fpr=0.01 fp_bits=12 achieved_fpr=0.001834 bpe=49.6563 workload=balanced neg_share=0.5 threads=1 load_factor=0.55 ops_per_s=7.189263e+06 p50=0ns p95=0ns p99=0ns avg_probe=1.249501 cluster_mean=2.407121 cluster_p99=12.000000
CONFIG filter=cuckoo dist=uniform n=1000000 target_fpr=0.01 neg_share=0.5 workload=balanced threads=1 load_factor=0.60 fp_bits=12 ops=1500000 warmup_ops=150000 rep=0
run=0 filter=cuckoo dist=uniform n=1000000 target_fpr=0.01 fp_bits=12 achieved_fpr=0.000977 bpe=28.6306 workload=balanced neg_share=0.5 threads=1 load_factor=0.6 ops_per_s=9.658225e+06 p50=0ns p95=0ns p99=0ns fail_rate=0.000016 avg_kicks=0.248741 stash_hits=1009
CONFIG filter=cuckoo dist=uniform n=1000000 target_fpr=0.01 neg_share=0.5 workload=balanced threads=1 load_factor=0.60 fp_bits=12 ops=1500000 warmup_ops=150000 rep=1
run=1 filter=cuckoo dist=uniform n=1000000 target_fpr=0.01 fp_bits=12 achieved_fpr=0.000977 bpe=28.6306 workload=balanced neg_share=0.5 threads=1 load_factor=0.6 ops_per_s=9.336824e+06 p50=0ns p95=0ns p99=0ns fail_rate=0.000016 avg_kicks=0.248741 stash_hits=1009
CONFIG filter=cuckoo dist=uniform n=1000000 target_fpr=0.01 neg_share=0.5 workload=balanced threads=1 load_factor=0.60 fp_bits=12 ops=1500000 warmup_ops=150000 rep=2
run=2 filter=cuckoo dist=uniform n=1000000 target_fpr=0.01 fp_bits=12 achieved_fpr=0.000977 bpe=28.6306 workload=balanced neg_share=0.5 threads=1 load_factor=0.6 ops_per_s=9.537390e+06 p50=0ns p95=0ns p99=0ns fail_rate=0.000016 avg_kicks=0.248741 stash_hits=1009
CONFIG filter=quotient dist=uniform n=1000000 target_fpr=0.01 neg_share=0.5 workload=balanced threads=1 load_factor=0.60 fp_bits=12 ops=1500000 warmup_ops=150000 rep=0
run=0 filter=quotient dist=uniform n=1000000 target_fpr=0.01 fp_bits=12 achieved_fpr=0.001834 bpe=49.6563 workload=balanced neg_share=0.5 threads=1 load_factor=0.6 ops_per_s=7.372923e+06 p50=0ns p95=0ns p99=0ns avg_probe=1.249501 cluster_mean=2.407121 cluster_p99=12.000000
CONFIG filter=quotient dist=uniform n=1000000 target_fpr=0.01 neg_share=0.5 workload=balanced threads=1 load_factor=0.60 fp_bits=12 ops=1500000 warmup_ops=150000 rep=1
run=1 filter=quotient dist=uniform n=1000000 target_fpr=0.01 fp_bits=12 achieved_fpr=0.001834 bpe=49.6563 workload=balanced neg_share=0.5 threads=1 load_factor=0.6 ops_per_s=7.505215e+06 p50=0ns p95=0ns p99=0ns avg_probe=1.249501 cluster_mean=2.407121 cluster_p99=12.000000
CONFIG filter=quotient dist=uniform n=1000000 target_fpr=0.01 neg_share=0.5 workload=balanced threads=1 load_factor=0.60 fp_bits=12 ops=1500000 warmup_ops=150000 rep=2
run=2 filter=quotient dist=uniform n=1000000 target_fpr=0.01 fp_bits=12 achieved_fpr=0.001834 bpe=49.6563 workload=balanced neg_share=0.5 threads=1 load_factor=0.6 ops_per_s=7.278723e+06 p50=0ns p95=0ns p99=0ns avg_probe=1.249501 cluster_mean=2.407121 cluster_p99=12.000000
CONFIG filter=cuckoo dist=uniform n=1000000 target_fpr=0.01 neg_share=0.5 workload=balanced threads=1 load_factor=0.65 fp_bits=12 ops=1500000 warmup_ops=150000 rep=0
run=0 filter=cuckoo dist=uniform n=1000000 target_fpr=0.01 fp_bits=12 achieved_fpr=0.000977 bpe=28.6306 workload=balanced neg_share=0.5 threads=1 load_factor=0.65 ops_per_s=9.470606e+06 p50=0ns p95=0ns p99=0ns fail_rate=0.000016 avg_kicks=0.248741 stash_hits=1009
CONFIG filter=cuckoo dist=uniform n=1000000 target_fpr=0.01 neg_share=0.5 workload=balanced threads=1 load_factor=0.65 fp_bits=12 ops=1500000 warmup_ops=150000 rep=1
run=1 filter=cuckoo dist=uniform n=1000000 target_fpr=0.01 fp_bits=12 achieved_fpr=0.000977 bpe=28.6306 workload=balanced neg_share=0.5 threads=1 load_factor=0.65 ops_per_s=9.340046e+06 p50=0ns p95=0ns p99=0ns fail_rate=0.000016 avg_kicks=0.248741 stash_hits=1009
CONFIG filter=cuckoo dist=uniform n=1000000 target_fpr=0.01 neg_share=0.5 workload=balanced threads=1 load_factor=0.65 fp_bits=12 ops=1500000 warmup_ops=150000 rep=2
run=2 filter=cuckoo dist=uniform n=1000000 target_fpr=0.01 fp_bits=12 achieved_fpr=0.000977 bpe=28.6306 workload=balanced neg_share=0.5 threads=1 load_factor=0.65 ops_per_s=9.693375e+06 p50=0ns p95=0ns p99=0ns fail_rate=0.000016 avg_kicks=0.248741 stash_hits=1009
CONFIG filter=quotient dist=uniform n=1000000 target_fpr=0.01 neg_share=0.5 workload=balanced threads=1 load_factor=0.65 fp_bits=12 ops=1500000 warmup_ops=150000 rep=0
run=0 filter=quotient dist=uniform n=1000000 target_fpr=0.01 fp_bits=12 achieved_fpr=0.001834 bpe=49.6563 workload=balanced neg_share=0.5 threads=1 load_factor=0.65 ops_per_s=7.499196e+06 p50=0ns p95=0ns p99=0ns avg_probe=1.249501 cluster_mean=2.407121 cluster_p99=12.000000
CONFIG filter=quotient dist=uniform n=1000000 target_fpr=0.01 neg_share=0.5 workload=balanced threads=1 load_factor=0.65 fp_bits=12 ops=1500000 warmup_ops=150000 rep=1
run=1 filter=quotient dist=uniform n=1000000 target_fpr=0.01 fp_bits=12 achieved_fpr=0.001834 bpe=49.6563 workload=balanced neg_share=0.5 threads=1 load_factor=0.65 ops_per_s=7.613838e+06 p50=0ns p95=0ns p99=0ns avg_probe=1.249501 cluster_mean=2.407121 cluster_p99=12.000000
CONFIG filter=quotient dist=uniform n=1000000 target_fpr=0.01 neg_share=0.5 workload=balanced threads=1 load_factor=0.65 fp_bits=12 ops=1500000 warmup_ops=150000 rep=2
run=2 filter=quotient dist=uniform n=1000000 target_fpr=0.01 fp_bits=12 achieved_fpr=0.001834 bpe=49.6563 workload=balanced neg_share=0.5 threads=1 load_factor=0.65 ops_per_s=7.358697e+06 p50=0ns p95=0ns p99=0ns avg_probe=1.249501 cluster_mean=2.407121 cluster_p99=12.000000
CONFIG filter=cuckoo dist=uniform n=1000000 target_fpr=0.01 neg_share=0.5 workload=balanced threads=1 load_factor=0.70 fp_bits=12 ops=1500000 warmup_ops=150000 rep=0
run=0 filter=cuckoo dist=uniform n=1000000 target_fpr=0.01 fp_bits=12 achieved_fpr=0.000977 bpe=28.6306 workload=balanced neg_share=0.5 threads=1 load_factor=0.7 ops_per_s=9.446393e+06 p50=0ns p95=0ns p99=0ns fail_rate=0.000016 avg_kicks=0.248741 stash_hits=1009
CONFIG filter=cuckoo dist=uniform n=1000000 target_fpr=0.01 neg_share=0.5 workload=balanced threads=1 load_factor=0.70 fp_bits=12 ops=1500000 warmup_ops=150000 rep=1
run=1 filter=cuckoo dist=uniform n=1000000 target_fpr=0.01 fp_bits=12 achieved_fpr=0.000977 bpe=28.6306 workload=balanced neg_share=0.5 threads=1 load_factor=0.7 ops_per_s=9.452035e+06 p50=0ns p95=0ns p99=0ns fail_rate=0.000016 avg_kicks=0.248741 stash_hits=1009
CONFIG filter=cuckoo dist=uniform n=1000000 target_fpr=0.01 neg_share=0.5 workload=balanced threads=1 load_factor=0.70 fp_bits=12 ops=1500000 warmup_ops=150000 rep=2
run=2 filter=cuckoo dist=uniform n=1000000 target_fpr=0.01 fp_bits=12 achieved_fpr=0.000977 bpe=28.6306 workload=balanced neg_share=0.5 threads=1 load_factor=0.7 ops_per_s=9.706919e+06 p50=0ns p95=0ns p99=0ns fail_rate=0.000016 avg_kicks=0.248741 stash_hits=1009
CONFIG filter=quotient dist=uniform n=1000000 target_fpr=0.01 neg_share=0.5 workload=balanced threads=1 load_factor=0.70 fp_bits=12 ops=1500000 warmup_ops=150000 rep=0
run=0 filter=quotient dist=uniform n=1000000 target_fpr=0.01 fp_bits=12 achieved_fpr=0.001834 bpe=49.6563 workload=balanced neg_share=0.5 threads=1 load_factor=0.7 ops_per_s=7.462206e+06 p50=0ns p95=0ns p99=0ns avg_probe=1.249501 cluster_mean=2.407121 cluster_p99=12.000000
CONFIG filter=quotient dist=uniform n=1000000 target_fpr=0.01 neg_share=0.5 workload=balanced threads=1 load_factor=0.70 fp_bits=12 ops=1500000 warmup_ops=150000 rep=1
run=1 filter=quotient dist=uniform n=1000000 target_fpr=0.01 fp_bits=12 achieved_fpr=0.001834 bpe=49.6563 workload=balanced neg_share=0.5 threads=1 load_factor=0.7 ops_per_s=7.416373e+06 p50=0ns p95=0ns p99=0ns avg_probe=1.249501 cluster_mean=2.407121 cluster_p99=12.000000
CONFIG filter=quotient dist=uniform n=1000000 target_fpr=0.01 neg_share=0.5 workload=balanced threads=1 load_factor=0.70 fp_bits=12 ops=1500000 warmup_ops=150000 rep=2
run=2 filter=quotient dist=uniform n=1000000 target_fpr=0.01 fp_bits=12 achieved_fpr=0.001834 bpe=49.6563 workload=balanced neg_share=0.5 threads=1 load_factor=0.7 ops_per_s=7.631272e+06 p50=0ns p95=0ns p99=0ns avg_probe=1.249501 cluster_mean=2.407121 cluster_p99=12.000000
CONFIG filter=cuckoo dist=uniform n=1000000 target_fpr=0.01 neg_share=0.5 workload=balanced threads=1 load_factor=0.75 fp_bits=12 ops=1500000 warmup_ops=150000 rep=0
run=0 filter=cuckoo dist=uniform n=1000000 target_fpr=0.01 fp_bits=12 achieved_fpr=0.000977 bpe=28.6306 workload=balanced neg_share=0.5 threads=1 load_factor=0.75 ops_per_s=1.009497e+07 p50=0ns p95=0ns p99=0ns fail_rate=0.000016 avg_kicks=0.248741 stash_hits=1009
CONFIG filter=cuckoo dist=uniform n=1000000 target_fpr=0.01 neg_share=0.5 workload=balanced threads=1 load_factor=0.75 fp_bits=12 ops=1500000 warmup_ops=150000 rep=1
run=1 filter=cuckoo dist=uniform n=1000000 target_fpr=0.01 fp_bits=12 achieved_fpr=0.000977 bpe=28.6306 workload=balanced neg_share=0.5 threads=1 load_factor=0.75 ops_per_s=1.018332e+07 p50=0ns p95=0ns p99=0ns fail_rate=0.000016 avg_kicks=0.248741 stash_hits=1009
CONFIG filter=cuckoo dist=uniform n=1000000 target_fpr=0.01 neg_share=0.5 workload=balanced threads=1 load_factor=0.75 fp_bits=12 ops=1500000 warmup_ops=150000 rep=2
run=2 filter=cuckoo dist=uniform n=1000000 target_fpr=0.01 fp_bits=12 achieved_fpr=0.000977 bpe=28.6306 workload=balanced neg_share=0.5 threads=1 load_factor=0.75 ops_per_s=9.410447e+06 p50=0ns p95=0ns p99=0ns fail_rate=0.000016 avg_kicks=0.248741 stash_hits=1009
CONFIG filter=quotient dist=uniform n=1000000 target_fpr=0.01 neg_share=0.5 workload=balanced threads=1 load_factor=0.75 fp_bits=12 ops=1500000 warmup_ops=150000 rep=0
run=0 filter=quotient dist=uniform n=1000000 target_fpr=0.01 fp_bits=12 achieved_fpr=0.001834 bpe=49.6563 workload=balanced neg_share=0.5 threads=1 load_factor=0.75 ops_per_s=7.584586e+06 p50=0ns p95=0ns p99=0ns avg_probe=1.249501 cluster_mean=2.407121 cluster_p99=12.000000
CONFIG filter=quotient dist=uniform n=1000000 target_fpr=0.01 neg_share=0.5 workload=balanced threads=1 load_factor=0.75 fp_bits=12 ops=1500000 warmup_ops=150000 rep=1
run=1 filter=quotient dist=uniform n=1000000 target_fpr=0.01 fp_bits=12 achieved_fpr=0.001834 bpe=49.6563 workload=balanced neg_share=0.5 threads=1 load_factor=0.75 ops_per_s=7.314831e+06 p50=0ns p95=0ns p99=0ns avg_probe=1.249501 cluster_mean=2.407121 cluster_p99=12.000000
CONFIG filter=quotient dist=uniform n=1000000 target_fpr=0.01 neg_share=0.5 workload=balanced threads=1 load_factor=0.75 fp_bits=12 ops=1500000 warmup_ops=150000 rep=2
run=2 filter=quotient dist=uniform n=1000000 target_fpr=0.01 fp_bits=12 achieved_fpr=0.001834 bpe=49.6563 workload=balanced neg_share=0.5 threads=1 load_factor=0.75 ops_per_s=7.389047e+06 p50=0ns p95=0ns p99=0ns avg_probe=1.249501 cluster_mean=2.407121 cluster_p99=12.000000
CONFIG filter=cuckoo dist=uniform n=1000000 target_fpr=0.01 neg_share=0.5 workload=balanced threads=1 load_factor=0.80 fp_bits=12 ops=1500000 warmup_ops=150000 rep=0
run=0 filter=cuckoo dist=uniform n=1000000 target_fpr=0.01 fp_bits=12 achieved_fpr=0.000977 bpe=28.6306 workload=balanced neg_share=0.5 threads=1 load_factor=0.8 ops_per_s=9.555120e+06 p50=0ns p95=0ns p99=0ns fail_rate=0.000016 avg_kicks=0.248741 stash_hits=1009
CONFIG filter=cuckoo dist=uniform n=1000000 target_fpr=0.01 neg_share=0.5 workload=balanced threads=1 load_factor=0.80 fp_bits=12 ops=1500000 warmup_ops=150000 rep=1
run=1 filter=cuckoo dist=uniform n=1000000 target_fpr=0.01 fp_bits=12 achieved_fpr=0.000977 bpe=28.6306 workload=balanced neg_share=0.5 threads=1 load_factor=0.8 ops_per_s=9.731708e+06 p50=0ns p95=0ns p99=0ns fail_rate=0.000016 avg_kicks=0.248741 stash_hits=1009
CONFIG filter=cuckoo dist=uniform n=1000000 target_fpr=0.01 neg_share=0.5 workload=balanced threads=1 load_factor=0.80 fp_bits=12 ops=1500000 warmup_ops=150000 rep=2
run=2 filter=cuckoo dist=uniform n=1000000 target_fpr=0.01 fp_bits=12 achieved_fpr=0.000977 bpe=28.6306 workload=balanced neg_share=0.5 threads=1 load_factor=0.8 ops_per_s=9.042880e+06 p50=0ns p95=0ns p99=0ns fail_rate=0.000016 avg_kicks=0.248741 stash_hits=1009
CONFIG filter=quotient dist=uniform n=1000000 target_fpr=0.01 neg_share=0.5 workload=balanced threads=1 load_factor=0.80 fp_bits=12 ops=1500000 warmup_ops=150000 rep=0
run=0 filter=quotient dist=uniform n=1000000 target_fpr=0.01 fp_bits=12 achieved_fpr=0.001834 bpe=49.6563 workload=balanced neg_share=0.5 threads=1 load_factor=0.8 ops_per_s=7.483111e+06 p50=0ns p95=0ns p99=0ns avg_probe=1.249501 cluster_mean=2.407121 cluster_p99=12.000000
CONFIG filter=quotient dist=uniform n=1000000 target_fpr=0.01 neg_share=0.5 workload=balanced threads=1 load_factor=0.80 fp_bits=12 ops=1500000 warmup_ops=150000 rep=1
run=1 filter=quotient dist=uniform n=1000000 target_fpr=0.01 fp_bits=12 achieved_fpr=0.001834 bpe=49.6563 workload=balanced neg_share=0.5 threads=1 load_factor=0.8 ops_per_s=7.408538e+06 p50=0ns p95=0ns p99=0ns avg_probe=1.249501 cluster_mean=2.407121 cluster_p99=12.000000
CONFIG filter=quotient dist=uniform n=1000000 target_fpr=0.01 neg_share=0.5 workload=balanced threads=1 load_factor=0.80 fp_bits=12 ops=1500000 warmup_ops=150000 rep=2
run=2 filter=quotient dist=uniform n=1000000 target_fpr=0.01 fp_bits=12 achieved_fpr=0.001834 bpe=49.6563 workload=balanced neg_share=0.5 threads=1 load_factor=0.8 ops_per_s=7.370946e+06 p50=0ns p95=0ns p99=0ns avg_probe=1.249501 cluster_mean=2.407121 cluster_p99=12.000000
CONFIG filter=cuckoo dist=uniform n=1000000 target_fpr=0.01 neg_share=0.5 workload=balanced threads=1 load_factor=0.85 fp_bits=12 ops=1500000 warmup_ops=150000 rep=0
run=0 filter=cuckoo dist=uniform n=1000000 target_fpr=0.01 fp_bits=12 achieved_fpr=0.000977 bpe=28.6306 workload=balanced neg_share=0.5 threads=1 load_factor=0.85 ops_per_s=9.207952e+06 p50=0ns p95=0ns p99=0ns fail_rate=0.000016 avg_kicks=0.248741 stash_hits=1009
CONFIG filter=cuckoo dist=uniform n=1000000 target_fpr=0.01 neg_share=0.5 workload=balanced threads=1 load_factor=0.85 fp_bits=12 ops=1500000 warmup_ops=150000 rep=1
run=1 filter=cuckoo dist=uniform n=1000000 target_fpr=0.01 fp_bits=12 achieved_fpr=0.000977 bpe=28.6306 workload=balanced neg_share=0.5 threads=1 load_factor=0.85 ops_per_s=9.506957e+06 p50=0ns p95=0ns p99=0ns fail_rate=0.000016 avg_kicks=0.248741 stash_hits=1009
CONFIG filter=cuckoo dist=uniform n=1000000 target_fpr=0.01 neg_share=0.5 workload=balanced threads=1 load_factor=0.85 fp_bits=12 ops=1500000 warmup_ops=150000 rep=2
run=2 filter=cuckoo dist=uniform n=1000000 target_fpr=0.01 fp_bits=12 achieved_fpr=0.000977 bpe=28.6306 workload=balanced neg_share=0.5 threads=1 load_factor=0.85 ops_per_s=9.763907e+06 p50=0ns p95=0ns p99=0ns fail_rate=0.000016 avg_kicks=0.248741 stash_hits=1009
CONFIG filter=quotient dist=uniform n=1000000 target_fpr=0.01 neg_share=0.5 workload=balanced threads=1 load_factor=0.85 fp_bits=12 ops=1500000 warmup_ops=150000 rep=0
run=0 filter=quotient dist=uniform n=1000000 target_fpr=0.01 fp_bits=12 achieved_fpr=0.001834 bpe=49.6563 workload=balanced neg_share=0.5 threads=1 load_factor=0.85 ops_per_s=7.133543e+06 p50=0ns p95=0ns p99=0ns avg_probe=1.249501 cluster_mean=2.407121 cluster_p99=12.000000
CONFIG filter=quotient dist=uniform n=1000000 target_fpr=0.01 neg_share=0.5 workload=balanced threads=1 load_factor=0.85 fp_bits=12 ops=1500000 warmup_ops=150000 rep=1
run=1 filter=quotient dist=uniform n=1000000 target_fpr=0.01 fp_bits=12 achieved_fpr=0.001834 bpe=49.6563 workload=balanced neg_share=0.5 threads=1 load_factor=0.85 ops_per_s=7.345721e+06 p50=0ns p95=0ns p99=0ns avg_probe=1.249501 cluster_mean=2.407121 cluster_p99=12.000000
CONFIG filter=quotient dist=uniform n=1000000 target_fpr=0.01 neg_share=0.5 workload=balanced threads=1 load_factor=0.85 fp_bits=12 ops=1500000 warmup_ops=150000 rep=2
run=2 filter=quotient dist=uniform n=1000000 target_fpr=0.01 fp_bits=12 achieved_fpr=0.001834 bpe=49.6563 workload=balanced neg_share=0.5 threads=1 load_factor=0.85 ops_per_s=7.552492e+06 p50=0ns p95=0ns p99=0ns avg_probe=1.249501 cluster_mean=2.407121 cluster_p99=12.000000
CONFIG filter=cuckoo dist=uniform n=1000000 target_fpr=0.01 neg_share=0.5 workload=balanced threads=1 load_factor=0.90 fp_bits=12 ops=1500000 warmup_ops=150000 rep=0
run=0 filter=cuckoo dist=uniform n=1000000 target_fpr=0.01 fp_bits=12 achieved_fpr=0.000977 bpe=28.6306 workload=balanced neg_share=0.5 threads=1 load_factor=0.9 ops_per_s=9.175087e+06 p50=0ns p95=0ns p99=0ns fail_rate=0.000016 avg_kicks=0.248741 stash_hits=1009
CONFIG filter=cuckoo dist=uniform n=1000000 target_fpr=0.01 neg_share=0.5 workload=balanced threads=1 load_factor=0.90 fp_bits=12 ops=1500000 warmup_ops=150000 rep=1
run=1 filter=cuckoo dist=uniform n=1000000 target_fpr=0.01 fp_bits=12 achieved_fpr=0.000977 bpe=28.6306 workload=balanced neg_share=0.5 threads=1 load_factor=0.9 ops_per_s=9.803248e+06 p50=0ns p95=0ns p99=0ns fail_rate=0.000016 avg_kicks=0.248741 stash_hits=1009
CONFIG filter=cuckoo dist=uniform n=1000000 target_fpr=0.01 neg_share=0.5 workload=balanced threads=1 load_factor=0.90 fp_bits=12 ops=1500000 warmup_ops=150000 rep=2
run=2 filter=cuckoo dist=uniform n=1000000 target_fpr=0.01 fp_bits=12 achieved_fpr=0.000977 bpe=28.6306 workload=balanced neg_share=0.5 threads=1 load_factor=0.9 ops_per_s=1.012847e+07 p50=0ns p95=0ns p99=0ns fail_rate=0.000016 avg_kicks=0.248741 stash_hits=1009
CONFIG filter=quotient dist=uniform n=1000000 target_fpr=0.01 neg_share=0.5 workload=balanced threads=1 load_factor=0.90 fp_bits=12 ops=1500000 warmup_ops=150000 rep=0
run=0 filter=quotient dist=uniform n=1000000 target_fpr=0.01 fp_bits=12 achieved_fpr=0.001834 bpe=49.6563 workload=balanced neg_share=0.5 threads=1 load_factor=0.9 ops_per_s=7.599614e+06 p50=0ns p95=0ns p99=0ns avg_probe=1.249501 cluster_mean=2.407121 cluster_p99=12.000000
CONFIG filter=quotient dist=uniform n=1000000 target_fpr=0.01 neg_share=0.5 workload=balanced threads=1 load_factor=0.90 fp_bits=12 ops=1500000 warmup_ops=150000 rep=1
run=1 filter=quotient dist=uniform n=1000000 target_fpr=0.01 fp_bits=12 achieved_fpr=0.001834 bpe=49.6563 workload=balanced neg_share=0.5 threads=1 load_factor=0.9 ops_per_s=7.338888e+06 p50=0ns p95=0ns p99=0ns avg_probe=1.249501 cluster_mean=2.407121 cluster_p99=12.000000
CONFIG filter=quotient dist=uniform n=1000000 target_fpr=0.01 neg_share=0.5 workload=balanced threads=1 load_factor=0.90 fp_bits=12 ops=1500000 warmup_ops=150000 rep=2
run=2 filter=quotient dist=uniform n=1000000 target_fpr=0.01 fp_bits=12 achieved_fpr=0.001834 bpe=49.6563 workload=balanced neg_share=0.5 threads=1 load_factor=0.9 ops_per_s=7.418606e+06 p50=0ns p95=0ns p99=0ns avg_probe=1.249501 cluster_mean=2.407121 cluster_p99=12.000000
CONFIG filter=cuckoo dist=uniform n=1000000 target_fpr=0.01 neg_share=0.5 workload=balanced threads=1 load_factor=0.95 fp_bits=12 ops=1500000 warmup_ops=150000 rep=0
run=0 filter=cuckoo dist=uniform n=1000000 target_fpr=0.01 fp_bits=12 achieved_fpr=0.000977 bpe=28.6306 workload=balanced neg_share=0.5 threads=1 load_factor=0.95 ops_per_s=9.883144e+06 p50=0ns p95=0ns p99=0ns fail_rate=0.000016 avg_kicks=0.248741 stash_hits=1009
CONFIG filter=cuckoo dist=uniform n=1000000 target_fpr=0.01 neg_share=0.5 workload=balanced threads=1 load_factor=0.95 fp_bits=12 ops=1500000 warmup_ops=150000 rep=1
run=1 filter=cuckoo dist=uniform n=1000000 target_fpr=0.01 fp_bits=12 achieved_fpr=0.000977 bpe=28.6306 workload=balanced neg_share=0.5 threads=1 load_factor=0.95 ops_per_s=9.750160e+06 p50=0ns p95=0ns p99=0ns fail_rate=0.000016 avg_kicks=0.248741 stash_hits=1009
CONFIG filter=cuckoo dist=uniform n=1000000 target_fpr=0.01 neg_share=0.5 workload=balanced threads=1 load_factor=0.95 fp_bits=12 ops=1500000 warmup_ops=150000 rep=2
run=2 filter=cuckoo dist=uniform n=1000000 target_fpr=0.01 fp_bits=12 achieved_fpr=0.000977 bpe=28.6306 workload=balanced neg_share=0.5 threads=1 load_factor=0.95 ops_per_s=9.619452e+06 p50=0ns p95=0ns p99=0ns fail_rate=0.000016 avg_kicks=0.248741 stash_hits=1009
CONFIG filter=quotient dist=uniform n=1000000 target_fpr=0.01 neg_share=0.5 workload=balanced threads=1 load_factor=0.95 fp_bits=12 ops=1500000 warmup_ops=150000 rep=0
run=0 filter=quotient dist=uniform n=1000000 target_fpr=0.01 fp_bits=12 achieved_fpr=0.001834 bpe=49.6563 workload=balanced neg_share=0.5 threads=1 load_factor=0.95 ops_per_s=7.375707e+06 p50=0ns p95=0ns p99=0ns avg_probe=1.249501 cluster_mean=2.407121 cluster_p99=12.000000
CONFIG filter=quotient dist=uniform n=1000000 target_fpr=0.01 neg_share=0.5 workload=balanced threads=1 load_factor=0.95 fp_bits=12 ops=1500000 warmup_ops=150000 rep=1
run=1 filter=quotient dist=uniform n=1000000 target_fpr=0.01 fp_bits=12 achieved_fpr=0.001834 bpe=49.6563 workload=balanced neg_share=0.5 threads=1 load_factor=0.95 ops_per_s=7.600644e+06 p50=0ns p95=0ns p99=0ns avg_probe=1.249501 cluster_mean=2.407121 cluster_p99=12.000000
CONFIG filter=quotient dist=uniform n=1000000 target_fpr=0.01 neg_share=0.5 workload=balanced threads=1 load_factor=0.95 fp_bits=12 ops=1500000 warmup_ops=150000 rep=2
run=2 filter=quotient dist=uniform n=1000000 target_fpr=0.01 fp_bits=12 achieved_fpr=0.001834 bpe=49.6563 workload=balanced neg_share=0.5 threads=1 load_factor=0.95 ops_per_s=7.267832e+06 p50=0ns p95=0ns p99=0ns avg_probe=1.249501 cluster_mean=2.407121 cluster_p99=12.000000
CONFIG filter=cuckoo dist=sequential n=1000000 target_fpr=0.01 neg_share=0.5 workload=balanced threads=1 load_factor=0.40 fp_bits=12 ops=1500000 warmup_ops=150000 rep=0
run=0 filter=cuckoo dist=sequential n=1000000 target_fpr=0.01 fp_bits=12 achieved_fpr=0.000437 bpe=57.2567 workload=balanced neg_share=0.5 threads=1 load_factor=0.4 ops_per_s=8.463518e+06 p50=0ns p95=0ns p99=0ns fail_rate=0.000018 avg_kicks=0.139830 stash_hits=964
CONFIG filter=cuckoo dist=sequential n=1000000 target_fpr=0.01 neg_share=0.5 workload=balanced threads=1 load_factor=0.40 fp_bits=12 ops=1500000 warmup_ops=150000 rep=1
run=1 filter=cuckoo dist=sequential n=1000000 target_fpr=0.01 fp_bits=12 achieved_fpr=0.000437 bpe=57.2567 workload=balanced neg_share=0.5 threads=1 load_factor=0.4 ops_per_s=8.367096e+06 p50=0ns p95=0ns p99=0ns fail_rate=0.000018 avg_kicks=0.139830 stash_hits=964
CONFIG filter=cuckoo dist=sequential n=1000000 target_fpr=0.01 neg_share=0.5 workload=balanced threads=1 load_factor=0.40 fp_bits=12 ops=1500000 warmup_ops=150000 rep=2
run=2 filter=cuckoo dist=sequential n=1000000 target_fpr=0.01 fp_bits=12 achieved_fpr=0.000437 bpe=57.2567 workload=balanced neg_share=0.5 threads=1 load_factor=0.4 ops_per_s=8.525303e+06 p50=0ns p95=0ns p99=0ns fail_rate=0.000018 avg_kicks=0.139830 stash_hits=964
CONFIG filter=quotient dist=sequential n=1000000 target_fpr=0.01 neg_share=0.5 workload=balanced threads=1 load_factor=0.40 fp_bits=12 ops=1500000 warmup_ops=150000 rep=0
run=0 filter=quotient dist=sequential n=1000000 target_fpr=0.01 fp_bits=12 achieved_fpr=0.000976 bpe=99.6818 workload=balanced neg_share=0.5 threads=1 load_factor=0.4 ops_per_s=7.641577e+06 p50=0ns p95=0ns p99=0ns avg_probe=1.122395 cluster_mean=1.476893 cluster_p99=5.000000
CONFIG filter=quotient dist=sequential n=1000000 target_fpr=0.01 neg_share=0.5 workload=balanced threads=1 load_factor=0.40 fp_bits=12 ops=1500000 warmup_ops=150000 rep=1
run=1 filter=quotient dist=sequential n=1000000 target_fpr=0.01 fp_bits=12 achieved_fpr=0.000976 bpe=99.6818 workload=balanced neg_share=0.5 threads=1 load_factor=0.4 ops_per_s=7.789595e+06 p50=0ns p95=0ns p99=0ns avg_probe=1.122395 cluster_mean=1.476893 cluster_p99=5.000000
CONFIG filter=quotient dist=sequential n=1000000 target_fpr=0.01 neg_share=0.5 workload=balanced threads=1 load_factor=0.40 fp_bits=12 ops=1500000 warmup_ops=150000 rep=2
run=2 filter=quotient dist=sequential n=1000000 target_fpr=0.01 fp_bits=12 achieved_fpr=0.000976 bpe=99.6818 workload=balanced neg_share=0.5 threads=1 load_factor=0.4 ops_per_s=7.473219e+06 p50=0ns p95=0ns p99=0ns avg_probe=1.122395 cluster_mean=1.476893 cluster_p99=5.000000
CONFIG filter=cuckoo dist=sequential n=1000000 target_fpr=0.01 neg_share=0.5 workload=balanced threads=1 load_factor=0.45 fp_bits=12 ops=1500000 warmup_ops=150000 rep=0
run=0 filter=cuckoo dist=sequential n=1000000 target_fpr=0.01 fp_bits=12 achieved_fpr=0.000437 bpe=57.2567 workload=balanced neg_share=0.5 threads=1 load_factor=0.45 ops_per_s=7.956462e+06 p50=0ns p95=0ns p99=0ns fail_rate=0.000018 avg_kicks=0.139830 stash_hits=964
CONFIG filter=cuckoo dist=sequential n=1000000 target_fpr=0.01 neg_share=0.5 workload=balanced threads=1 load_factor=0.45 fp_bits=12 ops=1500000 warmup_ops=150000 rep=1
run=1 filter=cuckoo dist=sequential n=1000000 target_fpr=0.01 fp_bits=12 achieved_fpr=0.000437 bpe=57.2567 workload=balanced neg_share=0.5 threads=1 load_factor=0.45 ops_per_s=8.170953e+06 p50=0ns p95=0ns p99=0ns fail_rate=0.000018 avg_kicks=0.139830 stash_hits=964
CONFIG filter=cuckoo dist=sequential n=1000000 target_fpr=0.01 neg_share=0.5 workload=balanced threads=1 load_factor=0.45 fp_bits=12 ops=1500000 warmup_ops=150000 rep=2
run=2 filter=cuckoo dist=sequential n=1000000 target_fpr=0.01 fp_bits=12 achieved_fpr=0.000437 bpe=57.2567 workload=balanced neg_share=0.5 threads=1 load_factor=0.45 ops_per_s=8.693211e+06 p50=0ns p95=0ns p99=0ns fail_rate=0.000018 avg_kicks=0.139830 stash_hits=964
CONFIG filter=quotient dist=sequential n=1000000 target_fpr=0.01 neg_share=0.5 workload=balanced threads=1 load_factor=0.45 fp_bits=12 ops=1500000 warmup_ops=150000 rep=0
run=0 filter=quotient dist=sequential n=1000000 target_fpr=0.01 fp_bits=12 achieved_fpr=0.000976 bpe=99.6818 workload=balanced neg_share=0.5 threads=1 load_factor=0.45 ops_per_s=7.668197e+06 p50=0ns p95=0ns p99=0ns avg_probe=1.122395 cluster_mean=1.476893 cluster_p99=5.000000
CONFIG filter=quotient dist=sequential n=1000000 target_fpr=0.01 neg_share=0.5 workload=balanced threads=1 load_factor=0.45 fp_bits=12 ops=1500000 warmup_ops=150000 rep=1
run=1 filter=quotient dist=sequential n=1000000 target_fpr=0.01 fp_bits=12 achieved_fpr=0.000976 bpe=99.6818 workload=balanced neg_share=0.5 threads=1 load_factor=0.45 ops_per_s=7.772224e+06 p50=0ns p95=0ns p99=0ns avg_probe=1.122395 cluster_mean=1.476893 cluster_p99=5.000000
CONFIG filter=quotient dist=sequential n=1000000 target_fpr=0.01 neg_share=0.5 workload=balanced threads=1 load_factor=0.45 fp_bits=12 ops=1500000 warmup_ops=150000 rep=2
run=2 filter=quotient dist=sequential n=1000000 target_fpr=0.01 fp_bits=12 achieved_fpr=0.000976 bpe=99.6818 workload=balanced neg_share=0.5 threads=1 load_factor=0.45 ops_per_s=7.679909e+06 p50=0ns p95=0ns p99=0ns avg_probe=1.122395 cluster_mean=1.476893 cluster_p99=5.000000
CONFIG filter=cuckoo dist=sequential n=1000000 target_fpr=0.01 neg_share=0.5 workload=balanced threads=1 load_factor=0.50 fp_bits=12 ops=1500000 warmup_ops=150000 rep=0
run=0 filter=cuckoo dist=sequential n=1000000 target_fpr=0.01 fp_bits=12 achieved_fpr=0.00091 bpe=28.6308 workload=balanced neg_share=0.5 threads=1 load_factor=0.5 ops_per_s=9.695644e+06 p50=0ns p95=0ns p99=0ns fail_rate=0.000028 avg_kicks=0.250146 stash_hits=1050
CONFIG filter=cuckoo dist=sequential n=1000000 target_fpr=0.01 neg_share=0.5 workload=balanced threads=1 load_factor=0.50 fp_bits=12 ops=1500000 warmup_ops=150000 rep=1
run=1 filter=cuckoo dist=sequential n=1000000 target_fpr=0.01 fp_bits=12 achieved_fpr=0.00091 bpe=28.6308 workload=balanced neg_share=0.5 threads=1 load_factor=0.5 ops_per_s=9.040187e+06 p50=0ns p95=0ns p99=0ns fail_rate=0.000028 avg_kicks=0.250146 stash_hits=1050
CONFIG filter=cuckoo dist=sequential n=1000000 target_fpr=0.01 neg_share=0.5 workload=balanced threads=1 load_factor=0.50 fp_bits=12 ops=1500000 warmup_ops=150000 rep=2
run=2 filter=cuckoo dist=sequential n=1000000 target_fpr=0.01 fp_bits=12 achieved_fpr=0.00091 bpe=28.6308 workload=balanced neg_share=0.5 threads=1 load_factor=0.5 ops_per_s=9.759031e+06 p50=0ns p95=0ns p99=0ns fail_rate=0.000028 avg_kicks=0.250146 stash_hits=1050
CONFIG filter=quotient dist=sequential n=1000000 target_fpr=0.01 neg_share=0.5 workload=balanced threads=1 load_factor=0.50 fp_bits=12 ops=1500000 warmup_ops=150000 rep=0
run=0 filter=quotient dist=sequential n=1000000 target_fpr=0.01 fp_bits=12 achieved_fpr=0.001903 bpe=49.6629 workload=balanced neg_share=0.5 threads=1 load_factor=0.5 ops_per_s=7.447250e+06 p50=0ns p95=0ns p99=0ns avg_probe=1.247580 cluster_mean=2.401797 cluster_p99=12.000000
CONFIG filter=quotient dist=sequential n=1000000 target_fpr=0.01 neg_share=0.5 workload=balanced threads=1 load_factor=0.50 fp_bits=12 ops=1500000 warmup_ops=150000 rep=1
run=1 filter=quotient dist=sequential n=1000000 target_fpr=0.01 fp_bits=12 achieved_fpr=0.001903 bpe=49.6629 workload=balanced neg_share=0.5 threads=1 load_factor=0.5 ops_per_s=7.517850e+06 p50=0ns p95=0ns p99=0ns avg_probe=1.247580 cluster_mean=2.401797 cluster_p99=12.000000
CONFIG filter=quotient dist=sequential n=1000000 target_fpr=0.01 neg_share=0.5 workload=balanced threads=1 load_factor=0.50 fp_bits=12 ops=1500000 warmup_ops=150000 rep=2
run=2 filter=quotient dist=sequential n=1000000 target_fpr=0.01 fp_bits=12 achieved_fpr=0.001903 bpe=49.6629 workload=balanced neg_share=0.5 threads=1 load_factor=0.5 ops_per_s=7.457580e+06 p50=0ns p95=0ns p99=0ns avg_probe=1.247580 cluster_mean=2.401797 cluster_p99=12.000000
CONFIG filter=cuckoo dist=sequential n=1000000 target_fpr=0.01 neg_share=0.5 workload=balanced threads=1 load_factor=0.55 fp_bits=12 ops=1500000 warmup_ops=150000 rep=0
run=0 filter=cuckoo dist=sequential n=1000000 target_fpr=0.01 fp_bits=12 achieved_fpr=0.00091 bpe=28.6308 workload=balanced neg_share=0.5 threads=1 load_factor=0.55 ops_per_s=1.036089e+07 p50=0ns p95=0ns p99=0ns fail_rate=0.000028 avg_kicks=0.250146 stash_hits=1050
CONFIG filter=cuckoo dist=sequential n=1000000 target_fpr=0.01 neg_share=0.5 workload=balanced threads=1 load_factor=0.55 fp_bits=12 ops=1500000 warmup_ops=150000 rep=1
run=1 filter=cuckoo dist=sequential n=1000000 target_fpr=0.01 fp_bits=12 achieved_fpr=0.00091 bpe=28.6308 workload=balanced neg_share=0.5 threads=1 load_factor=0.55 ops_per_s=9.484371e+06 p50=0ns p95=0ns p99=0ns fail_rate=0.000028 avg_kicks=0.250146 stash_hits=1050
CONFIG filter=cuckoo dist=sequential n=1000000 target_fpr=0.01 neg_share=0.5 workload=balanced threads=1 load_factor=0.55 fp_bits=12 ops=1500000 warmup_ops=150000 rep=2
run=2 filter=cuckoo dist=sequential n=1000000 target_fpr=0.01 fp_bits=12 achieved_fpr=0.00091 bpe=28.6308 workload=balanced neg_share=0.5 threads=1 load_factor=0.55 ops_per_s=9.800319e+06 p50=0ns p95=0ns p99=0ns fail_rate=0.000028 avg_kicks=0.250146 stash_hits=1050
CONFIG filter=quotient dist=sequential n=1000000 target_fpr=0.01 neg_share=0.5 workload=balanced threads=1 load_factor=0.55 fp_bits=12 ops=1500000 warmup_ops=150000 rep=0
run=0 filter=quotient dist=sequential n=1000000 target_fpr=0.01 fp_bits=12 achieved_fpr=0.001903 bpe=49.6629 workload=balanced neg_share=0.5 threads=1 load_factor=0.55 ops_per_s=7.611979e+06 p50=0ns p95=0ns p99=0ns avg_probe=1.247580 cluster_mean=2.401797 cluster_p99=12.000000
CONFIG filter=quotient dist=sequential n=1000000 target_fpr=0.01 neg_share=0.5 workload=balanced threads=1 load_factor=0.55 fp_bits=12 ops=1500000 warmup_ops=150000 rep=1
run=1 filter=quotient dist=sequential n=1000000 target_fpr=0.01 fp_bits=12 achieved_fpr=0.001903 bpe=49.6629 workload=balanced neg_share=0.5 threads=1 load_factor=0.55 ops_per_s=7.599698e+06 p50=0ns p95=0ns p99=0ns avg_probe=1.247580 cluster_mean=2.401797 cluster_p99=12.000000
CONFIG filter=quotient dist=sequential n=1000000 target_fpr=0.01 neg_share=0.5 workload=balanced threads=1 load_factor=0.55 fp_bits=12 ops=1500000 warmup_ops=150000 rep=2
run=2 filter=quotient dist=sequential n=1000000 target_fpr=0.01 fp_bits=12 achieved_fpr=0.001903 bpe=49.6629 workload=balanced neg_share=0.5 threads=1 load_factor=0.55 ops_per_s=7.419080e+06 p50=0ns p95=0ns p99=0ns avg_probe=1.247580 cluster_mean=2.401797 cluster_p99=12.000000
CONFIG filter=cuckoo dist=sequential n=1000000 target_fpr=0.01 neg_share=0.5 workload=balanced threads=1 load_factor=0.60 fp_bits=12 ops=1500000 warmup_ops=150000 rep=0
run=0 filter=cuckoo dist=sequential n=1000000 target_fpr=0.01 fp_bits=12 achieved_fpr=0.00091 bpe=28.6308 workload=balanced neg_share=0.5 threads=1 load_factor=0.6 ops_per_s=9.905521e+06 p50=0ns p95=0ns p99=0ns fail_rate=0.000028 avg_kicks=0.250146 stash_hits=1050
CONFIG filter=cuckoo dist=sequential n=1000000 target_fpr=0.01 neg_share=0.5 workload=balanced threads=1 load_factor=0.60 fp_bits=12 ops=1500000 warmup_ops=150000 rep=1
run=1 filter=cuckoo dist=sequential n=1000000 target_fpr=0.01 fp_bits=12 achieved_fpr=0.00091 bpe=28.6308 workload=balanced neg_share=0.5 threads=1 load_factor=0.6 ops_per_s=1.008972e+07 p50=0ns p95=0ns p99=0ns fail_rate=0.000028 avg_kicks=0.250146 stash_hits=1050
CONFIG filter=cuckoo dist=sequential n=1000000 target_fpr=0.01 neg_share=0.5 workload=balanced threads=1 load_factor=0.60 fp_bits=12 ops=1500000 warmup_ops=150000 rep=2
run=2 filter=cuckoo dist=sequential n=1000000 target_fpr=0.01 fp_bits=12 achieved_fpr=0.00091 bpe=28.6308 workload=balanced neg_share=0.5 threads=1 load_factor=0.6 ops_per_s=1.010541e+07 p50=0ns p95=0ns p99=0ns fail_rate=0.000028 avg_kicks=0.250146 stash_hits=1050
CONFIG filter=quotient dist=sequential n=1000000 target_fpr=0.01 neg_share=0.5 workload=balanced threads=1 load_factor=0.60 fp_bits=12 ops=1500000 warmup_ops=150000 rep=0
run=0 filter=quotient dist=sequential n=1000000 target_fpr=0.01 fp_bits=12 achieved_fpr=0.001903 bpe=49.6629 workload=balanced neg_share=0.5 threads=1 load_factor=0.6 ops_per_s=7.357468e+06 p50=0ns p95=0ns p99=0ns avg_probe=1.247580 cluster_mean=2.401797 cluster_p99=12.000000
CONFIG filter=quotient dist=sequential n=1000000 target_fpr=0.01 neg_share=0.5 workload=balanced threads=1 load_factor=0.60 fp_bits=12 ops=1500000 warmup_ops=150000 rep=1
run=1 filter=quotient dist=sequential n=1000000 target_fpr=0.01 fp_bits=12 achieved_fpr=0.001903 bpe=49.6629 workload=balanced neg_share=0.5 threads=1 load_factor=0.6 ops_per_s=7.692586e+06 p50=0ns p95=0ns p99=0ns avg_probe=1.247580 cluster_mean=2.401797 cluster_p99=12.000000
CONFIG filter=quotient dist=sequential n=1000000 target_fpr=0.01 neg_share=0.5 workload=balanced threads=1 load_factor=0.60 fp_bits=12 ops=1500000 warmup_ops=150000 rep=2
run=2 filter=quotient dist=sequential n=1000000 target_fpr=0.01 fp_bits=12 achieved_fpr=0.001903 bpe=49.6629 workload=balanced neg_share=0.5 threads=1 load_factor=0.6 ops_per_s=7.467092e+06 p50=0ns p95=0ns p99=0ns avg_probe=1.247580 cluster_mean=2.401797 cluster_p99=12.000000
CONFIG filter=cuckoo dist=sequential n=1000000 target_fpr=0.01 neg_share=0.5 workload=balanced threads=1 load_factor=0.65 fp_bits=12 ops=1500000 warmup_ops=150000 rep=0
run=0 filter=cuckoo dist=sequential n=1000000 target_fpr=0.01 fp_bits=12 achieved_fpr=0.00091 bpe=28.6308 workload=balanced neg_share=0.5 threads=1 load_factor=0.65 ops_per_s=9.239596e+06 p50=0ns p95=0ns p99=0ns fail_rate=0.000028 avg_kicks=0.250146 stash_hits=1050
CONFIG filter=cuckoo dist=sequential n=1000000 target_fpr=0.01 neg_share=0.5 workload=balanced threads=1 load_factor=0.65 fp_bits=12 ops=1500000 warmup_ops=150000 rep=1
run=1 filter=cuckoo dist=sequential n=1000000 target_fpr=0.01 fp_bits=12 achieved_fpr=0.00091 bpe=28.6308 workload=balanced neg_share=0.5 threads=1 load_factor=0.65 ops_per_s=9.519761e+06 p50=0ns p95=0ns p99=0ns fail_rate=0.000028 avg_kicks=0.250146 stash_hits=1050
CONFIG filter=cuckoo dist=sequential n=1000000 target_fpr=0.01 neg_share=0.5 workload=balanced threads=1 load_factor=0.65 fp_bits=12 ops=1500000 warmup_ops=150000 rep=2
run=2 filter=cuckoo dist=sequential n=1000000 target_fpr=0.01 fp_bits=12 achieved_fpr=0.00091 bpe=28.6308 workload=balanced neg_share=0.5 threads=1 load_factor=0.65 ops_per_s=9.296540e+06 p50=0ns p95=0ns p99=0ns fail_rate=0.000028 avg_kicks=0.250146 stash_hits=1050
CONFIG filter=quotient dist=sequential n=1000000 target_fpr=0.01 neg_share=0.5 workload=balanced threads=1 load_factor=0.65 fp_bits=12 ops=1500000 warmup_ops=150000 rep=0
run=0 filter=quotient dist=sequential n=1000000 target_fpr=0.01 fp_bits=12 achieved_fpr=0.001903 bpe=49.6629 workload=balanced neg_share=0.5 threads=1 load_factor=0.65 ops_per_s=7.567467e+06 p50=0ns p95=0ns p99=0ns avg_probe=1.247580 cluster_mean=2.401797 cluster_p99=12.000000
CONFIG filter=quotient dist=sequential n=1000000 target_fpr=0.01 neg_share=0.5 workload=balanced threads=1 load_factor=0.65 fp_bits=12 ops=1500000 warmup_ops=150000 rep=1
run=1 filter=quotient dist=sequential n=1000000 target_fpr=0.01 fp_bits=12 achieved_fpr=0.001903 bpe=49.6629 workload=balanced neg_share=0.5 threads=1 load_factor=0.65 ops_per_s=7.250600e+06 p50=0ns p95=0ns p99=0ns avg_probe=1.247580 cluster_mean=2.401797 cluster_p99=12.000000
CONFIG filter=quotient dist=sequential n=1000000 target_fpr=0.01 neg_share=0.5 workload=balanced threads=1 load_factor=0.65 fp_bits=12 ops=1500000 warmup_ops=150000 rep=2
run=2 filter=quotient dist=sequential n=1000000 target_fpr=0.01 fp_bits=12 achieved_fpr=0.001903 bpe=49.6629 workload=balanced neg_share=0.5 threads=1 load_factor=0.65 ops_per_s=7.694189e+06 p50=0ns p95=0ns p99=0ns avg_probe=1.247580 cluster_mean=2.401797 cluster_p99=12.000000
CONFIG filter=cuckoo dist=sequential n=1000000 target_fpr=0.01 neg_share=0.5 workload=balanced threads=1 load_factor=0.70 fp_bits=12 ops=1500000 warmup_ops=150000 rep=0
run=0 filter=cuckoo dist=sequential n=1000000 target_fpr=0.01 fp_bits=12 achieved_fpr=0.00091 bpe=28.6308 workload=balanced neg_share=0.5 threads=1 load_factor=0.7 ops_per_s=9.481070e+06 p50=0ns p95=0ns p99=0ns fail_rate=0.000028 avg_kicks=0.250146 stash_hits=1050
CONFIG filter=cuckoo dist=sequential n=1000000 target_fpr=0.01 neg_share=0.5 workload=balanced threads=1 load_factor=0.70 fp_bits=12 ops=1500000 warmup_ops=150000 rep=1
run=1 filter=cuckoo dist=sequential n=1000000 target_fpr=0.01 fp_bits=12 achieved_fpr=0.00091 bpe=28.6308 workload=balanced neg_share=0.5 threads=1 load_factor=0.7 ops_per_s=1.004223e+07 p50=0ns p95=0ns p99=0ns fail_rate=0.000028 avg_kicks=0.250146 stash_hits=1050
CONFIG filter=cuckoo dist=sequential n=1000000 target_fpr=0.01 neg_share=0.5 workload=balanced threads=1 load_factor=0.70 fp_bits=12 ops=1500000 warmup_ops=150000 rep=2
run=2 filter=cuckoo dist=sequential n=1000000 target_fpr=0.01 fp_bits=12 achieved_fpr=0.00091 bpe=28.6308 workload=balanced neg_share=0.5 threads=1 load_factor=0.7 ops_per_s=1.001589e+07 p50=0ns p95=0ns p99=0ns fail_rate=0.000028 avg_kicks=0.250146 stash_hits=1050
CONFIG filter=quotient dist=sequential n=1000000 target_fpr=0.01 neg_share=0.5 workload=balanced threads=1 load_factor=0.70 fp_bits=12 ops=1500000 warmup_ops=150000 rep=0
run=0 filter=quotient dist=sequential n=1000000 target_fpr=0.01 fp_bits=12 achieved_fpr=0.001903 bpe=49.6629 workload=balanced neg_share=0.5 threads=1 load_factor=0.7 ops_per_s=7.691528e+06 p50=0ns p95=0ns p99=0ns avg_probe=1.247580 cluster_mean=2.401797 cluster_p99=12.000000
CONFIG filter=quotient dist=sequential n=1000000 target_fpr=0.01 neg_share=0.5 workload=balanced threads=1 load_factor=0.70 fp_bits=12 ops=1500000 warmup_ops=150000 rep=1
run=1 filter=quotient dist=sequential n=1000000 target_fpr=0.01 fp_bits=12 achieved_fpr=0.001903 bpe=49.6629 workload=balanced neg_share=0.5 threads=1 load_factor=0.7 ops_per_s=7.334737e+06 p50=0ns p95=0ns p99=0ns avg_probe=1.247580 cluster_mean=2.401797 cluster_p99=12.000000
CONFIG filter=quotient dist=sequential n=1000000 target_fpr=0.01 neg_share=0.5 workload=balanced threads=1 load_factor=0.70 fp_bits=12 ops=1500000 warmup_ops=150000 rep=2
run=2 filter=quotient dist=sequential n=1000000 target_fpr=0.01 fp_bits=12 achieved_fpr=0.001903 bpe=49.6629 workload=balanced neg_share=0.5 threads=1 load_factor=0.7 ops_per_s=7.350124e+06 p50=0ns p95=0ns p99=0ns avg_probe=1.247580 cluster_mean=2.401797 cluster_p99=12.000000
CONFIG filter=cuckoo dist=sequential n=1000000 target_fpr=0.01 neg_share=0.5 workload=balanced threads=1 load_factor=0.75 fp_bits=12 ops=1500000 warmup_ops=150000 rep=0
run=0 filter=cuckoo dist=sequential n=1000000 target_fpr=0.01 fp_bits=12 achieved_fpr=0.00091 bpe=28.6308 workload=balanced neg_share=0.5 threads=1 load_factor=0.75 ops_per_s=9.019599e+06 p50=0ns p95=0ns p99=0ns fail_rate=0.000028 avg_kicks=0.250146 stash_hits=1050
CONFIG filter=cuckoo dist=sequential n=1000000 target_fpr=0.01 neg_share=0.5 workload=balanced threads=1 load_factor=0.75 fp_bits=12 ops=1500000 warmup_ops=150000 rep=1
run=1 filter=cuckoo dist=sequential n=1000000 target_fpr=0.01 fp_bits=12 achieved_fpr=0.00091 bpe=28.6308 workload=balanced neg_share=0.5 threads=1 load_factor=0.75 ops_per_s=9.809657e+06 p50=0ns p95=0ns p99=0ns fail_rate=0.000028 avg_kicks=0.250146 stash_hits=1050
CONFIG filter=cuckoo dist=sequential n=1000000 target_fpr=0.01 neg_share=0.5 workload=balanced threads=1 load_factor=0.75 fp_bits=12 ops=1500000 warmup_ops=150000 rep=2
run=2 filter=cuckoo dist=sequential n=1000000 target_fpr=0.01 fp_bits=12 achieved_fpr=0.00091 bpe=28.6308 workload=balanced neg_share=0.5 threads=1 load_factor=0.75 ops_per_s=9.449417e+06 p50=0ns p95=0ns p99=0ns fail_rate=0.000028 avg_kicks=0.250146 stash_hits=1050
CONFIG filter=quotient dist=sequential n=1000000 target_fpr=0.01 neg_share=0.5 workload=balanced threads=1 load_factor=0.75 fp_bits=12 ops=1500000 warmup_ops=150000 rep=0
run=0 filter=quotient dist=sequential n=1000000 target_fpr=0.01 fp_bits=12 achieved_fpr=0.001903 bpe=49.6629 workload=balanced neg_share=0.5 threads=1 load_factor=0.75 ops_per_s=7.594446e+06 p50=0ns p95=0ns p99=0ns avg_probe=1.247580 cluster_mean=2.401797 cluster_p99=12.000000
CONFIG filter=quotient dist=sequential n=1000000 target_fpr=0.01 neg_share=0.5 workload=balanced threads=1 load_factor=0.75 fp_bits=12 ops=1500000 warmup_ops=150000 rep=1
run=1 filter=quotient dist=sequential n=1000000 target_fpr=0.01 fp_bits=12 achieved_fpr=0.001903 bpe=49.6629 workload=balanced neg_share=0.5 threads=1 load_factor=0.75 ops_per_s=7.548180e+06 p50=0ns p95=0ns p99=0ns avg_probe=1.247580 cluster_mean=2.401797 cluster_p99=12.000000
CONFIG filter=quotient dist=sequential n=1000000 target_fpr=0.01 neg_share=0.5 workload=balanced threads=1 load_factor=0.75 fp_bits=12 ops=1500000 warmup_ops=150000 rep=2
run=2 filter=quotient dist=sequential n=1000000 target_fpr=0.01 fp_bits=12 achieved_fpr=0.001903 bpe=49.6629 workload=balanced neg_share=0.5 threads=1 load_factor=0.75 ops_per_s=6.983948e+06 p50=0ns p95=0ns p99=0ns avg_probe=1.247580 cluster_mean=2.401797 cluster_p99=12.000000
CONFIG filter=cuckoo dist=sequential n=1000000 target_fpr=0.01 neg_share=0.5 workload=balanced threads=1 load_factor=0.80 fp_bits=12 ops=1500000 warmup_ops=150000 rep=0
run=0 filter=cuckoo dist=sequential n=1000000 target_fpr=0.01 fp_bits=12 achieved_fpr=0.00091 bpe=28.6308 workload=balanced neg_share=0.5 threads=1 load_factor=0.8 ops_per_s=9.176893e+06 p50=0ns p95=0ns p99=0ns fail_rate=0.000028 avg_kicks=0.250146 stash_hits=1050
CONFIG filter=cuckoo dist=sequential n=1000000 target_fpr=0.01 neg_share=0.5 workload=balanced threads=1 load_factor=0.80 fp_bits=12 ops=1500000 warmup_ops=150000 rep=1
run=1 filter=cuckoo dist=sequential n=1000000 target_fpr=0.01 fp_bits=12 achieved_fpr=0.00091 bpe=28.6308 workload=balanced neg_share=0.5 threads=1 load_factor=0.8 ops_per_s=9.373902e+06 p50=0ns p95=0ns p99=0ns fail_rate=0.000028 avg_kicks=0.250146 stash_hits=1050
CONFIG filter=cuckoo dist=sequential n=1000000 target_fpr=0.01 neg_share=0.5 workload=balanced threads=1 load_factor=0.80 fp_bits=12 ops=1500000 warmup_ops=150000 rep=2
run=2 filter=cuckoo dist=sequential n=1000000 target_fpr=0.01 fp_bits=12 achieved_fpr=0.00091 bpe=28.6308 workload=balanced neg_share=0.5 threads=1 load_factor=0.8 ops_per_s=9.579003e+06 p50=0ns p95=0ns p99=0ns fail_rate=0.000028 avg_kicks=0.250146 stash_hits=1050
CONFIG filter=quotient dist=sequential n=1000000 target_fpr=0.01 neg_share=0.5 workload=balanced threads=1 load_factor=0.80 fp_bits=12 ops=1500000 warmup_ops=150000 rep=0
run=0 filter=quotient dist=sequential n=1000000 target_fpr=0.01 fp_bits=12 achieved_fpr=0.001903 bpe=49.6629 workload=balanced neg_share=0.5 threads=1 load_factor=0.8 ops_per_s=7.436681e+06 p50=0ns p95=0ns p99=0ns avg_probe=1.247580 cluster_mean=2.401797 cluster_p99=12.000000
CONFIG filter=quotient dist=sequential n=1000000 target_fpr=0.01 neg_share=0.5 workload=balanced threads=1 load_factor=0.80 fp_bits=12 ops=1500000 warmup_ops=150000 rep=1
run=1 filter=quotient dist=sequential n=1000000 target_fpr=0.01 fp_bits=12 achieved_fpr=0.001903 bpe=49.6629 workload=balanced neg_share=0.5 threads=1 load_factor=0.8 ops_per_s=7.706545e+06 p50=0ns p95=0ns p99=0ns avg_probe=1.247580 cluster_mean=2.401797 cluster_p99=12.000000
CONFIG filter=quotient dist=sequential n=1000000 target_fpr=0.01 neg_share=0.5 workload=balanced threads=1 load_factor=0.80 fp_bits=12 ops=1500000 warmup_ops=150000 rep=2
run=2 filter=quotient dist=sequential n=1000000 target_fpr=0.01 fp_bits=12 achieved_fpr=0.001903 bpe=49.6629 workload=balanced neg_share=0.5 threads=1 load_factor=0.8 ops_per_s=7.656710e+06 p50=0ns p95=0ns p99=0ns avg_probe=1.247580 cluster_mean=2.401797 cluster_p99=12.000000
CONFIG filter=cuckoo dist=sequential n=1000000 target_fpr=0.01 neg_share=0.5 workload=balanced threads=1 load_factor=0.85 fp_bits=12 ops=1500000 warmup_ops=150000 rep=0
run=0 filter=cuckoo dist=sequential n=1000000 target_fpr=0.01 fp_bits=12 achieved_fpr=0.00091 bpe=28.6308 workload=balanced neg_share=0.5 threads=1 load_factor=0.85 ops_per_s=1.006353e+07 p50=0ns p95=0ns p99=0ns fail_rate=0.000028 avg_kicks=0.250146 stash_hits=1050
CONFIG filter=cuckoo dist=sequential n=1000000 target_fpr=0.01 neg_share=0.5 workload=balanced threads=1 load_factor=0.85 fp_bits=12 ops=1500000 warmup_ops=150000 rep=1
run=1 filter=cuckoo dist=sequential n=1000000 target_fpr=0.01 fp_bits=12 achieved_fpr=0.00091 bpe=28.6308 workload=balanced neg_share=0.5 threads=1 load_factor=0.85 ops_per_s=9.401023e+06 p50=0ns p95=0ns p99=0ns fail_rate=0.000028 avg_kicks=0.250146 stash_hits=1050
CONFIG filter=cuckoo dist=sequential n=1000000 target_fpr=0.01 neg_share=0.5 workload=balanced threads=1 load_factor=0.85 fp_bits=12 ops=1500000 warmup_ops=150000 rep=2
run=2 filter=cuckoo dist=sequential n=1000000 target_fpr=0.01 fp_bits=12 achieved_fpr=0.00091 bpe=28.6308 workload=balanced neg_share=0.5 threads=1 load_factor=0.85 ops_per_s=1.018612e+07 p50=0ns p95=0ns p99=0ns fail_rate=0.000028 avg_kicks=0.250146 stash_hits=1050
CONFIG filter=quotient dist=sequential n=1000000 target_fpr=0.01 neg_share=0.5 workload=balanced threads=1 load_factor=0.85 fp_bits=12 ops=1500000 warmup_ops=150000 rep=0
run=0 filter=quotient dist=sequential n=1000000 target_fpr=0.01 fp_bits=12 achieved_fpr=0.001903 bpe=49.6629 workload=balanced neg_share=0.5 threads=1 load_factor=0.85 ops_per_s=7.508974e+06 p50=0ns p95=0ns p99=0ns avg_probe=1.247580 cluster_mean=2.401797 cluster_p99=12.000000
CONFIG filter=quotient dist=sequential n=1000000 target_fpr=0.01 neg_share=0.5 workload=balanced threads=1 load_factor=0.85 fp_bits=12 ops=1500000 warmup_ops=150000 rep=1
run=1 filter=quotient dist=sequential n=1000000 target_fpr=0.01 fp_bits=12 achieved_fpr=0.001903 bpe=49.6629 workload=balanced neg_share=0.5 threads=1 load_factor=0.85 ops_per_s=7.466524e+06 p50=0ns p95=0ns p99=0ns avg_probe=1.247580 cluster_mean=2.401797 cluster_p99=12.000000
CONFIG filter=quotient dist=sequential n=1000000 target_fpr=0.01 neg_share=0.5 workload=balanced threads=1 load_factor=0.85 fp_bits=12 ops=1500000 warmup_ops=150000 rep=2
run=2 filter=quotient dist=sequential n=1000000 target_fpr=0.01 fp_bits=12 achieved_fpr=0.001903 bpe=49.6629 workload=balanced neg_share=0.5 threads=1 load_factor=0.85 ops_per_s=7.434888e+06 p50=0ns p95=0ns p99=0ns avg_probe=1.247580 cluster_mean=2.401797 cluster_p99=12.000000
CONFIG filter=cuckoo dist=sequential n=1000000 target_fpr=0.01 neg_share=0.5 workload=balanced threads=1 load_factor=0.90 fp_bits=12 ops=1500000 warmup_ops=150000 rep=0
run=0 filter=cuckoo dist=sequential n=1000000 target_fpr=0.01 fp_bits=12 achieved_fpr=0.00091 bpe=28.6308 workload=balanced neg_share=0.5 threads=1 load_factor=0.9 ops_per_s=9.743345e+06 p50=0ns p95=0ns p99=0ns fail_rate=0.000028 avg_kicks=0.250146 stash_hits=1050
CONFIG filter=cuckoo dist=sequential n=1000000 target_fpr=0.01 neg_share=0.5 workload=balanced threads=1 load_factor=0.90 fp_bits=12 ops=1500000 warmup_ops=150000 rep=1
run=1 filter=cuckoo dist=sequential n=1000000 target_fpr=0.01 fp_bits=12 achieved_fpr=0.00091 bpe=28.6308 workload=balanced neg_share=0.5 threads=1 load_factor=0.9 ops_per_s=8.621933e+06 p50=0ns p95=0ns p99=0ns fail_rate=0.000028 avg_kicks=0.250146 stash_hits=1050
CONFIG filter=cuckoo dist=sequential n=1000000 target_fpr=0.01 neg_share=0.5 workload=balanced threads=1 load_factor=0.90 fp_bits=12 ops=1500000 warmup_ops=150000 rep=2
run=2 filter=cuckoo dist=sequential n=1000000 target_fpr=0.01 fp_bits=12 achieved_fpr=0.00091 bpe=28.6308 workload=balanced neg_share=0.5 threads=1 load_factor=0.9 ops_per_s=9.668868e+06 p50=0ns p95=0ns p99=0ns fail_rate=0.000028 avg_kicks=0.250146 stash_hits=1050
CONFIG filter=quotient dist=sequential n=1000000 target_fpr=0.01 neg_share=0.5 workload=balanced threads=1 load_factor=0.90 fp_bits=12 ops=1500000 warmup_ops=150000 rep=0
run=0 filter=quotient dist=sequential n=1000000 target_fpr=0.01 fp_bits=12 achieved_fpr=0.001903 bpe=49.6629 workload=balanced neg_share=0.5 threads=1 load_factor=0.9 ops_per_s=7.503010e+06 p50=0ns p95=0ns p99=0ns avg_probe=1.247580 cluster_mean=2.401797 cluster_p99=12.000000
CONFIG filter=quotient dist=sequential n=1000000 target_fpr=0.01 neg_share=0.5 workload=balanced threads=1 load_factor=0.90 fp_bits=12 ops=1500000 warmup_ops=150000 rep=1
run=1 filter=quotient dist=sequential n=1000000 target_fpr=0.01 fp_bits=12 achieved_fpr=0.001903 bpe=49.6629 workload=balanced neg_share=0.5 threads=1 load_factor=0.9 ops_per_s=7.708209e+06 p50=0ns p95=0ns p99=0ns avg_probe=1.247580 cluster_mean=2.401797 cluster_p99=12.000000
CONFIG filter=quotient dist=sequential n=1000000 target_fpr=0.01 neg_share=0.5 workload=balanced threads=1 load_factor=0.90 fp_bits=12 ops=1500000 warmup_ops=150000 rep=2
run=2 filter=quotient dist=sequential n=1000000 target_fpr=0.01 fp_bits=12 achieved_fpr=0.001903 bpe=49.6629 workload=balanced neg_share=0.5 threads=1 load_factor=0.9 ops_per_s=7.183242e+06 p50=0ns p95=0ns p99=0ns avg_probe=1.247580 cluster_mean=2.401797 cluster_p99=12.000000
CONFIG filter=cuckoo dist=sequential n=1000000 target_fpr=0.01 neg_share=0.5 workload=balanced threads=1 load_factor=0.95 fp_bits=12 ops=1500000 warmup_ops=150000 rep=0
run=0 filter=cuckoo dist=sequential n=1000000 target_fpr=0.01 fp_bits=12 achieved_fpr=0.00091 bpe=28.6308 workload=balanced neg_share=0.5 threads=1 load_factor=0.95 ops_per_s=9.595011e+06 p50=0ns p95=0ns p99=0ns fail_rate=0.000028 avg_kicks=0.250146 stash_hits=1050
CONFIG filter=cuckoo dist=sequential n=1000000 target_fpr=0.01 neg_share=0.5 workload=balanced threads=1 load_factor=0.95 fp_bits=12 ops=1500000 warmup_ops=150000 rep=1
run=1 filter=cuckoo dist=sequential n=1000000 target_fpr=0.01 fp_bits=12 achieved_fpr=0.00091 bpe=28.6308 workload=balanced neg_share=0.5 threads=1 load_factor=0.95 ops_per_s=9.640033e+06 p50=0ns p95=0ns p99=0ns fail_rate=0.000028 avg_kicks=0.250146 stash_hits=1050
CONFIG filter=cuckoo dist=sequential n=1000000 target_fpr=0.01 neg_share=0.5 workload=balanced threads=1 load_factor=0.95 fp_bits=12 ops=1500000 warmup_ops=150000 rep=2
run=2 filter=cuckoo dist=sequential n=1000000 target_fpr=0.01 fp_bits=12 achieved_fpr=0.00091 bpe=28.6308 workload=balanced neg_share=0.5 threads=1 load_factor=0.95 ops_per_s=9.502327e+06 p50=0ns p95=0ns p99=0ns fail_rate=0.000028 avg_kicks=0.250146 stash_hits=1050
CONFIG filter=quotient dist=sequential n=1000000 target_fpr=0.01 neg_share=0.5 workload=balanced threads=1 load_factor=0.95 fp_bits=12 ops=1500000 warmup_ops=150000 rep=0
run=0 filter=quotient dist=sequential n=1000000 target_fpr=0.01 fp_bits=12 achieved_fpr=0.001903 bpe=49.6629 workload=balanced neg_share=0.5 threads=1 load_factor=0.95 ops_per_s=7.467109e+06 p50=0ns p95=0ns p99=0ns avg_probe=1.247580 cluster_mean=2.401797 cluster_p99=12.000000
CONFIG filter=quotient dist=sequential n=1000000 target_fpr=0.01 neg_share=0.5 workload=balanced threads=1 load_factor=0.95 fp_bits=12 ops=1500000 warmup_ops=150000 rep=1
run=1 filter=quotient dist=sequential n=1000000 target_fpr=0.01 fp_bits=12 achieved_fpr=0.001903 bpe=49.6629 workload=balanced neg_share=0.5 threads=1 load_factor=0.95 ops_per_s=7.688225e+06 p50=0ns p95=0ns p99=0ns avg_probe=1.247580 cluster_mean=2.401797 cluster_p99=12.000000
CONFIG filter=quotient dist=sequential n=1000000 target_fpr=0.01 neg_share=0.5 workload=balanced threads=1 load_factor=0.95 fp_bits=12 ops=1500000 warmup_ops=150000 rep=2
run=2 filter=quotient dist=sequential n=1000000 target_fpr=0.01 fp_bits=12 achieved_fpr=0.001903 bpe=49.6629 workload=balanced neg_share=0.5 threads=1 load_factor=0.95 ops_per_s=7.693291e+06 p50=0ns p95=0ns p99=0ns avg_probe=1.247580 cluster_mean=2.401797 cluster_p99=12.000000
CONFIG filter=bloom dist=uniform n=1000000 target_fpr=0.01 neg_share=0.5 workload=read_mostly threads=1 load_factor=0.80 fp_bits=12 ops=1500000 warmup_ops=150000 rep=0
run=0 filter=bloom dist=uniform n=1000000 target_fpr=0.01 fp_bits=12 achieved_fpr=0.035445 bpe=16.7772 workload=read_mostly neg_share=0.5 threads=1 load_factor=0.8 ops_per_s=1.678812e+07 p50=0ns p95=0ns p99=0ns
CONFIG filter=bloom dist=uniform n=1000000 target_fpr=0.01 neg_share=0.5 workload=read_mostly threads=1 load_factor=0.80 fp_bits=12 ops=1500000 warmup_ops=150000 rep=1
run=1 filter=bloom dist=uniform n=1000000 target_fpr=0.01 fp_bits=12 achieved_fpr=0.035445 bpe=16.7772 workload=read_mostly neg_share=0.5 threads=1 load_factor=0.8 ops_per_s=1.590461e+07 p50=0ns p95=0ns p99=0ns
CONFIG filter=bloom dist=uniform n=1000000 target_fpr=0.01 neg_share=0.5 workload=read_mostly threads=1 load_factor=0.80 fp_bits=12 ops=1500000 warmup_ops=150000 rep=2
run=2 filter=bloom dist=uniform n=1000000 target_fpr=0.01 fp_bits=12 achieved_fpr=0.035445 bpe=16.7772 workload=read_mostly neg_share=0.5 threads=1 load_factor=0.8 ops_per_s=1.723470e+07 p50=0ns p95=0ns p99=0ns
CONFIG filter=xor dist=uniform n=1000000 target_fpr=0.01 neg_share=0.5 workload=read_mostly threads=1 load_factor=0.80 fp_bits=8 ops=1500000 warmup_ops=150000 rep=0
run=0 filter=xor dist=uniform n=1000000 target_fpr=0.01 fp_bits=8 achieved_fpr=0.003436 bpe=33.5544 workload=read_mostly neg_share=0.5 threads=1 load_factor=0.8 ops_per_s=1.638186e+07 p50=0ns p95=0ns p99=0ns
CONFIG filter=xor dist=uniform n=1000000 target_fpr=0.01 neg_share=0.5 workload=read_mostly threads=1 load_factor=0.80 fp_bits=8 ops=1500000 warmup_ops=150000 rep=1
run=1 filter=xor dist=uniform n=1000000 target_fpr=0.01 fp_bits=8 achieved_fpr=0.003436 bpe=33.5544 workload=read_mostly neg_share=0.5 threads=1 load_factor=0.8 ops_per_s=1.364505e+07 p50=0ns p95=0ns p99=0ns
CONFIG filter=xor dist=uniform n=1000000 target_fpr=0.01 neg_share=0.5 workload=read_mostly threads=1 load_factor=0.80 fp_bits=8 ops=1500000 warmup_ops=150000 rep=2
run=2 filter=xor dist=uniform n=1000000 target_fpr=0.01 fp_bits=8 achieved_fpr=0.003436 bpe=33.5544 workload=read_mostly neg_share=0.5 threads=1 load_factor=0.8 ops_per_s=1.396006e+07 p50=0ns p95=0ns p99=0ns
CONFIG filter=xor dist=uniform n=1000000 target_fpr=0.01 neg_share=0.5 workload=read_mostly threads=1 load_factor=0.80 fp_bits=12 ops=1500000 warmup_ops=150000 rep=0
run=0 filter=xor dist=uniform n=1000000 target_fpr=0.01 fp_bits=12 achieved_fpr=0.000222 bpe=33.5544 workload=read_mostly neg_share=0.5 threads=1 load_factor=0.8 ops_per_s=1.568525e+07 p50=0ns p95=0ns p99=0ns
CONFIG filter=xor dist=uniform n=1000000 target_fpr=0.01 neg_share=0.5 workload=read_mostly threads=1 load_factor=0.80 fp_bits=12 ops=1500000 warmup_ops=150000 rep=1
run=1 filter=xor dist=uniform n=1000000 target_fpr=0.01 fp_bits=12 achieved_fpr=0.000222 bpe=33.5544 workload=read_mostly neg_share=0.5 threads=1 load_factor=0.8 ops_per_s=1.308147e+07 p50=0ns p95=0ns p99=0ns
CONFIG filter=xor dist=uniform n=1000000 target_fpr=0.01 neg_share=0.5 workload=read_mostly threads=1 load_factor=0.80 fp_bits=12 ops=1500000 warmup_ops=150000 rep=2
run=2 filter=xor dist=uniform n=1000000 target_fpr=0.01 fp_bits=12 achieved_fpr=0.000222 bpe=33.5544 workload=read_mostly neg_share=0.5 threads=1 load_factor=0.8 ops_per_s=1.618185e+07 p50=0ns p95=0ns p99=0ns
CONFIG filter=xor dist=uniform n=1000000 target_fpr=0.01 neg_share=0.5 workload=read_mostly threads=1 load_factor=0.80 fp_bits=16 ops=1500000 warmup_ops=150000 rep=0
run=0 filter=xor dist=uniform n=1000000 target_fpr=0.01 fp_bits=16 achieved_fpr=1.4e-05 bpe=33.5544 workload=read_mostly neg_share=0.5 threads=1 load_factor=0.8 ops_per_s=1.659300e+07 p50=0ns p95=0ns p99=0ns
CONFIG filter=xor dist=uniform n=1000000 target_fpr=0.01 neg_share=0.5 workload=read_mostly threads=1 load_factor=0.80 fp_bits=16 ops=1500000 warmup_ops=150000 rep=1
run=1 filter=xor dist=uniform n=1000000 target_fpr=0.01 fp_bits=16 achieved_fpr=1.4e-05 bpe=33.5544 workload=read_mostly neg_share=0.5 threads=1 load_factor=0.8 ops_per_s=1.660595e+07 p50=0ns p95=0ns p99=0ns
CONFIG filter=xor dist=uniform n=1000000 target_fpr=0.01 neg_share=0.5 workload=read_mostly threads=1 load_factor=0.80 fp_bits=16 ops=1500000 warmup_ops=150000 rep=2
run=2 filter=xor dist=uniform n=1000000 target_fpr=0.01 fp_bits=16 achieved_fpr=1.4e-05 bpe=33.5544 workload=read_mostly neg_share=0.5 threads=1 load_factor=0.8 ops_per_s=1.631543e+07 p50=0ns p95=0ns p99=0ns
CONFIG filter=cuckoo dist=uniform n=1000000 target_fpr=0.01 neg_share=0.5 workload=read_mostly threads=1 load_factor=0.80 fp_bits=8 ops=1500000 warmup_ops=150000 rep=0
run=0 filter=cuckoo dist=uniform n=1000000 target_fpr=0.01 fp_bits=8 achieved_fpr=0.014732 bpe=31.2161 workload=read_mostly neg_share=0.5 threads=1 load_factor=0.8 ops_per_s=1.013625e+07 p50=0ns p95=0ns p99=0ns fail_rate=0.000000 avg_kicks=0.009325 stash_hits=0
CONFIG filter=cuckoo dist=uniform n=1000000 target_fpr=0.01 neg_share=0.5 workload=read_mostly threads=1 load_factor=0.80 fp_bits=8 ops=1500000 warmup_ops=150000 rep=1
run=1 filter=cuckoo dist=uniform n=1000000 target_fpr=0.01 fp_bits=8 achieved_fpr=0.014732 bpe=31.2161 workload=read_mostly neg_share=0.5 threads=1 load_factor=0.8 ops_per_s=1.045062e+07 p50=0ns p95=0ns p99=0ns fail_rate=0.000000 avg_kicks=0.009325 stash_hits=0
CONFIG filter=cuckoo dist=uniform n=1000000 target_fpr=0.01 neg_share=0.5 workload=read_mostly threads=1 load_factor=0.80 fp_bits=8 ops=1500000 warmup_ops=150000 rep=2
run=2 filter=cuckoo dist=uniform n=1000000 target_fpr=0.01 fp_bits=8 achieved_fpr=0.014732 bpe=31.2161 workload=read_mostly neg_share=0.5 threads=1 load_factor=0.8 ops_per_s=1.044426e+07 p50=0ns p95=0ns p99=0ns fail_rate=0.000000 avg_kicks=0.009325 stash_hits=0
CONFIG filter=cuckoo dist=uniform n=1000000 target_fpr=0.01 neg_share=0.5 workload=read_mostly threads=1 load_factor=0.80 fp_bits=12 ops=1500000 warmup_ops=150000 rep=0
run=0 filter=cuckoo dist=uniform n=1000000 target_fpr=0.01 fp_bits=12 achieved_fpr=0.000977 bpe=31.2161 workload=read_mostly neg_share=0.5 threads=1 load_factor=0.8 ops_per_s=8.684483e+06 p50=0ns p95=0ns p99=0ns fail_rate=0.000000 avg_kicks=0.009231 stash_hits=0
CONFIG filter=cuckoo dist=uniform n=1000000 target_fpr=0.01 neg_share=0.5 workload=read_mostly threads=1 load_factor=0.80 fp_bits=12 ops=1500000 warmup_ops=150000 rep=1
run=1 filter=cuckoo dist=uniform n=1000000 target_fpr=0.01 fp_bits=12 achieved_fpr=0.000977 bpe=31.2161 workload=read_mostly neg_share=0.5 threads=1 load_factor=0.8 ops_per_s=7.378419e+06 p50=0ns p95=0ns p99=0ns fail_rate=0.000000 avg_kicks=0.009231 stash_hits=0
CONFIG filter=cuckoo dist=uniform n=1000000 target_fpr=0.01 neg_share=0.5 workload=read_mostly threads=1 load_factor=0.80 fp_bits=12 ops=1500000 warmup_ops=150000 rep=2
run=2 filter=cuckoo dist=uniform n=1000000 target_fpr=0.01 fp_bits=12 achieved_fpr=0.000977 bpe=31.2161 workload=read_mostly neg_share=0.5 threads=1 load_factor=0.8 ops_per_s=7.442604e+06 p50=0ns p95=0ns p99=0ns fail_rate=0.000000 avg_kicks=0.009231 stash_hits=0
CONFIG filter=cuckoo dist=uniform n=1000000 target_fpr=0.01 neg_share=0.5 workload=read_mostly threads=1 load_factor=0.80 fp_bits=16 ops=1500000 warmup_ops=150000 rep=0
run=0 filter=cuckoo dist=uniform n=1000000 target_fpr=0.01 fp_bits=16 achieved_fpr=4.5e-05 bpe=31.2161 workload=read_mostly neg_share=0.5 threads=1 load_factor=0.8 ops_per_s=7.445515e+06 p50=0ns p95=0ns p99=0ns fail_rate=0.000000 avg_kicks=0.009261 stash_hits=0
CONFIG filter=cuckoo dist=uniform n=1000000 target_fpr=0.01 neg_share=0.5 workload=read_mostly threads=1 load_factor=0.80 fp_bits=16 ops=1500000 warmup_ops=150000 rep=1
run=1 filter=cuckoo dist=uniform n=1000000 target_fpr=0.01 fp_bits=16 achieved_fpr=4.5e-05 bpe=31.2161 workload=read_mostly neg_share=0.5 threads=1 load_factor=0.8 ops_per_s=7.523296e+06 p50=0ns p95=0ns p99=0ns fail_rate=0.000000 avg_kicks=0.009261 stash_hits=0
CONFIG filter=cuckoo dist=uniform n=1000000 target_fpr=0.01 neg_share=0.5 workload=read_mostly threads=1 load_factor=0.80 fp_bits=16 ops=1500000 warmup_ops=150000 rep=2
run=2 filter=cuckoo dist=uniform n=1000000 target_fpr=0.01 fp_bits=16 achieved_fpr=4.5e-05 bpe=31.2161 workload=read_mostly neg_share=0.5 threads=1 load_factor=0.8 ops_per_s=7.862060e+06 p50=0ns p95=0ns p99=0ns fail_rate=0.000000 avg_kicks=0.009261 stash_hits=0
CONFIG filter=quotient dist=uniform n=1000000 target_fpr=0.01 neg_share=0.5 workload=read_mostly threads=1 load_factor=0.80 fp_bits=12 ops=1500000 warmup_ops=150000 rep=0
run=0 filter=quotient dist=uniform n=1000000 target_fpr=0.01 fp_bits=12 achieved_fpr=0.001834 bpe=49.8007 workload=read_mostly neg_share=0.5 threads=1 load_factor=0.8 ops_per_s=7.352832e+06 p50=0ns p95=0ns p99=0ns avg_probe=1.252392 cluster_mean=2.407121 cluster_p99=12.000000
CONFIG filter=quotient dist=uniform n=1000000 target_fpr=0.01 neg_share=0.5 workload=read_mostly threads=1 load_factor=0.80 fp_bits=12 ops=1500000 warmup_ops=150000 rep=1
run=1 filter=quotient dist=uniform n=1000000 target_fpr=0.01 fp_bits=12 achieved_fpr=0.001834 bpe=49.8007 workload=read_mostly neg_share=0.5 threads=1 load_factor=0.8 ops_per_s=7.490341e+06 p50=0ns p95=0ns p99=0ns avg_probe=1.252392 cluster_mean=2.407121 cluster_p99=12.000000
CONFIG filter=quotient dist=uniform n=1000000 target_fpr=0.01 neg_share=0.5 workload=read_mostly threads=1 load_factor=0.80 fp_bits=12 ops=1500000 warmup_ops=150000 rep=2
run=2 filter=quotient dist=uniform n=1000000 target_fpr=0.01 fp_bits=12 achieved_fpr=0.001834 bpe=49.8007 workload=read_mostly neg_share=0.5 threads=1 load_factor=0.8 ops_per_s=7.433678e+06 p50=0ns p95=0ns p99=0ns avg_probe=1.252392 cluster_mean=2.407121 cluster_p99=12.000000
CONFIG filter=bloom dist=uniform n=1000000 target_fpr=0.01 neg_share=0.5 workload=read_mostly threads=2 load_factor=0.80 fp_bits=12 ops=1500000 warmup_ops=150000 rep=0
run=0 filter=bloom dist=uniform n=1000000 target_fpr=0.01 fp_bits=12 achieved_fpr=0.035445 bpe=16.7772 workload=read_mostly neg_share=0.5 threads=2 load_factor=0.8 ops_per_s=2.053982e+07 p50=0ns p95=0ns p99=0ns
CONFIG filter=bloom dist=uniform n=1000000 target_fpr=0.01 neg_share=0.5 workload=read_mostly threads=2 load_factor=0.80 fp_bits=12 ops=1500000 warmup_ops=150000 rep=1
run=1 filter=bloom dist=uniform n=1000000 target_fpr=0.01 fp_bits=12 achieved_fpr=0.035445 bpe=16.7772 workload=read_mostly neg_share=0.5 threads=2 load_factor=0.8 ops_per_s=2.041740e+07 p50=0ns p95=0ns p99=0ns
CONFIG filter=bloom dist=uniform n=1000000 target_fpr=0.01 neg_share=0.5 workload=read_mostly threads=2 load_factor=0.80 fp_bits=12 ops=1500000 warmup_ops=150000 rep=2
run=2 filter=bloom dist=uniform n=1000000 target_fpr=0.01 fp_bits=12 achieved_fpr=0.035445 bpe=16.7772 workload=read_mostly neg_share=0.5 threads=2 load_factor=0.8 ops_per_s=2.032639e+07 p50=0ns p95=0ns p99=0ns
CONFIG filter=xor dist=uniform n=1000000 target_fpr=0.01 neg_share=0.5 workload=read_mostly threads=2 load_factor=0.80 fp_bits=8 ops=1500000 warmup_ops=150000 rep=0
run=0 filter=xor dist=uniform n=1000000 target_fpr=0.01 fp_bits=8 achieved_fpr=0.003436 bpe=33.5544 workload=read_mostly neg_share=0.5 threads=2 load_factor=0.8 ops_per_s=1.786065e+07 p50=0ns p95=0ns p99=0ns
CONFIG filter=xor dist=uniform n=1000000 target_fpr=0.01 neg_share=0.5 workload=read_mostly threads=2 load_factor=0.80 fp_bits=8 ops=1500000 warmup_ops=150000 rep=1
run=1 filter=xor dist=uniform n=1000000 target_fpr=0.01 fp_bits=8 achieved_fpr=0.003436 bpe=33.5544 workload=read_mostly neg_share=0.5 threads=2 load_factor=0.8 ops_per_s=1.720551e+07 p50=0ns p95=0ns p99=0ns
CONFIG filter=xor dist=uniform n=1000000 target_fpr=0.01 neg_share=0.5 workload=read_mostly threads=2 load_factor=0.80 fp_bits=8 ops=1500000 warmup_ops=150000 rep=2
run=2 filter=xor dist=uniform n=1000000 target_fpr=0.01 fp_bits=8 achieved_fpr=0.003436 bpe=33.5544 workload=read_mostly neg_share=0.5 threads=2 load_factor=0.8 ops_per_s=1.779811e+07 p50=0ns p95=0ns p99=0ns
CONFIG filter=xor dist=uniform n=1000000 target_fpr=0.01 neg_share=0.5 workload=read_mostly threads=2 load_factor=0.80 fp_bits=12 ops=1500000 warmup_ops=150000 rep=0
run=0 filter=xor dist=uniform n=1000000 target_fpr=0.01 fp_bits=12 achieved_fpr=0.000222 bpe=33.5544 workload=read_mostly neg_share=0.5 threads=2 load_factor=0.8 ops_per_s=1.976191e+07 p50=0ns p95=0ns p99=0ns
CONFIG filter=xor dist=uniform n=1000000 target_fpr=0.01 neg_share=0.5 workload=read_mostly threads=2 load_factor=0.80 fp_bits=12 ops=1500000 warmup_ops=150000 rep=1
run=1 filter=xor dist=uniform n=1000000 target_fpr=0.01 fp_bits=12 achieved_fpr=0.000222 bpe=33.5544 workload=read_mostly neg_share=0.5 threads=2 load_factor=0.8 ops_per_s=1.804904e+07 p50=0ns p95=0ns p99=0ns
CONFIG filter=xor dist=uniform n=1000000 target_fpr=0.01 neg_share=0.5 workload=read_mostly threads=2 load_factor=0.80 fp_bits=12 ops=1500000 warmup_ops=150000 rep=2
run=2 filter=xor dist=uniform n=1000000 target_fpr=0.01 fp_bits=12 achieved_fpr=0.000222 bpe=33.5544 workload=read_mostly neg_share=0.5 threads=2 load_factor=0.8 ops_per_s=1.941526e+07 p50=0ns p95=0ns p99=0ns
CONFIG filter=xor dist=uniform n=1000000 target_fpr=0.01 neg_share=0.5 workload=read_mostly threads=2 load_factor=0.80 fp_bits=16 ops=1500000 warmup_ops=150000 rep=0
run=0 filter=xor dist=uniform n=1000000 target_fpr=0.01 fp_bits=16 achieved_fpr=1.4e-05 bpe=33.5544 workload=read_mostly neg_share=0.5 threads=2 load_factor=0.8 ops_per_s=1.786701e+07 p50=0ns p95=0ns p99=0ns
CONFIG filter=xor dist=uniform n=1000000 target_fpr=0.01 neg_share=0.5 workload=read_mostly threads=2 load_factor=0.80 fp_bits=16 ops=1500000 warmup_ops=150000 rep=1
run=1 filter=xor dist=uniform n=1000000 target_fpr=0.01 fp_bits=16 achieved_fpr=1.4e-05 bpe=33.5544 workload=read_mostly neg_share=0.5 threads=2 load_factor=0.8 ops_per_s=1.847555e+07 p50=0ns p95=0ns p99=0ns
CONFIG filter=xor dist=uniform n=1000000 target_fpr=0.01 neg_share=0.5 workload=read_mostly threads=2 load_factor=0.80 fp_bits=16 ops=1500000 warmup_ops=150000 rep=2
run=2 filter=xor dist=uniform n=1000000 target_fpr=0.01 fp_bits=16 achieved_fpr=1.4e-05 bpe=33.5544 workload=read_mostly neg_share=0.5 threads=2 load_factor=0.8 ops_per_s=1.740107e+07 p50=0ns p95=0ns p99=0ns
CONFIG filter=cuckoo dist=uniform n=1000000 target_fpr=0.01 neg_share=0.5 workload=read_mostly threads=2 load_factor=0.80 fp_bits=8 ops=1500000 warmup_ops=150000 rep=0
run=0 filter=cuckoo dist=uniform n=1000000 target_fpr=0.01 fp_bits=8 achieved_fpr=0.014732 bpe=31.2097 workload=read_mostly neg_share=0.5 threads=2 load_factor=0.8 ops_per_s=9.144107e+06 p50=0ns p95=0ns p99=0ns fail_rate=0.000000 avg_kicks=0.009364 stash_hits=0
CONFIG filter=cuckoo dist=uniform n=1000000 target_fpr=0.01 neg_share=0.5 workload=read_mostly threads=2 load_factor=0.80 fp_bits=8 ops=1500000 warmup_ops=150000 rep=1
run=1 filter=cuckoo dist=uniform n=1000000 target_fpr=0.01 fp_bits=8 achieved_fpr=0.014732 bpe=31.2097 workload=read_mostly neg_share=0.5 threads=2 load_factor=0.8 ops_per_s=8.692240e+06 p50=0ns p95=0ns p99=0ns fail_rate=0.000000 avg_kicks=0.009364 stash_hits=0
CONFIG filter=cuckoo dist=uniform n=1000000 target_fpr=0.01 neg_share=0.5 workload=read_mostly threads=2 load_factor=0.80 fp_bits=8 ops=1500000 warmup_ops=150000 rep=2
run=2 filter=cuckoo dist=uniform n=1000000 target_fpr=0.01 fp_bits=8 achieved_fpr=0.014732 bpe=31.2097 workload=read_mostly neg_share=0.5 threads=2 load_factor=0.8 ops_per_s=8.913429e+06 p50=0ns p95=0ns p99=0ns fail_rate=0.000000 avg_kicks=0.009365 stash_hits=0
CONFIG filter=cuckoo dist=uniform n=1000000 target_fpr=0.01 neg_share=0.5 workload=read_mostly threads=2 load_factor=0.80 fp_bits=12 ops=1500000 warmup_ops=150000 rep=0
run=0 filter=cuckoo dist=uniform n=1000000 target_fpr=0.01 fp_bits=12 achieved_fpr=0.000977 bpe=31.2097 workload=read_mostly neg_share=0.5 threads=2 load_factor=0.8 ops_per_s=9.351412e+06 p50=0ns p95=0ns p99=0ns fail_rate=0.000000 avg_kicks=0.009310 stash_hits=0
CONFIG filter=cuckoo dist=uniform n=1000000 target_fpr=0.01 neg_share=0.5 workload=read_mostly threads=2 load_factor=0.80 fp_bits=12 ops=1500000 warmup_ops=150000 rep=1
run=1 filter=cuckoo dist=uniform n=1000000 target_fpr=0.01 fp_bits=12 achieved_fpr=0.000977 bpe=31.2097 workload=read_mostly neg_share=0.5 threads=2 load_factor=0.8 ops_per_s=9.038757e+06 p50=0ns p95=0ns p99=0ns fail_rate=0.000000 avg_kicks=0.009311 stash_hits=0
CONFIG filter=cuckoo dist=uniform n=1000000 target_fpr=0.01 neg_share=0.5 workload=read_mostly threads=2 load_factor=0.80 fp_bits=12 ops=1500000 warmup_ops=150000 rep=2
run=2 filter=cuckoo dist=uniform n=1000000 target_fpr=0.01 fp_bits=12 achieved_fpr=0.000977 bpe=31.2097 workload=read_mostly neg_share=0.5 threads=2 load_factor=0.8 ops_per_s=9.380613e+06 p50=0ns p95=0ns p99=0ns fail_rate=0.000000 avg_kicks=0.009311 stash_hits=0
CONFIG filter=cuckoo dist=uniform n=1000000 target_fpr=0.01 neg_share=0.5 workload=read_mostly threads=2 load_factor=0.80 fp_bits=16 ops=1500000 warmup_ops=150000 rep=0
run=0 filter=cuckoo dist=uniform n=1000000 target_fpr=0.01 fp_bits=16 achieved_fpr=4.5e-05 bpe=31.2097 workload=read_mostly neg_share=0.5 threads=2 load_factor=0.8 ops_per_s=9.184649e+06 p50=0ns p95=0ns p99=0ns fail_rate=0.000000 avg_kicks=0.009265 stash_hits=0
CONFIG filter=cuckoo dist=uniform n=1000000 target_fpr=0.01 neg_share=0.5 workload=read_mostly threads=2 load_factor=0.80 fp_bits=16 ops=1500000 warmup_ops=150000 rep=1
run=1 filter=cuckoo dist=uniform n=1000000 target_fpr=0.01 fp_bits=16 achieved_fpr=4.5e-05 bpe=31.2097 workload=read_mostly neg_share=0.5 threads=2 load_factor=0.8 ops_per_s=9.543154e+06 p50=0ns p95=0ns p99=0ns fail_rate=0.000000 avg_kicks=0.009265 stash_hits=0
CONFIG filter=cuckoo dist=uniform n=1000000 target_fpr=0.01 neg_share=0.5 workload=read_mostly threads=2 load_factor=0.80 fp_bits=16 ops=1500000 warmup_ops=150000 rep=2
run=2 filter=cuckoo dist=uniform n=1000000 target_fpr=0.01 fp_bits=16 achieved_fpr=4.5e-05 bpe=31.2097 workload=read_mostly neg_share=0.5 threads=2 load_factor=0.8 ops_per_s=9.426408e+06 p50=0ns p95=0ns p99=0ns fail_rate=0.000000 avg_kicks=0.009264 stash_hits=0
CONFIG filter=quotient dist=uniform n=1000000 target_fpr=0.01 neg_share=0.5 workload=read_mostly threads=2 load_factor=0.80 fp_bits=12 ops=1500000 warmup_ops=150000 rep=0
run=0 filter=quotient dist=uniform n=1000000 target_fpr=0.01 fp_bits=12 achieved_fpr=0.001834 bpe=49.806 workload=read_mostly neg_share=0.5 threads=2 load_factor=0.8 ops_per_s=5.990680e+06 p50=0ns p95=0ns p99=0ns avg_probe=1.252364 cluster_mean=2.407121 cluster_p99=12.000000
CONFIG filter=quotient dist=uniform n=1000000 target_fpr=0.01 neg_share=0.5 workload=read_mostly threads=2 load_factor=0.80 fp_bits=12 ops=1500000 warmup_ops=150000 rep=1
run=1 filter=quotient dist=uniform n=1000000 target_fpr=0.01 fp_bits=12 achieved_fpr=0.001834 bpe=49.806 workload=read_mostly neg_share=0.5 threads=2 load_factor=0.8 ops_per_s=3.934019e+06 p50=0ns p95=0ns p99=0ns avg_probe=1.252393 cluster_mean=2.407121 cluster_p99=12.000000
CONFIG filter=quotient dist=uniform n=1000000 target_fpr=0.01 neg_share=0.5 workload=read_mostly threads=2 load_factor=0.80 fp_bits=12 ops=1500000 warmup_ops=150000 rep=2
run=2 filter=quotient dist=uniform n=1000000 target_fpr=0.01 fp_bits=12 achieved_fpr=0.001834 bpe=49.806 workload=read_mostly neg_share=0.5 threads=2 load_factor=0.8 ops_per_s=4.683976e+06 p50=0ns p95=0ns p99=0ns avg_probe=1.252409 cluster_mean=2.407121 cluster_p99=12.000000
CONFIG filter=bloom dist=uniform n=1000000 target_fpr=0.01 neg_share=0.5 workload=read_mostly threads=4 load_factor=0.80 fp_bits=12 ops=1500000 warmup_ops=150000 rep=0
run=0 filter=bloom dist=uniform n=1000000 target_fpr=0.01 fp_bits=12 achieved_fpr=0.035445 bpe=16.7772 workload=read_mostly neg_share=0.5 threads=4 load_factor=0.8 ops_per_s=4.776447e+07 p50=0ns p95=0ns p99=0ns
CONFIG filter=bloom dist=uniform n=1000000 target_fpr=0.01 neg_share=0.5 workload=read_mostly threads=4 load_factor=0.80 fp_bits=12 ops=1500000 warmup_ops=150000 rep=1
run=1 filter=bloom dist=uniform n=1000000 target_fpr=0.01 fp_bits=12 achieved_fpr=0.035445 bpe=16.7772 workload=read_mostly neg_share=0.5 threads=4 load_factor=0.8 ops_per_s=4.660926e+07 p50=0ns p95=0ns p99=0ns
CONFIG filter=bloom dist=uniform n=1000000 target_fpr=0.01 neg_share=0.5 workload=read_mostly threads=4 load_factor=0.80 fp_bits=12 ops=1500000 warmup_ops=150000 rep=2
run=2 filter=bloom dist=uniform n=1000000 target_fpr=0.01 fp_bits=12 achieved_fpr=0.035445 bpe=16.7772 workload=read_mostly neg_share=0.5 threads=4 load_factor=0.8 ops_per_s=4.586264e+07 p50=0ns p95=0ns p99=0ns
CONFIG filter=xor dist=uniform n=1000000 target_fpr=0.01 neg_share=0.5 workload=read_mostly threads=4 load_factor=0.80 fp_bits=8 ops=1500000 warmup_ops=150000 rep=0
run=0 filter=xor dist=uniform n=1000000 target_fpr=0.01 fp_bits=8 achieved_fpr=0.003436 bpe=33.5544 workload=read_mostly neg_share=0.5 threads=4 load_factor=0.8 ops_per_s=4.036190e+07 p50=0ns p95=0ns p99=0ns
CONFIG filter=xor dist=uniform n=1000000 target_fpr=0.01 neg_share=0.5 workload=read_mostly threads=4 load_factor=0.80 fp_bits=8 ops=1500000 warmup_ops=150000 rep=1
run=1 filter=xor dist=uniform n=1000000 target_fpr=0.01 fp_bits=8 achieved_fpr=0.003436 bpe=33.5544 workload=read_mostly neg_share=0.5 threads=4 load_factor=0.8 ops_per_s=3.530318e+07 p50=0ns p95=0ns p99=0ns
CONFIG filter=xor dist=uniform n=1000000 target_fpr=0.01 neg_share=0.5 workload=read_mostly threads=4 load_factor=0.80 fp_bits=8 ops=1500000 warmup_ops=150000 rep=2
run=2 filter=xor dist=uniform n=1000000 target_fpr=0.01 fp_bits=8 achieved_fpr=0.003436 bpe=33.5544 workload=read_mostly neg_share=0.5 threads=4 load_factor=0.8 ops_per_s=3.693143e+07 p50=0ns p95=0ns p99=0ns
CONFIG filter=xor dist=uniform n=1000000 target_fpr=0.01 neg_share=0.5 workload=read_mostly threads=4 load_factor=0.80 fp_bits=12 ops=1500000 warmup_ops=150000 rep=0
run=0 filter=xor dist=uniform n=1000000 target_fpr=0.01 fp_bits=12 achieved_fpr=0.000222 bpe=33.5544 workload=read_mostly neg_share=0.5 threads=4 load_factor=0.8 ops_per_s=4.607484e+07 p50=0ns p95=0ns p99=0ns
CONFIG filter=xor dist=uniform n=1000000 target_fpr=0.01 neg_share=0.5 workload=read_mostly threads=4 load_factor=0.80 fp_bits=12 ops=1500000 warmup_ops=150000 rep=1
run=1 filter=xor dist=uniform n=1000000 target_fpr=0.01 fp_bits=12 achieved_fpr=0.000222 bpe=33.5544 workload=read_mostly neg_share=0.5 threads=4 load_factor=0.8 ops_per_s=4.012750e+07 p50=0ns p95=0ns p99=0ns
CONFIG filter=xor dist=uniform n=1000000 target_fpr=0.01 neg_share=0.5 workload=read_mostly threads=4 load_factor=0.80 fp_bits=12 ops=1500000 warmup_ops=150000 rep=2
run=2 filter=xor dist=uniform n=1000000 target_fpr=0.01 fp_bits=12 achieved_fpr=0.000222 bpe=33.5544 workload=read_mostly neg_share=0.5 threads=4 load_factor=0.8 ops_per_s=4.696605e+07 p50=0ns p95=0ns p99=0ns
CONFIG filter=xor dist=uniform n=1000000 target_fpr=0.01 neg_share=0.5 workload=read_mostly threads=4 load_factor=0.80 fp_bits=16 ops=1500000 warmup_ops=150000 rep=0
run=0 filter=xor dist=uniform n=1000000 target_fpr=0.01 fp_bits=16 achieved_fpr=1.4e-05 bpe=33.5544 workload=read_mostly neg_share=0.5 threads=4 load_factor=0.8 ops_per_s=4.237557e+07 p50=0ns p95=0ns p99=0ns
CONFIG filter=xor dist=uniform n=1000000 target_fpr=0.01 neg_share=0.5 workload=read_mostly threads=4 load_factor=0.80 fp_bits=16 ops=1500000 warmup_ops=150000 rep=1
run=1 filter=xor dist=uniform n=1000000 target_fpr=0.01 fp_bits=16 achieved_fpr=1.4e-05 bpe=33.5544 workload=read_mostly neg_share=0.5 threads=4 load_factor=0.8 ops_per_s=4.234764e+07 p50=0ns p95=0ns p99=0ns
CONFIG filter=xor dist=uniform n=1000000 target_fpr=0.01 neg_share=0.5 workload=read_mostly threads=4 load_factor=0.80 fp_bits=16 ops=1500000 warmup_ops=150000 rep=2
run=2 filter=xor dist=uniform n=1000000 target_fpr=0.01 fp_bits=16 achieved_fpr=1.4e-05 bpe=33.5544 workload=read_mostly neg_share=0.5 threads=4 load_factor=0.8 ops_per_s=4.247235e+07 p50=0ns p95=0ns p99=0ns
CONFIG filter=cuckoo dist=uniform n=1000000 target_fpr=0.01 neg_share=0.5 workload=read_mostly threads=4 load_factor=0.80 fp_bits=8 ops=1500000 warmup_ops=150000 rep=0
run=0 filter=cuckoo dist=uniform n=1000000 target_fpr=0.01 fp_bits=8 achieved_fpr=0.014732 bpe=31.2068 workload=read_mostly neg_share=0.5 threads=4 load_factor=0.8 ops_per_s=4.198696e+06 p50=0ns p95=0ns p99=0ns fail_rate=0.000000 avg_kicks=0.009477 stash_hits=0
CONFIG filter=cuckoo dist=uniform n=1000000 target_fpr=0.01 neg_share=0.5 workload=read_mostly threads=4 load_factor=0.80 fp_bits=8 ops=1500000 warmup_ops=150000 rep=1
run=1 filter=cuckoo dist=uniform n=1000000 target_fpr=0.01 fp_bits=8 achieved_fpr=0.014732 bpe=31.2068 workload=read_mostly neg_share=0.5 threads=4 load_factor=0.8 ops_per_s=3.365712e+06 p50=0ns p95=0ns p99=0ns fail_rate=0.000000 avg_kicks=0.009495 stash_hits=0
CONFIG filter=cuckoo dist=uniform n=1000000 target_fpr=0.01 neg_share=0.5 workload=read_mostly threads=4 load_factor=0.80 fp_bits=8 ops=1500000 warmup_ops=150000 rep=2
run=2 filter=cuckoo dist=uniform n=1000000 target_fpr=0.01 fp_bits=8 achieved_fpr=0.014732 bpe=31.2068 workload=read_mostly neg_share=0.5 threads=4 load_factor=0.8 ops_per_s=3.694761e+06 p50=0ns p95=0ns p99=0ns fail_rate=0.000000 avg_kicks=0.009490 stash_hits=0
CONFIG filter=cuckoo dist=uniform n=1000000 target_fpr=0.01 neg_share=0.5 workload=read_mostly threads=4 load_factor=0.80 fp_bits=12 ops=1500000 warmup_ops=150000 rep=0
run=0 filter=cuckoo dist=uniform n=1000000 target_fpr=0.01 fp_bits=12 achieved_fpr=0.000977 bpe=31.2068 workload=read_mostly neg_share=0.5 threads=4 load_factor=0.8 ops_per_s=3.585244e+06 p50=0ns p95=0ns p99=0ns fail_rate=0.000000 avg_kicks=0.009397 stash_hits=0
CONFIG filter=cuckoo dist=uniform n=1000000 target_fpr=0.01 neg_share=0.5 workload=read_mostly threads=4 load_factor=0.80 fp_bits=12 ops=1500000 warmup_ops=150000 rep=1
run=1 filter=cuckoo dist=uniform n=1000000 target_fpr=0.01 fp_bits=12 achieved_fpr=0.000977 bpe=31.2068 workload=read_mostly neg_share=0.5 threads=4 load_factor=0.8 ops_per_s=3.602679e+06 p50=0ns p95=0ns p99=0ns fail_rate=0.000000 avg_kicks=0.009395 stash_hits=0
CONFIG filter=cuckoo dist=uniform n=1000000 target_fpr=0.01 neg_share=0.5 workload=read_mostly threads=4 load_factor=0.80 fp_bits=12 ops=1500000 warmup_ops=150000 rep=2
run=2 filter=cuckoo dist=uniform n=1000000 target_fpr=0.01 fp_bits=12 achieved_fpr=0.000977 bpe=31.2068 workload=read_mostly neg_share=0.5 threads=4 load_factor=0.8 ops_per_s=3.821465e+06 p50=0ns p95=0ns p99=0ns fail_rate=0.000000 avg_kicks=0.009371 stash_hits=0
CONFIG filter=cuckoo dist=uniform n=1000000 target_fpr=0.01 neg_share=0.5 workload=read_mostly threads=4 load_factor=0.80 fp_bits=16 ops=1500000 warmup_ops=150000 rep=0
run=0 filter=cuckoo dist=uniform n=1000000 target_fpr=0.01 fp_bits=16 achieved_fpr=4.5e-05 bpe=31.2068 workload=read_mostly neg_share=0.5 threads=4 load_factor=0.8 ops_per_s=3.276152e+06 p50=0ns p95=0ns p99=0ns fail_rate=0.000000 avg_kicks=0.009266 stash_hits=0
CONFIG filter=cuckoo dist=uniform n=1000000 target_fpr=0.01 neg_share=0.5 workload=read_mostly threads=4 load_factor=0.80 fp_bits=16 ops=1500000 warmup_ops=150000 rep=1
run=1 filter=cuckoo dist=uniform n=1000000 target_fpr=0.01 fp_bits=16 achieved_fpr=4.5e-05 bpe=31.2068 workload=read_mostly neg_share=0.5 threads=4 load_factor=0.8 ops_per_s=3.139943e+06 p50=0ns p95=0ns p99=0ns fail_rate=0.000000 avg_kicks=0.009263 stash_hits=0
CONFIG filter=cuckoo dist=uniform n=1000000 target_fpr=0.01 neg_share=0.5 workload=read_mostly threads=4 load_factor=0.80 fp_bits=16 ops=1500000 warmup_ops=150000 rep=2
run=2 filter=cuckoo dist=uniform n=1000000 target_fpr=0.01 fp_bits=16 achieved_fpr=4.5e-05 bpe=31.2068 workload=read_mostly neg_share=0.5 threads=4 load_factor=0.8 ops_per_s=3.610976e+06 p50=0ns p95=0ns p99=0ns fail_rate=0.000000 avg_kicks=0.009261 stash_hits=0
CONFIG filter=quotient dist=uniform n=1000000 target_fpr=0.01 neg_share=0.5 workload=read_mostly threads=4 load_factor=0.80 fp_bits=12 ops=1500000 warmup_ops=150000 rep=0
run=0 filter=quotient dist=uniform n=1000000 target_fpr=0.01 fp_bits=12 achieved_fpr=0.001834 bpe=49.8063 workload=read_mostly neg_share=0.5 threads=4 load_factor=0.8 ops_per_s=3.241381e+06 p50=0ns p95=0ns p99=0ns avg_probe=1.251858 cluster_mean=2.407121 cluster_p99=12.000000
CONFIG filter=quotient dist=uniform n=1000000 target_fpr=0.01 neg_share=0.5 workload=read_mostly threads=4 load_factor=0.80 fp_bits=12 ops=1500000 warmup_ops=150000 rep=1
run=1 filter=quotient dist=uniform n=1000000 target_fpr=0.01 fp_bits=12 achieved_fpr=0.001834 bpe=49.8063 workload=read_mostly neg_share=0.5 threads=4 load_factor=0.8 ops_per_s=3.197677e+06 p50=0ns p95=0ns p99=0ns avg_probe=1.252158 cluster_mean=2.407121 cluster_p99=12.000000
CONFIG filter=quotient dist=uniform n=1000000 target_fpr=0.01 neg_share=0.5 workload=read_mostly threads=4 load_factor=0.80 fp_bits=12 ops=1500000 warmup_ops=150000 rep=2
run=2 filter=quotient dist=uniform n=1000000 target_fpr=0.01 fp_bits=12 achieved_fpr=0.001834 bpe=49.8063 workload=read_mostly neg_share=0.5 threads=4 load_factor=0.8 ops_per_s=3.027079e+06 p50=0ns p95=0ns p99=0ns avg_probe=1.252213 cluster_mean=2.407121 cluster_p99=12.000000
CONFIG filter=bloom dist=uniform n=1000000 target_fpr=0.01 neg_share=0.5 workload=read_mostly threads=8 load_factor=0.80 fp_bits=12 ops=1500000 warmup_ops=150000 rep=0
run=0 filter=bloom dist=uniform n=1000000 target_fpr=0.01 fp_bits=12 achieved_fpr=0.035445 bpe=16.7772 workload=read_mostly neg_share=0.5 threads=8 load_factor=0.8 ops_per_s=9.238128e+07 p50=0ns p95=0ns p99=0ns
CONFIG filter=bloom dist=uniform n=1000000 target_fpr=0.01 neg_share=0.5 workload=read_mostly threads=8 load_factor=0.80 fp_bits=12 ops=1500000 warmup_ops=150000 rep=1
run=1 filter=bloom dist=uniform n=1000000 target_fpr=0.01 fp_bits=12 achieved_fpr=0.035445 bpe=16.7772 workload=read_mostly neg_share=0.5 threads=8 load_factor=0.8 ops_per_s=8.761567e+07 p50=0ns p95=0ns p99=0ns
CONFIG filter=bloom dist=uniform n=1000000 target_fpr=0.01 neg_share=0.5 workload=read_mostly threads=8 load_factor=0.80 fp_bits=12 ops=1500000 warmup_ops=150000 rep=2
run=2 filter=bloom dist=uniform n=1000000 target_fpr=0.01 fp_bits=12 achieved_fpr=0.035445 bpe=16.7772 workload=read_mostly neg_share=0.5 threads=8 load_factor=0.8 ops_per_s=8.747029e+07 p50=0ns p95=0ns p99=0ns
CONFIG filter=xor dist=uniform n=1000000 target_fpr=0.01 neg_share=0.5 workload=read_mostly threads=8 load_factor=0.80 fp_bits=8 ops=1500000 warmup_ops=150000 rep=0
run=0 filter=xor dist=uniform n=1000000 target_fpr=0.01 fp_bits=8 achieved_fpr=0.003436 bpe=33.5544 workload=read_mostly neg_share=0.5 threads=8 load_factor=0.8 ops_per_s=8.415763e+07 p50=0ns p95=0ns p99=0ns
CONFIG filter=xor dist=uniform n=1000000 target_fpr=0.01 neg_share=0.5 workload=read_mostly threads=8 load_factor=0.80 fp_bits=8 ops=1500000 warmup_ops=150000 rep=1
run=1 filter=xor dist=uniform n=1000000 target_fpr=0.01 fp_bits=8 achieved_fpr=0.003436 bpe=33.5544 workload=read_mostly neg_share=0.5 threads=8 load_factor=0.8 ops_per_s=8.533814e+07 p50=0ns p95=0ns p99=0ns
CONFIG filter=xor dist=uniform n=1000000 target_fpr=0.01 neg_share=0.5 workload=read_mostly threads=8 load_factor=0.80 fp_bits=8 ops=1500000 warmup_ops=150000 rep=2
run=2 filter=xor dist=uniform n=1000000 target_fpr=0.01 fp_bits=8 achieved_fpr=0.003436 bpe=33.5544 workload=read_mostly neg_share=0.5 threads=8 load_factor=0.8 ops_per_s=8.586154e+07 p50=0ns p95=0ns p99=0ns
CONFIG filter=xor dist=uniform n=1000000 target_fpr=0.01 neg_share=0.5 workload=read_mostly threads=8 load_factor=0.80 fp_bits=12 ops=1500000 warmup_ops=150000 rep=0
run=0 filter=xor dist=uniform n=1000000 target_fpr=0.01 fp_bits=12 achieved_fpr=0.000222 bpe=33.5544 workload=read_mostly neg_share=0.5 threads=8 load_factor=0.8 ops_per_s=8.748605e+07 p50=0ns p95=0ns p99=0ns
CONFIG filter=xor dist=uniform n=1000000 target_fpr=0.01 neg_share=0.5 workload=read_mostly threads=8 load_factor=0.80 fp_bits=12 ops=1500000 warmup_ops=150000 rep=1
run=1 filter=xor dist=uniform n=1000000 target_fpr=0.01 fp_bits=12 achieved_fpr=0.000222 bpe=33.5544 workload=read_mostly neg_share=0.5 threads=8 load_factor=0.8 ops_per_s=9.384994e+07 p50=0ns p95=0ns p99=0ns
CONFIG filter=xor dist=uniform n=1000000 target_fpr=0.01 neg_share=0.5 workload=read_mostly threads=8 load_factor=0.80 fp_bits=12 ops=1500000 warmup_ops=150000 rep=2
run=2 filter=xor dist=uniform n=1000000 target_fpr=0.01 fp_bits=12 achieved_fpr=0.000222 bpe=33.5544 workload=read_mostly neg_share=0.5 threads=8 load_factor=0.8 ops_per_s=8.700156e+07 p50=0ns p95=0ns p99=0ns
CONFIG filter=xor dist=uniform n=1000000 target_fpr=0.01 neg_share=0.5 workload=read_mostly threads=8 load_factor=0.80 fp_bits=16 ops=1500000 warmup_ops=150000 rep=0
run=0 filter=xor dist=uniform n=1000000 target_fpr=0.01 fp_bits=16 achieved_fpr=1.4e-05 bpe=33.5544 workload=read_mostly neg_share=0.5 threads=8 load_factor=0.8 ops_per_s=8.546106e+07 p50=0ns p95=0ns p99=0ns
CONFIG filter=xor dist=uniform n=1000000 target_fpr=0.01 neg_share=0.5 workload=read_mostly threads=8 load_factor=0.80 fp_bits=16 ops=1500000 warmup_ops=150000 rep=1
run=1 filter=xor dist=uniform n=1000000 target_fpr=0.01 fp_bits=16 achieved_fpr=1.4e-05 bpe=33.5544 workload=read_mostly neg_share=0.5 threads=8 load_factor=0.8 ops_per_s=8.677223e+07 p50=0ns p95=0ns p99=0ns
CONFIG filter=xor dist=uniform n=1000000 target_fpr=0.01 neg_share=0.5 workload=read_mostly threads=8 load_factor=0.80 fp_bits=16 ops=1500000 warmup_ops=150000 rep=2
run=2 filter=xor dist=uniform n=1000000 target_fpr=0.01 fp_bits=16 achieved_fpr=1.4e-05 bpe=33.5544 workload=read_mostly neg_share=0.5 threads=8 load_factor=0.8 ops_per_s=1.093328e+08 p50=0ns p95=0ns p99=0ns
CONFIG filter=cuckoo dist=uniform n=1000000 target_fpr=0.01 neg_share=0.5 workload=read_mostly threads=8 load_factor=0.80 fp_bits=8 ops=1500000 warmup_ops=150000 rep=0
run=0 filter=cuckoo dist=uniform n=1000000 target_fpr=0.01 fp_bits=8 achieved_fpr=0.014732 bpe=31.213 workload=read_mostly neg_share=0.5 threads=8 load_factor=0.8 ops_per_s=3.498598e+06 p50=0ns p95=0ns p99=0ns fail_rate=0.000000 avg_kicks=0.009357 stash_hits=0
CONFIG filter=cuckoo dist=uniform n=1000000 target_fpr=0.01 neg_share=0.5 workload=read_mostly threads=8 load_factor=0.80 fp_bits=8 ops=1500000 warmup_ops=150000 rep=1
run=1 filter=cuckoo dist=uniform n=1000000 target_fpr=0.01 fp_bits=8 achieved_fpr=0.014732 bpe=31.213 workload=read_mostly neg_share=0.5 threads=8 load_factor=0.8 ops_per_s=3.017999e+06 p50=0ns p95=0ns p99=0ns fail_rate=0.000000 avg_kicks=0.009361 stash_hits=0
CONFIG filter=cuckoo dist=uniform n=1000000 target_fpr=0.01 neg_share=0.5 workload=read_mostly threads=8 load_factor=0.80 fp_bits=8 ops=1500000 warmup_ops=150000 rep=2
run=2 filter=cuckoo dist=uniform n=1000000 target_fpr=0.01 fp_bits=8 achieved_fpr=0.014732 bpe=31.213 workload=read_mostly neg_share=0.5 threads=8 load_factor=0.8 ops_per_s=3.135699e+06 p50=0ns p95=0ns p99=0ns fail_rate=0.000000 avg_kicks=0.009365 stash_hits=0
CONFIG filter=cuckoo dist=uniform n=1000000 target_fpr=0.01 neg_share=0.5 workload=read_mostly threads=8 load_factor=0.80 fp_bits=12 ops=1500000 warmup_ops=150000 rep=0
run=0 filter=cuckoo dist=uniform n=1000000 target_fpr=0.01 fp_bits=12 achieved_fpr=0.000977 bpe=31.213 workload=read_mostly neg_share=0.5 threads=8 load_factor=0.8 ops_per_s=2.932183e+06 p50=0ns p95=0ns p99=0ns fail_rate=0.000000 avg_kicks=0.009306 stash_hits=0
CONFIG filter=cuckoo dist=uniform n=1000000 target_fpr=0.01 neg_share=0.5 workload=read_mostly threads=8 load_factor=0.80 fp_bits=12 ops=1500000 warmup_ops=150000 rep=1
run=1 filter=cuckoo dist=uniform n=1000000 target_fpr=0.01 fp_bits=12 achieved_fpr=0.000977 bpe=31.213 workload=read_mostly neg_share=0.5 threads=8 load_factor=0.8 ops_per_s=3.042898e+06 p50=0ns p95=0ns p99=0ns fail_rate=0.000000 avg_kicks=0.009310 stash_hits=0
CONFIG filter=cuckoo dist=uniform n=1000000 target_fpr=0.01 neg_share=0.5 workload=read_mostly threads=8 load_factor=0.80 fp_bits=12 ops=1500000 warmup_ops=150000 rep=2
run=2 filter=cuckoo dist=uniform n=1000000 target_fpr=0.01 fp_bits=12 achieved_fpr=0.000977 bpe=31.213 workload=read_mostly neg_share=0.5 threads=8 load_factor=0.8 ops_per_s=2.866554e+06 p50=0ns p95=0ns p99=0ns fail_rate=0.000000 avg_kicks=0.009308 stash_hits=0
CONFIG filter=cuckoo dist=uniform n=1000000 target_fpr=0.01 neg_share=0.5 workload=read_mostly threads=8 load_factor=0.80 fp_bits=16 ops=1500000 warmup_ops=150000 rep=0
run=0 filter=cuckoo dist=uniform n=1000000 target_fpr=0.01 fp_bits=16 achieved_fpr=4.5e-05 bpe=31.213 workload=read_mostly neg_share=0.5 threads=8 load_factor=0.8 ops_per_s=3.041709e+06 p50=0ns p95=0ns p99=0ns fail_rate=0.000000 avg_kicks=0.009283 stash_hits=0
CONFIG filter=cuckoo dist=uniform n=1000000 target_fpr=0.01 neg_share=0.5 workload=read_mostly threads=8 load_factor=0.80 fp_bits=16 ops=1500000 warmup_ops=150000 rep=1
run=1 filter=cuckoo dist=uniform n=1000000 target_fpr=0.01 fp_bits=16 achieved_fpr=4.5e-05 bpe=31.213 workload=read_mostly neg_share=0.5 threads=8 load_factor=0.8 ops_per_s=3.090137e+06 p50=0ns p95=0ns p99=0ns fail_rate=0.000000 avg_kicks=0.009312 stash_hits=0
CONFIG filter=cuckoo dist=uniform n=1000000 target_fpr=0.01 neg_share=0.5 workload=read_mostly threads=8 load_factor=0.80 fp_bits=16 ops=1500000 warmup_ops=150000 rep=2
run=2 filter=cuckoo dist=uniform n=1000000 target_fpr=0.01 fp_bits=16 achieved_fpr=4.5e-05 bpe=31.213 workload=read_mostly neg_share=0.5 threads=8 load_factor=0.8 ops_per_s=2.658719e+06 p50=0ns p95=0ns p99=0ns fail_rate=0.000000 avg_kicks=0.009298 stash_hits=0
CONFIG filter=quotient dist=uniform n=1000000 target_fpr=0.01 neg_share=0.5 workload=read_mostly threads=8 load_factor=0.80 fp_bits=12 ops=1500000 warmup_ops=150000 rep=0
run=0 filter=quotient dist=uniform n=1000000 target_fpr=0.01 fp_bits=12 achieved_fpr=0.001834 bpe=49.8105 workload=read_mostly neg_share=0.5 threads=8 load_factor=0.8 ops_per_s=2.726937e+06 p50=0ns p95=0ns p99=0ns avg_probe=1.251656 cluster_mean=2.407121 cluster_p99=12.000000
CONFIG filter=quotient dist=uniform n=1000000 target_fpr=0.01 neg_share=0.5 workload=read_mostly threads=8 load_factor=0.80 fp_bits=12 ops=1500000 warmup_ops=150000 rep=1
run=1 filter=quotient dist=uniform n=1000000 target_fpr=0.01 fp_bits=12 achieved_fpr=0.001834 bpe=49.8105 workload=read_mostly neg_share=0.5 threads=8 load_factor=0.8 ops_per_s=2.706525e+06 p50=0ns p95=0ns p99=0ns avg_probe=1.251658 cluster_mean=2.407121 cluster_p99=12.000000
CONFIG filter=quotient dist=uniform n=1000000 target_fpr=0.01 neg_share=0.5 workload=read_mostly threads=8 load_factor=0.80 fp_bits=12 ops=1500000 warmup_ops=150000 rep=2
run=2 filter=quotient dist=uniform n=1000000 target_fpr=0.01 fp_bits=12 achieved_fpr=0.001834 bpe=49.8105 workload=read_mostly neg_share=0.5 threads=8 load_factor=0.8 ops_per_s=2.794238e+06 p50=0ns p95=0ns p99=0ns avg_probe=1.251605 cluster_mean=2.407121 cluster_p99=12.000000
CONFIG filter=bloom dist=uniform n=1000000 target_fpr=0.01 neg_share=0.5 workload=read_mostly threads=12 load_factor=0.80 fp_bits=12 ops=1500000 warmup_ops=150000 rep=0
run=0 filter=bloom dist=uniform n=1000000 target_fpr=0.01 fp_bits=12 achieved_fpr=0.035445 bpe=16.7772 workload=read_mostly neg_share=0.5 threads=12 load_factor=0.8 ops_per_s=1.058264e+08 p50=0ns p95=0ns p99=0ns
CONFIG filter=bloom dist=uniform n=1000000 target_fpr=0.01 neg_share=0.5 workload=read_mostly threads=12 load_factor=0.80 fp_bits=12 ops=1500000 warmup_ops=150000 rep=1
run=1 filter=bloom dist=uniform n=1000000 target_fpr=0.01 fp_bits=12 achieved_fpr=0.035445 bpe=16.7772 workload=read_mostly neg_share=0.5 threads=12 load_factor=0.8 ops_per_s=1.079997e+08 p50=0ns p95=0ns p99=0ns
CONFIG filter=bloom dist=uniform n=1000000 target_fpr=0.01 neg_share=0.5 workload=read_mostly threads=12 load_factor=0.80 fp_bits=12 ops=1500000 warmup_ops=150000 rep=2
run=2 filter=bloom dist=uniform n=1000000 target_fpr=0.01 fp_bits=12 achieved_fpr=0.035445 bpe=16.7772 workload=read_mostly neg_share=0.5 threads=12 load_factor=0.8 ops_per_s=9.829403e+07 p50=0ns p95=0ns p99=0ns
CONFIG filter=xor dist=uniform n=1000000 target_fpr=0.01 neg_share=0.5 workload=read_mostly threads=12 load_factor=0.80 fp_bits=8 ops=1500000 warmup_ops=150000 rep=0
run=0 filter=xor dist=uniform n=1000000 target_fpr=0.01 fp_bits=8 achieved_fpr=0.003436 bpe=33.5544 workload=read_mostly neg_share=0.5 threads=12 load_factor=0.8 ops_per_s=7.552606e+07 p50=0ns p95=0ns p99=0ns
CONFIG filter=xor dist=uniform n=1000000 target_fpr=0.01 neg_share=0.5 workload=read_mostly threads=12 load_factor=0.80 fp_bits=8 ops=1500000 warmup_ops=150000 rep=1
run=1 filter=xor dist=uniform n=1000000 target_fpr=0.01 fp_bits=8 achieved_fpr=0.003436 bpe=33.5544 workload=read_mostly neg_share=0.5 threads=12 load_factor=0.8 ops_per_s=1.010601e+08 p50=0ns p95=0ns p99=0ns
CONFIG filter=xor dist=uniform n=1000000 target_fpr=0.01 neg_share=0.5 workload=read_mostly threads=12 load_factor=0.80 fp_bits=8 ops=1500000 warmup_ops=150000 rep=2
run=2 filter=xor dist=uniform n=1000000 target_fpr=0.01 fp_bits=8 achieved_fpr=0.003436 bpe=33.5544 workload=read_mostly neg_share=0.5 threads=12 load_factor=0.8 ops_per_s=1.291366e+08 p50=0ns p95=0ns p99=0ns
CONFIG filter=xor dist=uniform n=1000000 target_fpr=0.01 neg_share=0.5 workload=read_mostly threads=12 load_factor=0.80 fp_bits=12 ops=1500000 warmup_ops=150000 rep=0
run=0 filter=xor dist=uniform n=1000000 target_fpr=0.01 fp_bits=12 achieved_fpr=0.000222 bpe=33.5544 workload=read_mostly neg_share=0.5 threads=12 load_factor=0.8 ops_per_s=1.385347e+08 p50=0ns p95=0ns p99=0ns
CONFIG filter=xor dist=uniform n=1000000 target_fpr=0.01 neg_share=0.5 workload=read_mostly threads=12 load_factor=0.80 fp_bits=12 ops=1500000 warmup_ops=150000 rep=1
run=1 filter=xor dist=uniform n=1000000 target_fpr=0.01 fp_bits=12 achieved_fpr=0.000222 bpe=33.5544 workload=read_mostly neg_share=0.5 threads=12 load_factor=0.8 ops_per_s=1.379355e+08 p50=0ns p95=0ns p99=0ns
CONFIG filter=xor dist=uniform n=1000000 target_fpr=0.01 neg_share=0.5 workload=read_mostly threads=12 load_factor=0.80 fp_bits=12 ops=1500000 warmup_ops=150000 rep=2
run=2 filter=xor dist=uniform n=1000000 target_fpr=0.01 fp_bits=12 achieved_fpr=0.000222 bpe=33.5544 workload=read_mostly neg_share=0.5 threads=12 load_factor=0.8 ops_per_s=1.373890e+08 p50=0ns p95=0ns p99=0ns
CONFIG filter=xor dist=uniform n=1000000 target_fpr=0.01 neg_share=0.5 workload=read_mostly threads=12 load_factor=0.80 fp_bits=16 ops=1500000 warmup_ops=150000 rep=0
run=0 filter=xor dist=uniform n=1000000 target_fpr=0.01 fp_bits=16 achieved_fpr=1.4e-05 bpe=33.5544 workload=read_mostly neg_share=0.5 threads=12 load_factor=0.8 ops_per_s=1.376956e+08 p50=0ns p95=0ns p99=0ns
CONFIG filter=xor dist=uniform n=1000000 target_fpr=0.01 neg_share=0.5 workload=read_mostly threads=12 load_factor=0.80 fp_bits=16 ops=1500000 warmup_ops=150000 rep=1
run=1 filter=xor dist=uniform n=1000000 target_fpr=0.01 fp_bits=16 achieved_fpr=1.4e-05 bpe=33.5544 workload=read_mostly neg_share=0.5 threads=12 load_factor=0.8 ops_per_s=1.070217e+08 p50=0ns p95=0ns p99=0ns
CONFIG filter=xor dist=uniform n=1000000 target_fpr=0.01 neg_share=0.5 workload=read_mostly threads=12 load_factor=0.80 fp_bits=16 ops=1500000 warmup_ops=150000 rep=2
run=2 filter=xor dist=uniform n=1000000 target_fpr=0.01 fp_bits=16 achieved_fpr=1.4e-05 bpe=33.5544 workload=read_mostly neg_share=0.5 threads=12 load_factor=0.8 ops_per_s=1.303418e+08 p50=0ns p95=0ns p99=0ns
CONFIG filter=cuckoo dist=uniform n=1000000 target_fpr=0.01 neg_share=0.5 workload=read_mostly threads=12 load_factor=0.80 fp_bits=8 ops=1500000 warmup_ops=150000 rep=0
run=0 filter=cuckoo dist=uniform n=1000000 target_fpr=0.01 fp_bits=8 achieved_fpr=0.014732 bpe=31.224 workload=read_mostly neg_share=0.5 threads=12 load_factor=0.8 ops_per_s=2.926762e+06 p50=0ns p95=0ns p99=0ns fail_rate=0.000000 avg_kicks=0.009336 stash_hits=0
CONFIG filter=cuckoo dist=uniform n=1000000 target_fpr=0.01 neg_share=0.5 workload=read_mostly threads=12 load_factor=0.80 fp_bits=8 ops=1500000 warmup_ops=150000 rep=1
run=1 filter=cuckoo dist=uniform n=1000000 target_fpr=0.01 fp_bits=8 achieved_fpr=0.014732 bpe=31.224 workload=read_mostly neg_share=0.5 threads=12 load_factor=0.8 ops_per_s=2.677773e+06 p50=0ns p95=0ns p99=0ns fail_rate=0.000000 avg_kicks=0.009347 stash_hits=0
CONFIG filter=cuckoo dist=uniform n=1000000 target_fpr=0.01 neg_share=0.5 workload=read_mostly threads=12 load_factor=0.80 fp_bits=8 ops=1500000 warmup_ops=150000 rep=2
run=2 filter=cuckoo dist=uniform n=1000000 target_fpr=0.01 fp_bits=8 achieved_fpr=0.014732 bpe=31.224 workload=read_mostly neg_share=0.5 threads=12 load_factor=0.8 ops_per_s=2.692839e+06 p50=0ns p95=0ns p99=0ns fail_rate=0.000000 avg_kicks=0.009359 stash_hits=0
CONFIG filter=cuckoo dist=uniform n=1000000 target_fpr=0.01 neg_share=0.5 workload=read_mostly threads=12 load_factor=0.80 fp_bits=12 ops=1500000 warmup_ops=150000 rep=0
run=0 filter=cuckoo dist=uniform n=1000000 target_fpr=0.01 fp_bits=12 achieved_fpr=0.000977 bpe=31.224 workload=read_mostly neg_share=0.5 threads=12 load_factor=0.8 ops_per_s=2.759391e+06 p50=0ns p95=0ns p99=0ns fail_rate=0.000000 avg_kicks=0.009224 stash_hits=0
CONFIG filter=cuckoo dist=uniform n=1000000 target_fpr=0.01 neg_share=0.5 workload=read_mostly threads=12 load_factor=0.80 fp_bits=12 ops=1500000 warmup_ops=150000 rep=1
run=1 filter=cuckoo dist=uniform n=1000000 target_fpr=0.01 fp_bits=12 achieved_fpr=0.000977 bpe=31.224 workload=read_mostly neg_share=0.5 threads=12 load_factor=0.8 ops_per_s=2.684005e+06 p50=0ns p95=0ns p99=0ns fail_rate=0.000000 avg_kicks=0.009225 stash_hits=0
CONFIG filter=cuckoo dist=uniform n=1000000 target_fpr=0.01 neg_share=0.5 workload=read_mostly threads=12 load_factor=0.80 fp_bits=12 ops=1500000 warmup_ops=150000 rep=2
run=2 filter=cuckoo dist=uniform n=1000000 target_fpr=0.01 fp_bits=12 achieved_fpr=0.000977 bpe=31.224 workload=read_mostly neg_share=0.5 threads=12 load_factor=0.8 ops_per_s=2.686929e+06 p50=0ns p95=0ns p99=0ns fail_rate=0.000000 avg_kicks=0.009236 stash_hits=0
CONFIG filter=cuckoo dist=uniform n=1000000 target_fpr=0.01 neg_share=0.5 workload=read_mostly threads=12 load_factor=0.80 fp_bits=16 ops=1500000 warmup_ops=150000 rep=0
run=0 filter=cuckoo dist=uniform n=1000000 target_fpr=0.01 fp_bits=16 achieved_fpr=4.5e-05 bpe=31.224 workload=read_mostly neg_share=0.5 threads=12 load_factor=0.8 ops_per_s=2.795271e+06 p50=0ns p95=0ns p99=0ns fail_rate=0.000000 avg_kicks=0.009270 stash_hits=0
CONFIG filter=cuckoo dist=uniform n=1000000 target_fpr=0.01 neg_share=0.5 workload=read_mostly threads=12 load_factor=0.80 fp_bits=16 ops=1500000 warmup_ops=150000 rep=1
run=1 filter=cuckoo dist=uniform n=1000000 target_fpr=0.01 fp_bits=16 achieved_fpr=4.5e-05 bpe=31.224 workload=read_mostly neg_share=0.5 threads=12 load_factor=0.8 ops_per_s=2.737813e+06 p50=0ns p95=0ns p99=0ns fail_rate=0.000000 avg_kicks=0.009267 stash_hits=0
CONFIG filter=cuckoo dist=uniform n=1000000 target_fpr=0.01 neg_share=0.5 workload=read_mostly threads=12 load_factor=0.80 fp_bits=16 ops=1500000 warmup_ops=150000 rep=2
run=2 filter=cuckoo dist=uniform n=1000000 target_fpr=0.01 fp_bits=16 achieved_fpr=4.5e-05 bpe=31.224 workload=read_mostly neg_share=0.5 threads=12 load_factor=0.8 ops_per_s=2.717406e+06 p50=0ns p95=0ns p99=0ns fail_rate=0.000000 avg_kicks=0.009264 stash_hits=0
CONFIG filter=quotient dist=uniform n=1000000 target_fpr=0.01 neg_share=0.5 workload=read_mostly threads=12 load_factor=0.80 fp_bits=12 ops=1500000 warmup_ops=150000 rep=0
run=0 filter=quotient dist=uniform n=1000000 target_fpr=0.01 fp_bits=12 achieved_fpr=0.001834 bpe=49.8098 workload=read_mostly neg_share=0.5 threads=12 load_factor=0.8 ops_per_s=2.370154e+06 p50=0ns p95=0ns p99=0ns avg_probe=1.251703 cluster_mean=2.407121 cluster_p99=12.000000
CONFIG filter=quotient dist=uniform n=1000000 target_fpr=0.01 neg_share=0.5 workload=read_mostly threads=12 load_factor=0.80 fp_bits=12 ops=1500000 warmup_ops=150000 rep=1
run=1 filter=quotient dist=uniform n=1000000 target_fpr=0.01 fp_bits=12 achieved_fpr=0.001834 bpe=49.8098 workload=read_mostly neg_share=0.5 threads=12 load_factor=0.8 ops_per_s=2.381265e+06 p50=0ns p95=0ns p99=0ns avg_probe=1.251858 cluster_mean=2.407121 cluster_p99=12.000000
CONFIG filter=quotient dist=uniform n=1000000 target_fpr=0.01 neg_share=0.5 workload=read_mostly threads=12 load_factor=0.80 fp_bits=12 ops=1500000 warmup_ops=150000 rep=2
run=2 filter=quotient dist=uniform n=1000000 target_fpr=0.01 fp_bits=12 achieved_fpr=0.001834 bpe=49.8098 workload=read_mostly neg_share=0.5 threads=12 load_factor=0.8 ops_per_s=2.401100e+06 p50=0ns p95=0ns p99=0ns avg_probe=1.251932 cluster_mean=2.407121 cluster_p99=12.000000
CONFIG filter=bloom dist=uniform n=1000000 target_fpr=0.01 neg_share=0.5 workload=balanced threads=1 load_factor=0.80 fp_bits=12 ops=1500000 warmup_ops=150000 rep=0
run=0 filter=bloom dist=uniform n=1000000 target_fpr=0.01 fp_bits=12 achieved_fpr=0.035445 bpe=16.7772 workload=balanced neg_share=0.5 threads=1 load_factor=0.8 ops_per_s=1.501822e+07 p50=0ns p95=0ns p99=0ns
CONFIG filter=bloom dist=uniform n=1000000 target_fpr=0.01 neg_share=0.5 workload=balanced threads=1 load_factor=0.80 fp_bits=12 ops=1500000 warmup_ops=150000 rep=1
run=1 filter=bloom dist=uniform n=1000000 target_fpr=0.01 fp_bits=12 achieved_fpr=0.035445 bpe=16.7772 workload=balanced neg_share=0.5 threads=1 load_factor=0.8 ops_per_s=1.534291e+07 p50=0ns p95=0ns p99=0ns
CONFIG filter=bloom dist=uniform n=1000000 target_fpr=0.01 neg_share=0.5 workload=balanced threads=1 load_factor=0.80 fp_bits=12 ops=1500000 warmup_ops=150000 rep=2
run=2 filter=bloom dist=uniform n=1000000 target_fpr=0.01 fp_bits=12 achieved_fpr=0.035445 bpe=16.7772 workload=balanced neg_share=0.5 threads=1 load_factor=0.8 ops_per_s=1.687118e+07 p50=0ns p95=0ns p99=0ns
CONFIG filter=xor dist=uniform n=1000000 target_fpr=0.01 neg_share=0.5 workload=balanced threads=1 load_factor=0.80 fp_bits=8 ops=1500000 warmup_ops=150000 rep=0
run=0 filter=xor dist=uniform n=1000000 target_fpr=0.01 fp_bits=8 achieved_fpr=0.003436 bpe=33.5544 workload=balanced neg_share=0.5 threads=1 load_factor=0.8 ops_per_s=1.692989e+07 p50=0ns p95=0ns p99=0ns
CONFIG filter=xor dist=uniform n=1000000 target_fpr=0.01 neg_share=0.5 workload=balanced threads=1 load_factor=0.80 fp_bits=8 ops=1500000 warmup_ops=150000 rep=1
run=1 filter=xor dist=uniform n=1000000 target_fpr=0.01 fp_bits=8 achieved_fpr=0.003436 bpe=33.5544 workload=balanced neg_share=0.5 threads=1 load_factor=0.8 ops_per_s=1.659993e+07 p50=0ns p95=0ns p99=0ns
CONFIG filter=xor dist=uniform n=1000000 target_fpr=0.01 neg_share=0.5 workload=balanced threads=1 load_factor=0.80 fp_bits=8 ops=1500000 warmup_ops=150000 rep=2
run=2 filter=xor dist=uniform n=1000000 target_fpr=0.01 fp_bits=8 achieved_fpr=0.003436 bpe=33.5544 workload=balanced neg_share=0.5 threads=1 load_factor=0.8 ops_per_s=1.452616e+07 p50=0ns p95=0ns p99=0ns
CONFIG filter=xor dist=uniform n=1000000 target_fpr=0.01 neg_share=0.5 workload=balanced threads=1 load_factor=0.80 fp_bits=12 ops=1500000 warmup_ops=150000 rep=0
run=0 filter=xor dist=uniform n=1000000 target_fpr=0.01 fp_bits=12 achieved_fpr=0.000222 bpe=33.5544 workload=balanced neg_share=0.5 threads=1 load_factor=0.8 ops_per_s=1.550550e+07 p50=0ns p95=0ns p99=0ns
CONFIG filter=xor dist=uniform n=1000000 target_fpr=0.01 neg_share=0.5 workload=balanced threads=1 load_factor=0.80 fp_bits=12 ops=1500000 warmup_ops=150000 rep=1
run=1 filter=xor dist=uniform n=1000000 target_fpr=0.01 fp_bits=12 achieved_fpr=0.000222 bpe=33.5544 workload=balanced neg_share=0.5 threads=1 load_factor=0.8 ops_per_s=1.643878e+07 p50=0ns p95=0ns p99=0ns
CONFIG filter=xor dist=uniform n=1000000 target_fpr=0.01 neg_share=0.5 workload=balanced threads=1 load_factor=0.80 fp_bits=12 ops=1500000 warmup_ops=150000 rep=2
run=2 filter=xor dist=uniform n=1000000 target_fpr=0.01 fp_bits=12 achieved_fpr=0.000222 bpe=33.5544 workload=balanced neg_share=0.5 threads=1 load_factor=0.8 ops_per_s=1.605885e+07 p50=0ns p95=0ns p99=0ns
CONFIG filter=xor dist=uniform n=1000000 target_fpr=0.01 neg_share=0.5 workload=balanced threads=1 load_factor=0.80 fp_bits=16 ops=1500000 warmup_ops=150000 rep=0
run=0 filter=xor dist=uniform n=1000000 target_fpr=0.01 fp_bits=16 achieved_fpr=1.4e-05 bpe=33.5544 workload=balanced neg_share=0.5 threads=1 load_factor=0.8 ops_per_s=1.675385e+07 p50=0ns p95=0ns p99=0ns
CONFIG filter=xor dist=uniform n=1000000 target_fpr=0.01 neg_share=0.5 workload=balanced threads=1 load_factor=0.80 fp_bits=16 ops=1500000 warmup_ops=150000 rep=1
run=1 filter=xor dist=uniform n=1000000 target_fpr=0.01 fp_bits=16 achieved_fpr=1.4e-05 bpe=33.5544 workload=balanced neg_share=0.5 threads=1 load_factor=0.8 ops_per_s=1.615059e+07 p50=0ns p95=0ns p99=0ns
CONFIG filter=xor dist=uniform n=1000000 target_fpr=0.01 neg_share=0.5 workload=balanced threads=1 load_factor=0.80 fp_bits=16 ops=1500000 warmup_ops=150000 rep=2
run=2 filter=xor dist=uniform n=1000000 target_fpr=0.01 fp_bits=16 achieved_fpr=1.4e-05 bpe=33.5544 workload=balanced neg_share=0.5 threads=1 load_factor=0.8 ops_per_s=1.546559e+07 p50=0ns p95=0ns p99=0ns
CONFIG filter=cuckoo dist=uniform n=1000000 target_fpr=0.01 neg_share=0.5 workload=balanced threads=1 load_factor=0.80 fp_bits=8 ops=1500000 warmup_ops=150000 rep=0
run=0 filter=cuckoo dist=uniform n=1000000 target_fpr=0.01 fp_bits=8 achieved_fpr=0.014732 bpe=28.6579 workload=balanced neg_share=0.5 threads=1 load_factor=0.8 ops_per_s=1.027808e+07 p50=0ns p95=0ns p99=0ns fail_rate=0.000000 avg_kicks=0.249484 stash_hits=1110
CONFIG filter=cuckoo dist=uniform n=1000000 target_fpr=0.01 neg_share=0.5 workload=balanced threads=1 load_factor=0.80 fp_bits=8 ops=1500000 warmup_ops=150000 rep=1
run=1 filter=cuckoo dist=uniform n=1000000 target_fpr=0.01 fp_bits=8 achieved_fpr=0.014732 bpe=28.6579 workload=balanced neg_share=0.5 threads=1 load_factor=0.8 ops_per_s=1.038201e+07 p50=0ns p95=0ns p99=0ns fail_rate=0.000000 avg_kicks=0.249484 stash_hits=1110
CONFIG filter=cuckoo dist=uniform n=1000000 target_fpr=0.01 neg_share=0.5 workload=balanced threads=1 load_factor=0.80 fp_bits=8 ops=1500000 warmup_ops=150000 rep=2
run=2 filter=cuckoo dist=uniform n=1000000 target_fpr=0.01 fp_bits=8 achieved_fpr=0.014732 bpe=28.6579 workload=balanced neg_share=0.5 threads=1 load_factor=0.8 ops_per_s=1.060756e+07 p50=0ns p95=0ns p99=0ns fail_rate=0.000000 avg_kicks=0.249484 stash_hits=1110
CONFIG filter=cuckoo dist=uniform n=1000000 target_fpr=0.01 neg_share=0.5 workload=balanced threads=1 load_factor=0.80 fp_bits=12 ops=1500000 warmup_ops=150000 rep=0
run=0 filter=cuckoo dist=uniform n=1000000 target_fpr=0.01 fp_bits=12 achieved_fpr=0.000977 bpe=28.6306 workload=balanced neg_share=0.5 threads=1 load_factor=0.8 ops_per_s=1.005159e+07 p50=0ns p95=0ns p99=0ns fail_rate=0.000016 avg_kicks=0.248741 stash_hits=1009
CONFIG filter=cuckoo dist=uniform n=1000000 target_fpr=0.01 neg_share=0.5 workload=balanced threads=1 load_factor=0.80 fp_bits=12 ops=1500000 warmup_ops=150000 rep=1
run=1 filter=cuckoo dist=uniform n=1000000 target_fpr=0.01 fp_bits=12 achieved_fpr=0.000977 bpe=28.6306 workload=balanced neg_share=0.5 threads=1 load_factor=0.8 ops_per_s=9.539463e+06 p50=0ns p95=0ns p99=0ns fail_rate=0.000016 avg_kicks=0.248741 stash_hits=1009
CONFIG filter=cuckoo dist=uniform n=1000000 target_fpr=0.01 neg_share=0.5 workload=balanced threads=1 load_factor=0.80 fp_bits=12 ops=1500000 warmup_ops=150000 rep=2
run=2 filter=cuckoo dist=uniform n=1000000 target_fpr=0.01 fp_bits=12 achieved_fpr=0.000977 bpe=28.6306 workload=balanced neg_share=0.5 threads=1 load_factor=0.8 ops_per_s=1.013627e+07 p50=0ns p95=0ns p99=0ns fail_rate=0.000016 avg_kicks=0.248741 stash_hits=1009
CONFIG filter=cuckoo dist=uniform n=1000000 target_fpr=0.01 neg_share=0.5 workload=balanced threads=1 load_factor=0.80 fp_bits=16 ops=1500000 warmup_ops=150000 rep=0
run=0 filter=cuckoo dist=uniform n=1000000 target_fpr=0.01 fp_bits=16 achieved_fpr=4.5e-05 bpe=28.6292 workload=balanced neg_share=0.5 threads=1 load_factor=0.8 ops_per_s=9.886300e+06 p50=0ns p95=0ns p99=0ns fail_rate=0.000212 avg_kicks=0.248097 stash_hits=99
CONFIG filter=cuckoo dist=uniform n=1000000 target_fpr=0.01 neg_share=0.5 workload=balanced threads=1 load_factor=0.80 fp_bits=16 ops=1500000 warmup_ops=150000 rep=1
run=1 filter=cuckoo dist=uniform n=1000000 target_fpr=0.01 fp_bits=16 achieved_fpr=4.5e-05 bpe=28.6292 workload=balanced neg_share=0.5 threads=1 load_factor=0.8 ops_per_s=1.003199e+07 p50=0ns p95=0ns p99=0ns fail_rate=0.000212 avg_kicks=0.248097 stash_hits=99
CONFIG filter=cuckoo dist=uniform n=1000000 target_fpr=0.01 neg_share=0.5 workload=balanced threads=1 load_factor=0.80 fp_bits=16 ops=1500000 warmup_ops=150000 rep=2
run=2 filter=cuckoo dist=uniform n=1000000 target_fpr=0.01 fp_bits=16 achieved_fpr=4.5e-05 bpe=28.6292 workload=balanced neg_share=0.5 threads=1 load_factor=0.8 ops_per_s=9.925122e+06 p50=0ns p95=0ns p99=0ns fail_rate=0.000212 avg_kicks=0.248097 stash_hits=99
CONFIG filter=quotient dist=uniform n=1000000 target_fpr=0.01 neg_share=0.5 workload=balanced threads=1 load_factor=0.80 fp_bits=12 ops=1500000 warmup_ops=150000 rep=0
run=0 filter=quotient dist=uniform n=1000000 target_fpr=0.01 fp_bits=12 achieved_fpr=0.001834 bpe=49.6563 workload=balanced neg_share=0.5 threads=1 load_factor=0.8 ops_per_s=7.585259e+06 p50=0ns p95=0ns p99=0ns avg_probe=1.249501 cluster_mean=2.407121 cluster_p99=12.000000
CONFIG filter=quotient dist=uniform n=1000000 target_fpr=0.01 neg_share=0.5 workload=balanced threads=1 load_factor=0.80 fp_bits=12 ops=1500000 warmup_ops=150000 rep=1
run=1 filter=quotient dist=uniform n=1000000 target_fpr=0.01 fp_bits=12 achieved_fpr=0.001834 bpe=49.6563 workload=balanced neg_share=0.5 threads=1 load_factor=0.8 ops_per_s=7.449890e+06 p50=0ns p95=0ns p99=0ns avg_probe=1.249501 cluster_mean=2.407121 cluster_p99=12.000000
CONFIG filter=quotient dist=uniform n=1000000 target_fpr=0.01 neg_share=0.5 workload=balanced threads=1 load_factor=0.80 fp_bits=12 ops=1500000 warmup_ops=150000 rep=2
run=2 filter=quotient dist=uniform n=1000000 target_fpr=0.01 fp_bits=12 achieved_fpr=0.001834 bpe=49.6563 workload=balanced neg_share=0.5 threads=1 load_factor=0.8 ops_per_s=7.249053e+06 p50=0ns p95=0ns p99=0ns avg_probe=1.249501 cluster_mean=2.407121 cluster_p99=12.000000
CONFIG filter=bloom dist=uniform n=1000000 target_fpr=0.01 neg_share=0.5 workload=balanced threads=2 load_factor=0.80 fp_bits=12 ops=1500000 warmup_ops=150000 rep=0
run=0 filter=bloom dist=uniform n=1000000 target_fpr=0.01 fp_bits=12 achieved_fpr=0.035445 bpe=16.7772 workload=balanced neg_share=0.5 threads=2 load_factor=0.8 ops_per_s=2.311304e+07 p50=0ns p95=0ns p99=0ns
CONFIG filter=bloom dist=uniform n=1000000 target_fpr=0.01 neg_share=0.5 workload=balanced threads=2 load_factor=0.80 fp_bits=12 ops=1500000 warmup_ops=150000 rep=1
run=1 filter=bloom dist=uniform n=1000000 target_fpr=0.01 fp_bits=12 achieved_fpr=0.035445 bpe=16.7772 workload=balanced neg_share=0.5 threads=2 load_factor=0.8 ops_per_s=2.466460e+07 p50=0ns p95=0ns p99=0ns
CONFIG filter=bloom dist=uniform n=1000000 target_fpr=0.01 neg_share=0.5 workload=balanced threads=2 load_factor=0.80 fp_bits=12 ops=1500000 warmup_ops=150000 rep=2
run=2 filter=bloom dist=uniform n=1000000 target_fpr=0.01 fp_bits=12 achieved_fpr=0.035445 bpe=16.7772 workload=balanced neg_share=0.5 threads=2 load_factor=0.8 ops_per_s=2.250078e+07 p50=0ns p95=0ns p99=0ns
CONFIG filter=xor dist=uniform n=1000000 target_fpr=0.01 neg_share=0.5 workload=balanced threads=2 load_factor=0.80 fp_bits=8 ops=1500000 warmup_ops=150000 rep=0
run=0 filter=xor dist=uniform n=1000000 target_fpr=0.01 fp_bits=8 achieved_fpr=0.003436 bpe=33.5544 workload=balanced neg_share=0.5 threads=2 load_factor=0.8 ops_per_s=2.171230e+07 p50=0ns p95=0ns p99=0ns
CONFIG filter=xor dist=uniform n=1000000 target_fpr=0.01 neg_share=0.5 workload=balanced threads=2 load_factor=0.80 fp_bits=8 ops=1500000 warmup_ops=150000 rep=1
run=1 filter=xor dist=uniform n=1000000 target_fpr=0.01 fp_bits=8 achieved_fpr=0.003436 bpe=33.5544 workload=balanced neg_share=0.5 threads=2 load_factor=0.8 ops_per_s=1.877109e+07 p50=0ns p95=0ns p99=0ns
CONFIG filter=xor dist=uniform n=1000000 target_fpr=0.01 neg_share=0.5 workload=balanced threads=2 load_factor=0.80 fp_bits=8 ops=1500000 warmup_ops=150000 rep=2
run=2 filter=xor dist=uniform n=1000000 target_fpr=0.01 fp_bits=8 achieved_fpr=0.003436 bpe=33.5544 workload=balanced neg_share=0.5 threads=2 load_factor=0.8 ops_per_s=1.619001e+07 p50=0ns p95=0ns p99=0ns
CONFIG filter=xor dist=uniform n=1000000 target_fpr=0.01 neg_share=0.5 workload=balanced threads=2 load_factor=0.80 fp_bits=12 ops=1500000 warmup_ops=150000 rep=0
run=0 filter=xor dist=uniform n=1000000 target_fpr=0.01 fp_bits=12 achieved_fpr=0.000222 bpe=33.5544 workload=balanced neg_share=0.5 threads=2 load_factor=0.8 ops_per_s=2.134150e+07 p50=0ns p95=0ns p99=0ns
CONFIG filter=xor dist=uniform n=1000000 target_fpr=0.01 neg_share=0.5 workload=balanced threads=2 load_factor=0.80 fp_bits=12 ops=1500000 warmup_ops=150000 rep=1
run=1 filter=xor dist=uniform n=1000000 target_fpr=0.01 fp_bits=12 achieved_fpr=0.000222 bpe=33.5544 workload=balanced neg_share=0.5 threads=2 load_factor=0.8 ops_per_s=1.639048e+07 p50=0ns p95=0ns p99=0ns
CONFIG filter=xor dist=uniform n=1000000 target_fpr=0.01 neg_share=0.5 workload=balanced threads=2 load_factor=0.80 fp_bits=12 ops=1500000 warmup_ops=150000 rep=2
run=2 filter=xor dist=uniform n=1000000 target_fpr=0.01 fp_bits=12 achieved_fpr=0.000222 bpe=33.5544 workload=balanced neg_share=0.5 threads=2 load_factor=0.8 ops_per_s=2.018463e+07 p50=0ns p95=0ns p99=0ns
CONFIG filter=xor dist=uniform n=1000000 target_fpr=0.01 neg_share=0.5 workload=balanced threads=2 load_factor=0.80 fp_bits=16 ops=1500000 warmup_ops=150000 rep=0
run=0 filter=xor dist=uniform n=1000000 target_fpr=0.01 fp_bits=16 achieved_fpr=1.4e-05 bpe=33.5544 workload=balanced neg_share=0.5 threads=2 load_factor=0.8 ops_per_s=2.162836e+07 p50=0ns p95=0ns p99=0ns
CONFIG filter=xor dist=uniform n=1000000 target_fpr=0.01 neg_share=0.5 workload=balanced threads=2 load_factor=0.80 fp_bits=16 ops=1500000 warmup_ops=150000 rep=1
run=1 filter=xor dist=uniform n=1000000 target_fpr=0.01 fp_bits=16 achieved_fpr=1.4e-05 bpe=33.5544 workload=balanced neg_share=0.5 threads=2 load_factor=0.8 ops_per_s=2.242305e+07 p50=0ns p95=0ns p99=0ns
CONFIG filter=xor dist=uniform n=1000000 target_fpr=0.01 neg_share=0.5 workload=balanced threads=2 load_factor=0.80 fp_bits=16 ops=1500000 warmup_ops=150000 rep=2
run=2 filter=xor dist=uniform n=1000000 target_fpr=0.01 fp_bits=16 achieved_fpr=1.4e-05 bpe=33.5544 workload=balanced neg_share=0.5 threads=2 load_factor=0.8 ops_per_s=1.943834e+07 p50=0ns p95=0ns p99=0ns
CONFIG filter=cuckoo dist=uniform n=1000000 target_fpr=0.01 neg_share=0.5 workload=balanced threads=2 load_factor=0.80 fp_bits=8 ops=1500000 warmup_ops=150000 rep=0
run=0 filter=cuckoo dist=uniform n=1000000 target_fpr=0.01 fp_bits=8 achieved_fpr=0.014732 bpe=28.6598 workload=balanced neg_share=0.5 threads=2 load_factor=0.8 ops_per_s=5.690225e+06 p50=0ns p95=0ns p99=0ns fail_rate=0.000000 avg_kicks=0.264746 stash_hits=1352
CONFIG filter=cuckoo dist=uniform n=1000000 target_fpr=0.01 neg_share=0.5 workload=balanced threads=2 load_factor=0.80 fp_bits=8 ops=1500000 warmup_ops=150000 rep=1
run=1 filter=cuckoo dist=uniform n=1000000 target_fpr=0.01 fp_bits=8 achieved_fpr=0.014732 bpe=28.66 workload=balanced neg_share=0.5 threads=2 load_factor=0.8 ops_per_s=5.442786e+06 p50=0ns p95=0ns p99=0ns fail_rate=0.000000 avg_kicks=0.265438 stash_hits=1329
CONFIG filter=cuckoo dist=uniform n=1000000 target_fpr=0.01 neg_share=0.5 workload=balanced threads=2 load_factor=0.80 fp_bits=8 ops=1500000 warmup_ops=150000 rep=2
run=2 filter=cuckoo dist=uniform n=1000000 target_fpr=0.01 fp_bits=8 achieved_fpr=0.014732 bpe=28.66 workload=balanced neg_share=0.5 threads=2 load_factor=0.8 ops_per_s=5.262544e+06 p50=0ns p95=0ns p99=0ns fail_rate=0.000000 avg_kicks=0.265259 stash_hits=1363
CONFIG filter=cuckoo dist=uniform n=1000000 target_fpr=0.01 neg_share=0.5 workload=balanced threads=2 load_factor=0.80 fp_bits=12 ops=1500000 warmup_ops=150000 rep=0
run=0 filter=cuckoo dist=uniform n=1000000 target_fpr=0.01 fp_bits=12 achieved_fpr=0.000977 bpe=28.632 workload=balanced neg_share=0.5 threads=2 load_factor=0.8 ops_per_s=4.917698e+06 p50=0ns p95=0ns p99=0ns fail_rate=0.000029 avg_kicks=0.261511 stash_hits=1123
CONFIG filter=cuckoo dist=uniform n=1000000 target_fpr=0.01 neg_share=0.5 workload=balanced threads=2 load_factor=0.80 fp_bits=12 ops=1500000 warmup_ops=150000 rep=1
run=1 filter=cuckoo dist=uniform n=1000000 target_fpr=0.01 fp_bits=12 achieved_fpr=0.000977 bpe=28.6322 workload=balanced neg_share=0.5 threads=2 load_factor=0.8 ops_per_s=5.379345e+06 p50=0ns p95=0ns p99=0ns fail_rate=0.000030 avg_kicks=0.261404 stash_hits=1105
CONFIG filter=cuckoo dist=uniform n=1000000 target_fpr=0.01 neg_share=0.5 workload=balanced threads=2 load_factor=0.80 fp_bits=12 ops=1500000 warmup_ops=150000 rep=2
run=2 filter=cuckoo dist=uniform n=1000000 target_fpr=0.01 fp_bits=12 achieved_fpr=0.000977 bpe=28.6325 workload=balanced neg_share=0.5 threads=2 load_factor=0.8 ops_per_s=5.492748e+06 p50=0ns p95=0ns p99=0ns fail_rate=0.000029 avg_kicks=0.260540 stash_hits=1111
CONFIG filter=cuckoo dist=uniform n=1000000 target_fpr=0.01 neg_share=0.5 workload=balanced threads=2 load_factor=0.80 fp_bits=16 ops=1500000 warmup_ops=150000 rep=0
run=0 filter=cuckoo dist=uniform n=1000000 target_fpr=0.01 fp_bits=16 achieved_fpr=4.5e-05 bpe=28.6309 workload=balanced neg_share=0.5 threads=2 load_factor=0.8 ops_per_s=5.419488e+06 p50=0ns p95=0ns p99=0ns fail_rate=0.000223 avg_kicks=0.254883 stash_hits=115
CONFIG filter=cuckoo dist=uniform n=1000000 target_fpr=0.01 neg_share=0.5 workload=balanced threads=2 load_factor=0.80 fp_bits=16 ops=1500000 warmup_ops=150000 rep=1
run=1 filter=cuckoo dist=uniform n=1000000 target_fpr=0.01 fp_bits=16 achieved_fpr=4.5e-05 bpe=28.6307 workload=balanced neg_share=0.5 threads=2 load_factor=0.8 ops_per_s=5.363208e+06 p50=0ns p95=0ns p99=0ns fail_rate=0.000223 avg_kicks=0.254912 stash_hits=115
CONFIG filter=cuckoo dist=uniform n=1000000 target_fpr=0.01 neg_share=0.5 workload=balanced threads=2 load_factor=0.80 fp_bits=16 ops=1500000 warmup_ops=150000 rep=2
run=2 filter=cuckoo dist=uniform n=1000000 target_fpr=0.01 fp_bits=16 achieved_fpr=4.5e-05 bpe=28.6309 workload=balanced neg_share=0.5 threads=2 load_factor=0.8 ops_per_s=5.576110e+06 p50=0ns p95=0ns p99=0ns fail_rate=0.000223 avg_kicks=0.254534 stash_hits=112
CONFIG filter=quotient dist=uniform n=1000000 target_fpr=0.01 neg_share=0.5 workload=balanced threads=2 load_factor=0.80 fp_bits=12 ops=1500000 warmup_ops=150000 rep=0
run=0 filter=quotient dist=uniform n=1000000 target_fpr=0.01 fp_bits=12 achieved_fpr=0.001834 bpe=49.6531 workload=balanced neg_share=0.5 threads=2 load_factor=0.8 ops_per_s=1.885739e+06 p50=0ns p95=0ns p99=0ns avg_probe=1.249486 cluster_mean=2.407121 cluster_p99=12.000000
CONFIG filter=quotient dist=uniform n=1000000 target_fpr=0.01 neg_share=0.5 workload=balanced threads=2 load_factor=0.80 fp_bits=12 ops=1500000 warmup_ops=150000 rep=1
run=1 filter=quotient dist=uniform n=1000000 target_fpr=0.01 fp_bits=12 achieved_fpr=0.001834 bpe=49.6531 workload=balanced neg_share=0.5 threads=2 load_factor=0.8 ops_per_s=1.878704e+06 p50=0ns p95=0ns p99=0ns avg_probe=1.249493 cluster_mean=2.407121 cluster_p99=12.000000
CONFIG filter=quotient dist=uniform n=1000000 target_fpr=0.01 neg_share=0.5 workload=balanced threads=2 load_factor=0.80 fp_bits=12 ops=1500000 warmup_ops=150000 rep=2
run=2 filter=quotient dist=uniform n=1000000 target_fpr=0.01 fp_bits=12 achieved_fpr=0.001834 bpe=49.6529 workload=balanced neg_share=0.5 threads=2 load_factor=0.8 ops_per_s=1.854771e+06 p50=0ns p95=0ns p99=0ns avg_probe=1.249495 cluster_mean=2.407121 cluster_p99=12.000000
CONFIG filter=bloom dist=uniform n=1000000 target_fpr=0.01 neg_share=0.5 workload=balanced threads=4 load_factor=0.80 fp_bits=12 ops=1500000 warmup_ops=150000 rep=0
run=0 filter=bloom dist=uniform n=1000000 target_fpr=0.01 fp_bits=12 achieved_fpr=0.035445 bpe=16.7772 workload=balanced neg_share=0.5 threads=4 load_factor=0.8 ops_per_s=5.274561e+07 p50=0ns p95=0ns p99=0ns
CONFIG filter=bloom dist=uniform n=1000000 target_fpr=0.01 neg_share=0.5 workload=balanced threads=4 load_factor=0.80 fp_bits=12 ops=1500000 warmup_ops=150000 rep=1
run=1 filter=bloom dist=uniform n=1000000 target_fpr=0.01 fp_bits=12 achieved_fpr=0.035445 bpe=16.7772 workload=balanced neg_share=0.5 threads=4 load_factor=0.8 ops_per_s=5.000504e+07 p50=0ns p95=0ns p99=0ns
CONFIG filter=bloom dist=uniform n=1000000 target_fpr=0.01 neg_share=0.5 workload=balanced threads=4 load_factor=0.80 fp_bits=12 ops=1500000 warmup_ops=150000 rep=2
run=2 filter=bloom dist=uniform n=1000000 target_fpr=0.01 fp_bits=12 achieved_fpr=0.035445 bpe=16.7772 workload=balanced neg_share=0.5 threads=4 load_factor=0.8 ops_per_s=5.094065e+07 p50=0ns p95=0ns p99=0ns
CONFIG filter=xor dist=uniform n=1000000 target_fpr=0.01 neg_share=0.5 workload=balanced threads=4 load_factor=0.80 fp_bits=8 ops=1500000 warmup_ops=150000 rep=0
run=0 filter=xor dist=uniform n=1000000 target_fpr=0.01 fp_bits=8 achieved_fpr=0.003436 bpe=33.5544 workload=balanced neg_share=0.5 threads=4 load_factor=0.8 ops_per_s=4.162058e+07 p50=0ns p95=0ns p99=0ns
CONFIG filter=xor dist=uniform n=1000000 target_fpr=0.01 neg_share=0.5 workload=balanced threads=4 load_factor=0.80 fp_bits=8 ops=1500000 warmup_ops=150000 rep=1
run=1 filter=xor dist=uniform n=1000000 target_fpr=0.01 fp_bits=8 achieved_fpr=0.003436 bpe=33.5544 workload=balanced neg_share=0.5 threads=4 load_factor=0.8 ops_per_s=4.755929e+07 p50=0ns p95=0ns p99=0ns
CONFIG filter=xor dist=uniform n=1000000 target_fpr=0.01 neg_share=0.5 workload=balanced threads=4 load_factor=0.80 fp_bits=8 ops=1500000 warmup_ops=150000 rep=2
run=2 filter=xor dist=uniform n=1000000 target_fpr=0.01 fp_bits=8 achieved_fpr=0.003436 bpe=33.5544 workload=balanced neg_share=0.5 threads=4 load_factor=0.8 ops_per_s=4.361459e+07 p50=0ns p95=0ns p99=0ns
CONFIG filter=xor dist=uniform n=1000000 target_fpr=0.01 neg_share=0.5 workload=balanced threads=4 load_factor=0.80 fp_bits=12 ops=1500000 warmup_ops=150000 rep=0
run=0 filter=xor dist=uniform n=1000000 target_fpr=0.01 fp_bits=12 achieved_fpr=0.000222 bpe=33.5544 workload=balanced neg_share=0.5 threads=4 load_factor=0.8 ops_per_s=4.620696e+07 p50=0ns p95=0ns p99=0ns
CONFIG filter=xor dist=uniform n=1000000 target_fpr=0.01 neg_share=0.5 workload=balanced threads=4 load_factor=0.80 fp_bits=12 ops=1500000 warmup_ops=150000 rep=1
run=1 filter=xor dist=uniform n=1000000 target_fpr=0.01 fp_bits=12 achieved_fpr=0.000222 bpe=33.5544 workload=balanced neg_share=0.5 threads=4 load_factor=0.8 ops_per_s=4.647016e+07 p50=0ns p95=0ns p99=0ns
CONFIG filter=xor dist=uniform n=1000000 target_fpr=0.01 neg_share=0.5 workload=balanced threads=4 load_factor=0.80 fp_bits=12 ops=1500000 warmup_ops=150000 rep=2
run=2 filter=xor dist=uniform n=1000000 target_fpr=0.01 fp_bits=12 achieved_fpr=0.000222 bpe=33.5544 workload=balanced neg_share=0.5 threads=4 load_factor=0.8 ops_per_s=4.130450e+07 p50=0ns p95=0ns p99=0ns
CONFIG filter=xor dist=uniform n=1000000 target_fpr=0.01 neg_share=0.5 workload=balanced threads=4 load_factor=0.80 fp_bits=16 ops=1500000 warmup_ops=150000 rep=0
run=0 filter=xor dist=uniform n=1000000 target_fpr=0.01 fp_bits=16 achieved_fpr=1.4e-05 bpe=33.5544 workload=balanced neg_share=0.5 threads=4 load_factor=0.8 ops_per_s=4.056828e+07 p50=0ns p95=0ns p99=0ns
CONFIG filter=xor dist=uniform n=1000000 target_fpr=0.01 neg_share=0.5 workload=balanced threads=4 load_factor=0.80 fp_bits=16 ops=1500000 warmup_ops=150000 rep=1
run=1 filter=xor dist=uniform n=1000000 target_fpr=0.01 fp_bits=16 achieved_fpr=1.4e-05 bpe=33.5544 workload=balanced neg_share=0.5 threads=4 load_factor=0.8 ops_per_s=4.108043e+07 p50=0ns p95=0ns p99=0ns
CONFIG filter=xor dist=uniform n=1000000 target_fpr=0.01 neg_share=0.5 workload=balanced threads=4 load_factor=0.80 fp_bits=16 ops=1500000 warmup_ops=150000 rep=2
run=2 filter=xor dist=uniform n=1000000 target_fpr=0.01 fp_bits=16 achieved_fpr=1.4e-05 bpe=33.5544 workload=balanced neg_share=0.5 threads=4 load_factor=0.8 ops_per_s=4.293989e+07 p50=0ns p95=0ns p99=0ns
CONFIG filter=cuckoo dist=uniform n=1000000 target_fpr=0.01 neg_share=0.5 workload=balanced threads=4 load_factor=0.80 fp_bits=8 ops=1500000 warmup_ops=150000 rep=0
run=0 filter=cuckoo dist=uniform n=1000000 target_fpr=0.01 fp_bits=8 achieved_fpr=0.014732 bpe=28.661 workload=balanced neg_share=0.5 threads=4 load_factor=0.8 ops_per_s=2.254873e+06 p50=0ns p95=0ns p99=0ns fail_rate=0.000000 avg_kicks=0.287780 stash_hits=1558
CONFIG filter=cuckoo dist=uniform n=1000000 target_fpr=0.01 neg_share=0.5 workload=balanced threads=4 load_factor=0.80 fp_bits=8 ops=1500000 warmup_ops=150000 rep=1
run=1 filter=cuckoo dist=uniform n=1000000 target_fpr=0.01 fp_bits=8 achieved_fpr=0.014732 bpe=28.6611 workload=balanced neg_share=0.5 threads=4 load_factor=0.8 ops_per_s=2.296083e+06 p50=0ns p95=0ns p99=0ns fail_rate=0.000000 avg_kicks=0.287291 stash_hits=1495
CONFIG filter=cuckoo dist=uniform n=1000000 target_fpr=0.01 neg_share=0.5 workload=balanced threads=4 load_factor=0.80 fp_bits=8 ops=1500000 warmup_ops=150000 rep=2
run=2 filter=cuckoo dist=uniform n=1000000 target_fpr=0.01 fp_bits=8 achieved_fpr=0.014732 bpe=28.6606 workload=balanced neg_share=0.5 threads=4 load_factor=0.8 ops_per_s=2.177879e+06 p50=0ns p95=0ns p99=0ns fail_rate=0.000000 avg_kicks=0.287517 stash_hits=1407
CONFIG filter=cuckoo dist=uniform n=1000000 target_fpr=0.01 neg_share=0.5 workload=balanced threads=4 load_factor=0.80 fp_bits=12 ops=1500000 warmup_ops=150000 rep=0
run=0 filter=cuckoo dist=uniform n=1000000 target_fpr=0.01 fp_bits=12 achieved_fpr=0.000977 bpe=28.6326 workload=balanced neg_share=0.5 threads=4 load_factor=0.8 ops_per_s=2.224225e+06 p50=0ns p95=0ns p99=0ns fail_rate=0.000024 avg_kicks=0.276709 stash_hits=1194
CONFIG filter=cuckoo dist=uniform n=1000000 target_fpr=0.01 neg_share=0.5 workload=balanced threads=4 load_factor=0.80 fp_bits=12 ops=1500000 warmup_ops=150000 rep=1
run=1 filter=cuckoo dist=uniform n=1000000 target_fpr=0.01 fp_bits=12 achieved_fpr=0.000977 bpe=28.6329 workload=balanced neg_share=0.5 threads=4 load_factor=0.8 ops_per_s=2.272247e+06 p50=0ns p95=0ns p99=0ns fail_rate=0.000021 avg_kicks=0.277292 stash_hits=1140
CONFIG filter=cuckoo dist=uniform n=1000000 target_fpr=0.01 neg_share=0.5 workload=balanced threads=4 load_factor=0.80 fp_bits=12 ops=1500000 warmup_ops=150000 rep=2
run=2 filter=cuckoo dist=uniform n=1000000 target_fpr=0.01 fp_bits=12 achieved_fpr=0.000977 bpe=28.6325 workload=balanced neg_share=0.5 threads=4 load_factor=0.8 ops_per_s=2.335397e+06 p50=0ns p95=0ns p99=0ns fail_rate=0.000031 avg_kicks=0.278677 stash_hits=1120
CONFIG filter=cuckoo dist=uniform n=1000000 target_fpr=0.01 neg_share=0.5 workload=balanced threads=4 load_factor=0.80 fp_bits=16 ops=1500000 warmup_ops=150000 rep=0
run=0 filter=cuckoo dist=uniform n=1000000 target_fpr=0.01 fp_bits=16 achieved_fpr=4.5e-05 bpe=28.6332 workload=balanced neg_share=0.5 threads=4 load_factor=0.8 ops_per_s=2.174620e+06 p50=0ns p95=0ns p99=0ns fail_rate=0.000286 avg_kicks=0.292989 stash_hits=104
CONFIG filter=cuckoo dist=uniform n=1000000 target_fpr=0.01 neg_share=0.5 workload=balanced threads=4 load_factor=0.80 fp_bits=16 ops=1500000 warmup_ops=150000 rep=1
run=1 filter=cuckoo dist=uniform n=1000000 target_fpr=0.01 fp_bits=16 achieved_fpr=4.5e-05 bpe=28.6313 workload=balanced neg_share=0.5 threads=4 load_factor=0.8 ops_per_s=2.244914e+06 p50=0ns p95=0ns p99=0ns fail_rate=0.000276 avg_kicks=0.288129 stash_hits=106
CONFIG filter=cuckoo dist=uniform n=1000000 target_fpr=0.01 neg_share=0.5 workload=balanced threads=4 load_factor=0.80 fp_bits=16 ops=1500000 warmup_ops=150000 rep=2
run=2 filter=cuckoo dist=uniform n=1000000 target_fpr=0.01 fp_bits=16 achieved_fpr=4.5e-05 bpe=28.6334 workload=balanced neg_share=0.5 threads=4 load_factor=0.8 ops_per_s=2.156696e+06 p50=0ns p95=0ns p99=0ns fail_rate=0.000276 avg_kicks=0.291210 stash_hits=103
CONFIG filter=quotient dist=uniform n=1000000 target_fpr=0.01 neg_share=0.5 workload=balanced threads=4 load_factor=0.80 fp_bits=12 ops=1500000 warmup_ops=150000 rep=0
run=0 filter=quotient dist=uniform n=1000000 target_fpr=0.01 fp_bits=12 achieved_fpr=0.001834 bpe=49.6617 workload=balanced neg_share=0.5 threads=4 load_factor=0.8 ops_per_s=1.598780e+06 p50=0ns p95=0ns p99=0ns avg_probe=1.249080 cluster_mean=2.407121 cluster_p99=12.000000
CONFIG filter=quotient dist=uniform n=1000000 target_fpr=0.01 neg_share=0.5 workload=balanced threads=4 load_factor=0.80 fp_bits=12 ops=1500000 warmup_ops=150000 rep=1
run=1 filter=quotient dist=uniform n=1000000 target_fpr=0.01 fp_bits=12 achieved_fpr=0.001834 bpe=49.6615 workload=balanced neg_share=0.5 threads=4 load_factor=0.8 ops_per_s=1.619599e+06 p50=0ns p95=0ns p99=0ns avg_probe=1.249102 cluster_mean=2.407121 cluster_p99=12.000000
CONFIG filter=quotient dist=uniform n=1000000 target_fpr=0.01 neg_share=0.5 workload=balanced threads=4 load_factor=0.80 fp_bits=12 ops=1500000 warmup_ops=150000 rep=2
run=2 filter=quotient dist=uniform n=1000000 target_fpr=0.01 fp_bits=12 achieved_fpr=0.001834 bpe=49.6596 workload=balanced neg_share=0.5 threads=4 load_factor=0.8 ops_per_s=1.634938e+06 p50=0ns p95=0ns p99=0ns avg_probe=1.249022 cluster_mean=2.407121 cluster_p99=12.000000
CONFIG filter=bloom dist=uniform n=1000000 target_fpr=0.01 neg_share=0.5 workload=balanced threads=8 load_factor=0.80 fp_bits=12 ops=1500000 warmup_ops=150000 rep=0
run=0 filter=bloom dist=uniform n=1000000 target_fpr=0.01 fp_bits=12 achieved_fpr=0.035445 bpe=16.7772 workload=balanced neg_share=0.5 threads=8 load_factor=0.8 ops_per_s=9.413121e+07 p50=0ns p95=0ns p99=0ns
CONFIG filter=bloom dist=uniform n=1000000 target_fpr=0.01 neg_share=0.5 workload=balanced threads=8 load_factor=0.80 fp_bits=12 ops=1500000 warmup_ops=150000 rep=1
run=1 filter=bloom dist=uniform n=1000000 target_fpr=0.01 fp_bits=12 achieved_fpr=0.035445 bpe=16.7772 workload=balanced neg_share=0.5 threads=8 load_factor=0.8 ops_per_s=8.892927e+07 p50=0ns p95=0ns p99=0ns
CONFIG filter=bloom dist=uniform n=1000000 target_fpr=0.01 neg_share=0.5 workload=balanced threads=8 load_factor=0.80 fp_bits=12 ops=1500000 warmup_ops=150000 rep=2
run=2 filter=bloom dist=uniform n=1000000 target_fpr=0.01 fp_bits=12 achieved_fpr=0.035445 bpe=16.7772 workload=balanced neg_share=0.5 threads=8 load_factor=0.8 ops_per_s=8.988049e+07 p50=0ns p95=0ns p99=0ns
CONFIG filter=xor dist=uniform n=1000000 target_fpr=0.01 neg_share=0.5 workload=balanced threads=8 load_factor=0.80 fp_bits=8 ops=1500000 warmup_ops=150000 rep=0
run=0 filter=xor dist=uniform n=1000000 target_fpr=0.01 fp_bits=8 achieved_fpr=0.003436 bpe=33.5544 workload=balanced neg_share=0.5 threads=8 load_factor=0.8 ops_per_s=7.917992e+07 p50=0ns p95=0ns p99=0ns
CONFIG filter=xor dist=uniform n=1000000 target_fpr=0.01 neg_share=0.5 workload=balanced threads=8 load_factor=0.80 fp_bits=8 ops=1500000 warmup_ops=150000 rep=1
run=1 filter=xor dist=uniform n=1000000 target_fpr=0.01 fp_bits=8 achieved_fpr=0.003436 bpe=33.5544 workload=balanced neg_share=0.5 threads=8 load_factor=0.8 ops_per_s=8.467477e+07 p50=0ns p95=0ns p99=0ns
CONFIG filter=xor dist=uniform n=1000000 target_fpr=0.01 neg_share=0.5 workload=balanced threads=8 load_factor=0.80 fp_bits=8 ops=1500000 warmup_ops=150000 rep=2
run=2 filter=xor dist=uniform n=1000000 target_fpr=0.01 fp_bits=8 achieved_fpr=0.003436 bpe=33.5544 workload=balanced neg_share=0.5 threads=8 load_factor=0.8 ops_per_s=8.293643e+07 p50=0ns p95=0ns p99=0ns
CONFIG filter=xor dist=uniform n=1000000 target_fpr=0.01 neg_share=0.5 workload=balanced threads=8 load_factor=0.80 fp_bits=12 ops=1500000 warmup_ops=150000 rep=0
run=0 filter=xor dist=uniform n=1000000 target_fpr=0.01 fp_bits=12 achieved_fpr=0.000222 bpe=33.5544 workload=balanced neg_share=0.5 threads=8 load_factor=0.8 ops_per_s=7.862192e+07 p50=0ns p95=0ns p99=0ns
CONFIG filter=xor dist=uniform n=1000000 target_fpr=0.01 neg_share=0.5 workload=balanced threads=8 load_factor=0.80 fp_bits=12 ops=1500000 warmup_ops=150000 rep=1
run=1 filter=xor dist=uniform n=1000000 target_fpr=0.01 fp_bits=12 achieved_fpr=0.000222 bpe=33.5544 workload=balanced neg_share=0.5 threads=8 load_factor=0.8 ops_per_s=8.640881e+07 p50=0ns p95=0ns p99=0ns
CONFIG filter=xor dist=uniform n=1000000 target_fpr=0.01 neg_share=0.5 workload=balanced threads=8 load_factor=0.80 fp_bits=12 ops=1500000 warmup_ops=150000 rep=2
run=2 filter=xor dist=uniform n=1000000 target_fpr=0.01 fp_bits=12 achieved_fpr=0.000222 bpe=33.5544 workload=balanced neg_share=0.5 threads=8 load_factor=0.8 ops_per_s=7.845270e+07 p50=0ns p95=0ns p99=0ns
CONFIG filter=xor dist=uniform n=1000000 target_fpr=0.01 neg_share=0.5 workload=balanced threads=8 load_factor=0.80 fp_bits=16 ops=1500000 warmup_ops=150000 rep=0
run=0 filter=xor dist=uniform n=1000000 target_fpr=0.01 fp_bits=16 achieved_fpr=1.4e-05 bpe=33.5544 workload=balanced neg_share=0.5 threads=8 load_factor=0.8 ops_per_s=8.653143e+07 p50=0ns p95=0ns p99=0ns
CONFIG filter=xor dist=uniform n=1000000 target_fpr=0.01 neg_share=0.5 workload=balanced threads=8 load_factor=0.80 fp_bits=16 ops=1500000 warmup_ops=150000 rep=1
run=1 filter=xor dist=uniform n=1000000 target_fpr=0.01 fp_bits=16 achieved_fpr=1.4e-05 bpe=33.5544 workload=balanced neg_share=0.5 threads=8 load_factor=0.8 ops_per_s=1.008084e+08 p50=0ns p95=0ns p99=0ns
CONFIG filter=xor dist=uniform n=1000000 target_fpr=0.01 neg_share=0.5 workload=balanced threads=8 load_factor=0.80 fp_bits=16 ops=1500000 warmup_ops=150000 rep=2
run=2 filter=xor dist=uniform n=1000000 target_fpr=0.01 fp_bits=16 achieved_fpr=1.4e-05 bpe=33.5544 workload=balanced neg_share=0.5 threads=8 load_factor=0.8 ops_per_s=8.277616e+07 p50=0ns p95=0ns p99=0ns
CONFIG filter=cuckoo dist=uniform n=1000000 target_fpr=0.01 neg_share=0.5 workload=balanced threads=8 load_factor=0.80 fp_bits=8 ops=1500000 warmup_ops=150000 rep=0
run=0 filter=cuckoo dist=uniform n=1000000 target_fpr=0.01 fp_bits=8 achieved_fpr=0.014732 bpe=28.6839 workload=balanced neg_share=0.5 threads=8 load_factor=0.8 ops_per_s=2.015157e+06 p50=0ns p95=0ns p99=0ns fail_rate=0.000000 avg_kicks=0.287133 stash_hits=1331
CONFIG filter=cuckoo dist=uniform n=1000000 target_fpr=0.01 neg_share=0.5 workload=balanced threads=8 load_factor=0.80 fp_bits=8 ops=1500000 warmup_ops=150000 rep=1
run=1 filter=cuckoo dist=uniform n=1000000 target_fpr=0.01 fp_bits=8 achieved_fpr=0.014732 bpe=28.6852 workload=balanced neg_share=0.5 threads=8 load_factor=0.8 ops_per_s=1.927009e+06 p50=0ns p95=0ns p99=0ns fail_rate=0.000000 avg_kicks=0.288750 stash_hits=1440
CONFIG filter=cuckoo dist=uniform n=1000000 target_fpr=0.01 neg_share=0.5 workload=balanced threads=8 load_factor=0.80 fp_bits=8 ops=1500000 warmup_ops=150000 rep=2
run=2 filter=cuckoo dist=uniform n=1000000 target_fpr=0.01 fp_bits=8 achieved_fpr=0.014732 bpe=28.6845 workload=balanced neg_share=0.5 threads=8 load_factor=0.8 ops_per_s=1.891637e+06 p50=0ns p95=0ns p99=0ns fail_rate=0.000000 avg_kicks=0.290515 stash_hits=1490
CONFIG filter=cuckoo dist=uniform n=1000000 target_fpr=0.01 neg_share=0.5 workload=balanced threads=8 load_factor=0.80 fp_bits=12 ops=1500000 warmup_ops=150000 rep=0
run=0 filter=cuckoo dist=uniform n=1000000 target_fpr=0.01 fp_bits=12 achieved_fpr=0.000977 bpe=28.6592 workload=balanced neg_share=0.5 threads=8 load_factor=0.8 ops_per_s=1.919367e+06 p50=0ns p95=0ns p99=0ns fail_rate=0.000052 avg_kicks=0.287772 stash_hits=1206
CONFIG filter=cuckoo dist=uniform n=1000000 target_fpr=0.01 neg_share=0.5 workload=balanced threads=8 load_factor=0.80 fp_bits=12 ops=1500000 warmup_ops=150000 rep=1
run=1 filter=cuckoo dist=uniform n=1000000 target_fpr=0.01 fp_bits=12 achieved_fpr=0.000977 bpe=28.6556 workload=balanced neg_share=0.5 threads=8 load_factor=0.8 ops_per_s=1.847684e+06 p50=0ns p95=0ns p99=0ns fail_rate=0.000073 avg_kicks=0.287901 stash_hits=1233
CONFIG filter=cuckoo dist=uniform n=1000000 target_fpr=0.01 neg_share=0.5 workload=balanced threads=8 load_factor=0.80 fp_bits=12 ops=1500000 warmup_ops=150000 rep=2
run=2 filter=cuckoo dist=uniform n=1000000 target_fpr=0.01 fp_bits=12 achieved_fpr=0.000977 bpe=28.6575 workload=balanced neg_share=0.5 threads=8 load_factor=0.8 ops_per_s=1.855910e+06 p50=0ns p95=0ns p99=0ns fail_rate=0.000044 avg_kicks=0.283237 stash_hits=1217
CONFIG filter=cuckoo dist=uniform n=1000000 target_fpr=0.01 neg_share=0.5 workload=balanced threads=8 load_factor=0.80 fp_bits=16 ops=1500000 warmup_ops=150000 rep=0
run=0 filter=cuckoo dist=uniform n=1000000 target_fpr=0.01 fp_bits=16 achieved_fpr=4.5e-05 bpe=28.6549 workload=balanced neg_share=0.5 threads=8 load_factor=0.8 ops_per_s=1.868132e+06 p50=0ns p95=0ns p99=0ns fail_rate=0.000290 avg_kicks=0.290261 stash_hits=136
CONFIG filter=cuckoo dist=uniform n=1000000 target_fpr=0.01 neg_share=0.5 workload=balanced threads=8 load_factor=0.80 fp_bits=16 ops=1500000 warmup_ops=150000 rep=1
run=1 filter=cuckoo dist=uniform n=1000000 target_fpr=0.01 fp_bits=16 achieved_fpr=4.5e-05 bpe=28.657 workload=balanced neg_share=0.5 threads=8 load_factor=0.8 ops_per_s=1.611406e+06 p50=0ns p95=0ns p99=0ns fail_rate=0.000301 avg_kicks=0.293455 stash_hits=135
CONFIG filter=cuckoo dist=uniform n=1000000 target_fpr=0.01 neg_share=0.5 workload=balanced threads=8 load_factor=0.80 fp_bits=16 ops=1500000 warmup_ops=150000 rep=2
run=2 filter=cuckoo dist=uniform n=1000000 target_fpr=0.01 fp_bits=16 achieved_fpr=4.5e-05 bpe=28.6568 workload=balanced neg_share=0.5 threads=8 load_factor=0.8 ops_per_s=1.804149e+06 p50=0ns p95=0ns p99=0ns fail_rate=0.000298 avg_kicks=0.291554 stash_hits=118
CONFIG filter=quotient dist=uniform n=1000000 target_fpr=0.01 neg_share=0.5 workload=balanced threads=8 load_factor=0.80 fp_bits=12 ops=1500000 warmup_ops=150000 rep=0
run=0 filter=quotient dist=uniform n=1000000 target_fpr=0.01 fp_bits=12 achieved_fpr=0.001834 bpe=49.6529 workload=balanced neg_share=0.5 threads=8 load_factor=0.8 ops_per_s=1.511187e+06 p50=0ns p95=0ns p99=0ns avg_probe=1.248068 cluster_mean=2.407121 cluster_p99=12.000000
CONFIG filter=quotient dist=uniform n=1000000 target_fpr=0.01 neg_share=0.5 workload=balanced threads=8 load_factor=0.80 fp_bits=12 ops=1500000 warmup_ops=150000 rep=1
run=1 filter=quotient dist=uniform n=1000000 target_fpr=0.01 fp_bits=12 achieved_fpr=0.001834 bpe=49.6542 workload=balanced neg_share=0.5 threads=8 load_factor=0.8 ops_per_s=1.465192e+06 p50=0ns p95=0ns p99=0ns avg_probe=1.248354 cluster_mean=2.407121 cluster_p99=12.000000
CONFIG filter=quotient dist=uniform n=1000000 target_fpr=0.01 neg_share=0.5 workload=balanced threads=8 load_factor=0.80 fp_bits=12 ops=1500000 warmup_ops=150000 rep=2
run=2 filter=quotient dist=uniform n=1000000 target_fpr=0.01 fp_bits=12 achieved_fpr=0.001834 bpe=49.6519 workload=balanced neg_share=0.5 threads=8 load_factor=0.8 ops_per_s=1.491370e+06 p50=0ns p95=0ns p99=0ns avg_probe=1.248062 cluster_mean=2.407121 cluster_p99=12.000000
CONFIG filter=bloom dist=uniform n=1000000 target_fpr=0.01 neg_share=0.5 workload=balanced threads=12 load_factor=0.80 fp_bits=12 ops=1500000 warmup_ops=150000 rep=0
run=0 filter=bloom dist=uniform n=1000000 target_fpr=0.01 fp_bits=12 achieved_fpr=0.035445 bpe=16.7772 workload=balanced neg_share=0.5 threads=12 load_factor=0.8 ops_per_s=1.057203e+08 p50=0ns p95=0ns p99=0ns
CONFIG filter=bloom dist=uniform n=1000000 target_fpr=0.01 neg_share=0.5 workload=balanced threads=12 load_factor=0.80 fp_bits=12 ops=1500000 warmup_ops=150000 rep=1
run=1 filter=bloom dist=uniform n=1000000 target_fpr=0.01 fp_bits=12 achieved_fpr=0.035445 bpe=16.7772 workload=balanced neg_share=0.5 threads=12 load_factor=0.8 ops_per_s=1.056654e+08 p50=0ns p95=0ns p99=0ns
CONFIG filter=bloom dist=uniform n=1000000 target_fpr=0.01 neg_share=0.5 workload=balanced threads=12 load_factor=0.80 fp_bits=12 ops=1500000 warmup_ops=150000 rep=2
run=2 filter=bloom dist=uniform n=1000000 target_fpr=0.01 fp_bits=12 achieved_fpr=0.035445 bpe=16.7772 workload=balanced neg_share=0.5 threads=12 load_factor=0.8 ops_per_s=1.041578e+08 p50=0ns p95=0ns p99=0ns
CONFIG filter=xor dist=uniform n=1000000 target_fpr=0.01 neg_share=0.5 workload=balanced threads=12 load_factor=0.80 fp_bits=8 ops=1500000 warmup_ops=150000 rep=0
run=0 filter=xor dist=uniform n=1000000 target_fpr=0.01 fp_bits=8 achieved_fpr=0.003436 bpe=33.5544 workload=balanced neg_share=0.5 threads=12 load_factor=0.8 ops_per_s=1.239071e+08 p50=0ns p95=0ns p99=0ns
CONFIG filter=xor dist=uniform n=1000000 target_fpr=0.01 neg_share=0.5 workload=balanced threads=12 load_factor=0.80 fp_bits=8 ops=1500000 warmup_ops=150000 rep=1
run=1 filter=xor dist=uniform n=1000000 target_fpr=0.01 fp_bits=8 achieved_fpr=0.003436 bpe=33.5544 workload=balanced neg_share=0.5 threads=12 load_factor=0.8 ops_per_s=1.148204e+08 p50=0ns p95=0ns p99=0ns
CONFIG filter=xor dist=uniform n=1000000 target_fpr=0.01 neg_share=0.5 workload=balanced threads=12 load_factor=0.80 fp_bits=8 ops=1500000 warmup_ops=150000 rep=2
run=2 filter=xor dist=uniform n=1000000 target_fpr=0.01 fp_bits=8 achieved_fpr=0.003436 bpe=33.5544 workload=balanced neg_share=0.5 threads=12 load_factor=0.8 ops_per_s=1.048916e+08 p50=0ns p95=0ns p99=0ns
CONFIG filter=xor dist=uniform n=1000000 target_fpr=0.01 neg_share=0.5 workload=balanced threads=12 load_factor=0.80 fp_bits=12 ops=1500000 warmup_ops=150000 rep=0
run=0 filter=xor dist=uniform n=1000000 target_fpr=0.01 fp_bits=12 achieved_fpr=0.000222 bpe=33.5544 workload=balanced neg_share=0.5 threads=12 load_factor=0.8 ops_per_s=1.347486e+08 p50=0ns p95=0ns p99=0ns
CONFIG filter=xor dist=uniform n=1000000 target_fpr=0.01 neg_share=0.5 workload=balanced threads=12 load_factor=0.80 fp_bits=12 ops=1500000 warmup_ops=150000 rep=1
run=1 filter=xor dist=uniform n=1000000 target_fpr=0.01 fp_bits=12 achieved_fpr=0.000222 bpe=33.5544 workload=balanced neg_share=0.5 threads=12 load_factor=0.8 ops_per_s=1.358461e+08 p50=0ns p95=0ns p99=0ns
CONFIG filter=xor dist=uniform n=1000000 target_fpr=0.01 neg_share=0.5 workload=balanced threads=12 load_factor=0.80 fp_bits=12 ops=1500000 warmup_ops=150000 rep=2
run=2 filter=xor dist=uniform n=1000000 target_fpr=0.01 fp_bits=12 achieved_fpr=0.000222 bpe=33.5544 workload=balanced neg_share=0.5 threads=12 load_factor=0.8 ops_per_s=1.356868e+08 p50=0ns p95=0ns p99=0ns
CONFIG filter=xor dist=uniform n=1000000 target_fpr=0.01 neg_share=0.5 workload=balanced threads=12 load_factor=0.80 fp_bits=16 ops=1500000 warmup_ops=150000 rep=0
run=0 filter=xor dist=uniform n=1000000 target_fpr=0.01 fp_bits=16 achieved_fpr=1.4e-05 bpe=33.5544 workload=balanced neg_share=0.5 threads=12 load_factor=0.8 ops_per_s=1.371875e+08 p50=0ns p95=0ns p99=0ns
CONFIG filter=xor dist=uniform n=1000000 target_fpr=0.01 neg_share=0.5 workload=balanced threads=12 load_factor=0.80 fp_bits=16 ops=1500000 warmup_ops=150000 rep=1
run=1 filter=xor dist=uniform n=1000000 target_fpr=0.01 fp_bits=16 achieved_fpr=1.4e-05 bpe=33.5544 workload=balanced neg_share=0.5 threads=12 load_factor=0.8 ops_per_s=1.360342e+08 p50=0ns p95=0ns p99=0ns
CONFIG filter=xor dist=uniform n=1000000 target_fpr=0.01 neg_share=0.5 workload=balanced threads=12 load_factor=0.80 fp_bits=16 ops=1500000 warmup_ops=150000 rep=2
run=2 filter=xor dist=uniform n=1000000 target_fpr=0.01 fp_bits=16 achieved_fpr=1.4e-05 bpe=33.5544 workload=balanced neg_share=0.5 threads=12 load_factor=0.8 ops_per_s=1.376687e+08 p50=0ns p95=0ns p99=0ns
CONFIG filter=cuckoo dist=uniform n=1000000 target_fpr=0.01 neg_share=0.5 workload=balanced threads=12 load_factor=0.80 fp_bits=8 ops=1500000 warmup_ops=150000 rep=0
run=0 filter=cuckoo dist=uniform n=1000000 target_fpr=0.01 fp_bits=8 achieved_fpr=0.014732 bpe=28.6672 workload=balanced neg_share=0.5 threads=12 load_factor=0.8 ops_per_s=1.888350e+06 p50=0ns p95=0ns p99=0ns fail_rate=0.000000 avg_kicks=0.279459 stash_hits=1493
CONFIG filter=cuckoo dist=uniform n=1000000 target_fpr=0.01 neg_share=0.5 workload=balanced threads=12 load_factor=0.80 fp_bits=8 ops=1500000 warmup_ops=150000 rep=1
run=1 filter=cuckoo dist=uniform n=1000000 target_fpr=0.01 fp_bits=8 achieved_fpr=0.014732 bpe=28.6671 workload=balanced neg_share=0.5 threads=12 load_factor=0.8 ops_per_s=1.805360e+06 p50=0ns p95=0ns p99=0ns fail_rate=0.000000 avg_kicks=0.275866 stash_hits=1380
CONFIG filter=cuckoo dist=uniform n=1000000 target_fpr=0.01 neg_share=0.5 workload=balanced threads=12 load_factor=0.80 fp_bits=8 ops=1500000 warmup_ops=150000 rep=2
run=2 filter=cuckoo dist=uniform n=1000000 target_fpr=0.01 fp_bits=8 achieved_fpr=0.014732 bpe=28.6678 workload=balanced neg_share=0.5 threads=12 load_factor=0.8 ops_per_s=1.797474e+06 p50=0ns p95=0ns p99=0ns fail_rate=0.000000 avg_kicks=0.280917 stash_hits=1434
CONFIG filter=cuckoo dist=uniform n=1000000 target_fpr=0.01 neg_share=0.5 workload=balanced threads=12 load_factor=0.80 fp_bits=12 ops=1500000 warmup_ops=150000 rep=0
run=0 filter=cuckoo dist=uniform n=1000000 target_fpr=0.01 fp_bits=12 achieved_fpr=0.000977 bpe=28.6436 workload=balanced neg_share=0.5 threads=12 load_factor=0.8 ops_per_s=1.789045e+06 p50=0ns p95=0ns p99=0ns fail_rate=0.000048 avg_kicks=0.277235 stash_hits=1244
CONFIG filter=cuckoo dist=uniform n=1000000 target_fpr=0.01 neg_share=0.5 workload=balanced threads=12 load_factor=0.80 fp_bits=12 ops=1500000 warmup_ops=150000 rep=1
run=1 filter=cuckoo dist=uniform n=1000000 target_fpr=0.01 fp_bits=12 achieved_fpr=0.000977 bpe=28.6401 workload=balanced neg_share=0.5 threads=12 load_factor=0.8 ops_per_s=1.795857e+06 p50=0ns p95=0ns p99=0ns fail_rate=0.000048 avg_kicks=0.277562 stash_hits=1356
CONFIG filter=cuckoo dist=uniform n=1000000 target_fpr=0.01 neg_share=0.5 workload=balanced threads=12 load_factor=0.80 fp_bits=12 ops=1500000 warmup_ops=150000 rep=2
run=2 filter=cuckoo dist=uniform n=1000000 target_fpr=0.01 fp_bits=12 achieved_fpr=0.000977 bpe=28.6401 workload=balanced neg_share=0.5 threads=12 load_factor=0.8 ops_per_s=1.767404e+06 p50=0ns p95=0ns p99=0ns fail_rate=0.000039 avg_kicks=0.278151 stash_hits=1235
CONFIG filter=cuckoo dist=uniform n=1000000 target_fpr=0.01 neg_share=0.5 workload=balanced threads=12 load_factor=0.80 fp_bits=16 ops=1500000 warmup_ops=150000 rep=0
run=0 filter=cuckoo dist=uniform n=1000000 target_fpr=0.01 fp_bits=16 achieved_fpr=4.5e-05 bpe=28.6398 workload=balanced neg_share=0.5 threads=12 load_factor=0.8 ops_per_s=1.718829e+06 p50=0ns p95=0ns p99=0ns fail_rate=0.000267 avg_kicks=0.274978 stash_hits=101
CONFIG filter=cuckoo dist=uniform n=1000000 target_fpr=0.01 neg_share=0.5 workload=balanced threads=12 load_factor=0.80 fp_bits=16 ops=1500000 warmup_ops=150000 rep=1
run=1 filter=cuckoo dist=uniform n=1000000 target_fpr=0.01 fp_bits=16 achieved_fpr=4.5e-05 bpe=28.6393 workload=balanced neg_share=0.5 threads=12 load_factor=0.8 ops_per_s=1.731836e+06 p50=0ns p95=0ns p99=0ns fail_rate=0.000274 avg_kicks=0.279867 stash_hits=108
CONFIG filter=cuckoo dist=uniform n=1000000 target_fpr=0.01 neg_share=0.5 workload=balanced threads=12 load_factor=0.80 fp_bits=16 ops=1500000 warmup_ops=150000 rep=2
run=2 filter=cuckoo dist=uniform n=1000000 target_fpr=0.01 fp_bits=16 achieved_fpr=4.5e-05 bpe=28.638 workload=balanced neg_share=0.5 threads=12 load_factor=0.8 ops_per_s=1.731049e+06 p50=0ns p95=0ns p99=0ns fail_rate=0.000269 avg_kicks=0.275906 stash_hits=100
CONFIG filter=quotient dist=uniform n=1000000 target_fpr=0.01 neg_share=0.5 workload=balanced threads=12 load_factor=0.80 fp_bits=12 ops=1500000 warmup_ops=150000 rep=0
run=0 filter=quotient dist=uniform n=1000000 target_fpr=0.01 fp_bits=12 achieved_fpr=0.001834 bpe=49.6514 workload=balanced neg_share=0.5 threads=12 load_factor=0.8 ops_per_s=1.437605e+06 p50=0ns p95=0ns p99=0ns avg_probe=1.248540 cluster_mean=2.407121 cluster_p99=12.000000
CONFIG filter=quotient dist=uniform n=1000000 target_fpr=0.01 neg_share=0.5 workload=balanced threads=12 load_factor=0.80 fp_bits=12 ops=1500000 warmup_ops=150000 rep=1
run=1 filter=quotient dist=uniform n=1000000 target_fpr=0.01 fp_bits=12 achieved_fpr=0.001834 bpe=49.6538 workload=balanced neg_share=0.5 threads=12 load_factor=0.8 ops_per_s=1.439721e+06 p50=0ns p95=0ns p99=0ns avg_probe=1.248761 cluster_mean=2.407121 cluster_p99=12.000000
CONFIG filter=quotient dist=uniform n=1000000 target_fpr=0.01 neg_share=0.5 workload=balanced threads=12 load_factor=0.80 fp_bits=12 ops=1500000 warmup_ops=150000 rep=2
run=2 filter=quotient dist=uniform n=1000000 target_fpr=0.01 fp_bits=12 achieved_fpr=0.001834 bpe=49.655 workload=balanced neg_share=0.5 threads=12 load_factor=0.8 ops_per_s=1.453018e+06 p50=0ns p95=0ns p99=0ns avg_probe=1.248772 cluster_mean=2.407121 cluster_p99=12.000000
CONFIG filter=bloom dist=sequential n=1000000 target_fpr=0.01 neg_share=0.5 workload=read_mostly threads=1 load_factor=0.80 fp_bits=12 ops=1500000 warmup_ops=150000 rep=0
run=0 filter=bloom dist=sequential n=1000000 target_fpr=0.01 fp_bits=12 achieved_fpr=0.035322 bpe=16.7772 workload=read_mostly neg_share=0.5 threads=1 load_factor=0.8 ops_per_s=1.539645e+07 p50=0ns p95=0ns p99=0ns
CONFIG filter=bloom dist=sequential n=1000000 target_fpr=0.01 neg_share=0.5 workload=read_mostly threads=1 load_factor=0.80 fp_bits=12 ops=1500000 warmup_ops=150000 rep=1
run=1 filter=bloom dist=sequential n=1000000 target_fpr=0.01 fp_bits=12 achieved_fpr=0.035322 bpe=16.7772 workload=read_mostly neg_share=0.5 threads=1 load_factor=0.8 ops_per_s=1.561879e+07 p50=0ns p95=0ns p99=0ns
CONFIG filter=bloom dist=sequential n=1000000 target_fpr=0.01 neg_share=0.5 workload=read_mostly threads=1 load_factor=0.80 fp_bits=12 ops=1500000 warmup_ops=150000 rep=2
run=2 filter=bloom dist=sequential n=1000000 target_fpr=0.01 fp_bits=12 achieved_fpr=0.035322 bpe=16.7772 workload=read_mostly neg_share=0.5 threads=1 load_factor=0.8 ops_per_s=1.627719e+07 p50=0ns p95=0ns p99=0ns
CONFIG filter=xor dist=sequential n=1000000 target_fpr=0.01 neg_share=0.5 workload=read_mostly threads=1 load_factor=0.80 fp_bits=8 ops=1500000 warmup_ops=150000 rep=0
run=0 filter=xor dist=sequential n=1000000 target_fpr=0.01 fp_bits=8 achieved_fpr=0.003361 bpe=33.5544 workload=read_mostly neg_share=0.5 threads=1 load_factor=0.8 ops_per_s=1.652478e+07 p50=0ns p95=0ns p99=0ns
CONFIG filter=xor dist=sequential n=1000000 target_fpr=0.01 neg_share=0.5 workload=read_mostly threads=1 load_factor=0.80 fp_bits=8 ops=1500000 warmup_ops=150000 rep=1
run=1 filter=xor dist=sequential n=1000000 target_fpr=0.01 fp_bits=8 achieved_fpr=0.003361 bpe=33.5544 workload=read_mostly neg_share=0.5 threads=1 load_factor=0.8 ops_per_s=1.459146e+07 p50=0ns p95=0ns p99=0ns
CONFIG filter=xor dist=sequential n=1000000 target_fpr=0.01 neg_share=0.5 workload=read_mostly threads=1 load_factor=0.80 fp_bits=8 ops=1500000 warmup_ops=150000 rep=2
run=2 filter=xor dist=sequential n=1000000 target_fpr=0.01 fp_bits=8 achieved_fpr=0.003361 bpe=33.5544 workload=read_mostly neg_share=0.5 threads=1 load_factor=0.8 ops_per_s=1.552531e+07 p50=0ns p95=0ns p99=0ns
CONFIG filter=xor dist=sequential n=1000000 target_fpr=0.01 neg_share=0.5 workload=read_mostly threads=1 load_factor=0.80 fp_bits=12 ops=1500000 warmup_ops=150000 rep=0
run=0 filter=xor dist=sequential n=1000000 target_fpr=0.01 fp_bits=12 achieved_fpr=0.00019 bpe=33.5544 workload=read_mostly neg_share=0.5 threads=1 load_factor=0.8 ops_per_s=1.505002e+07 p50=0ns p95=0ns p99=0ns
CONFIG filter=xor dist=sequential n=1000000 target_fpr=0.01 neg_share=0.5 workload=read_mostly threads=1 load_factor=0.80 fp_bits=12 ops=1500000 warmup_ops=150000 rep=1
run=1 filter=xor dist=sequential n=1000000 target_fpr=0.01 fp_bits=12 achieved_fpr=0.00019 bpe=33.5544 workload=read_mostly neg_share=0.5 threads=1 load_factor=0.8 ops_per_s=1.704047e+07 p50=0ns p95=0ns p99=0ns
CONFIG filter=xor dist=sequential n=1000000 target_fpr=0.01 neg_share=0.5 workload=read_mostly threads=1 load_factor=0.80 fp_bits=12 ops=1500000 warmup_ops=150000 rep=2
run=2 filter=xor dist=sequential n=1000000 target_fpr=0.01 fp_bits=12 achieved_fpr=0.00019 bpe=33.5544 workload=read_mostly neg_share=0.5 threads=1 load_factor=0.8 ops_per_s=1.621665e+07 p50=0ns p95=0ns p99=0ns
CONFIG filter=xor dist=sequential n=1000000 target_fpr=0.01 neg_share=0.5 workload=read_mostly threads=1 load_factor=0.80 fp_bits=16 ops=1500000 warmup_ops=150000 rep=0
run=0 filter=xor dist=sequential n=1000000 target_fpr=0.01 fp_bits=16 achieved_fpr=1.4e-05 bpe=33.5544 workload=read_mostly neg_share=0.5 threads=1 load_factor=0.8 ops_per_s=1.513619e+07 p50=0ns p95=0ns p99=0ns
CONFIG filter=xor dist=sequential n=1000000 target_fpr=0.01 neg_share=0.5 workload=read_mostly threads=1 load_factor=0.80 fp_bits=16 ops=1500000 warmup_ops=150000 rep=1
run=1 filter=xor dist=sequential n=1000000 target_fpr=0.01 fp_bits=16 achieved_fpr=1.4e-05 bpe=33.5544 workload=read_mostly neg_share=0.5 threads=1 load_factor=0.8 ops_per_s=1.619266e+07 p50=0ns p95=0ns p99=0ns
CONFIG filter=xor dist=sequential n=1000000 target_fpr=0.01 neg_share=0.5 workload=read_mostly threads=1 load_factor=0.80 fp_bits=16 ops=1500000 warmup_ops=150000 rep=2
run=2 filter=xor dist=sequential n=1000000 target_fpr=0.01 fp_bits=16 achieved_fpr=1.4e-05 bpe=33.5544 workload=read_mostly neg_share=0.5 threads=1 load_factor=0.8 ops_per_s=1.569738e+07 p50=0ns p95=0ns p99=0ns
CONFIG filter=cuckoo dist=sequential n=1000000 target_fpr=0.01 neg_share=0.5 workload=read_mostly threads=1 load_factor=0.80 fp_bits=8 ops=1500000 warmup_ops=150000 rep=0
run=0 filter=cuckoo dist=sequential n=1000000 target_fpr=0.01 fp_bits=8 achieved_fpr=0.014904 bpe=31.2161 workload=read_mostly neg_share=0.5 threads=1 load_factor=0.8 ops_per_s=1.003878e+07 p50=0ns p95=0ns p99=0ns fail_rate=0.000000 avg_kicks=0.009245 stash_hits=0
CONFIG filter=cuckoo dist=sequential n=1000000 target_fpr=0.01 neg_share=0.5 workload=read_mostly threads=1 load_factor=0.80 fp_bits=8 ops=1500000 warmup_ops=150000 rep=1
run=1 filter=cuckoo dist=sequential n=1000000 target_fpr=0.01 fp_bits=8 achieved_fpr=0.014904 bpe=31.2161 workload=read_mostly neg_share=0.5 threads=1 load_factor=0.8 ops_per_s=1.036792e+07 p50=0ns p95=0ns p99=0ns fail_rate=0.000000 avg_kicks=0.009245 stash_hits=0
CONFIG filter=cuckoo dist=sequential n=1000000 target_fpr=0.01 neg_share=0.5 workload=read_mostly threads=1 load_factor=0.80 fp_bits=8 ops=1500000 warmup_ops=150000 rep=2
run=2 filter=cuckoo dist=sequential n=1000000 target_fpr=0.01 fp_bits=8 achieved_fpr=0.014904 bpe=31.2161 workload=read_mostly neg_share=0.5 threads=1 load_factor=0.8 ops_per_s=9.707340e+06 p50=0ns p95=0ns p99=0ns fail_rate=0.000000 avg_kicks=0.009245 stash_hits=0
CONFIG filter=cuckoo dist=sequential n=1000000 target_fpr=0.01 neg_share=0.5 workload=read_mostly threads=1 load_factor=0.80 fp_bits=12 ops=1500000 warmup_ops=150000 rep=0
run=0 filter=cuckoo dist=sequential n=1000000 target_fpr=0.01 fp_bits=12 achieved_fpr=0.00091 bpe=31.2161 workload=read_mostly neg_share=0.5 threads=1 load_factor=0.8 ops_per_s=1.068513e+07 p50=0ns p95=0ns p99=0ns fail_rate=0.000000 avg_kicks=0.009086 stash_hits=0
CONFIG filter=cuckoo dist=sequential n=1000000 target_fpr=0.01 neg_share=0.5 workload=read_mostly threads=1 load_factor=0.80 fp_bits=12 ops=1500000 warmup_ops=150000 rep=1
run=1 filter=cuckoo dist=sequential n=1000000 target_fpr=0.01 fp_bits=12 achieved_fpr=0.00091 bpe=31.2161 workload=read_mostly neg_share=0.5 threads=1 load_factor=0.8 ops_per_s=1.054996e+07 p50=0ns p95=0ns p99=0ns fail_rate=0.000000 avg_kicks=0.009086 stash_hits=0
CONFIG filter=cuckoo dist=sequential n=1000000 target_fpr=0.01 neg_share=0.5 workload=read_mostly threads=1 load_factor=0.80 fp_bits=12 ops=1500000 warmup_ops=150000 rep=2
run=2 filter=cuckoo dist=sequential n=1000000 target_fpr=0.01 fp_bits=12 achieved_fpr=0.00091 bpe=31.2161 workload=read_mostly neg_share=0.5 threads=1 load_factor=0.8 ops_per_s=9.767864e+06 p50=0ns p95=0ns p99=0ns fail_rate=0.000000 avg_kicks=0.009086 stash_hits=0
CONFIG filter=cuckoo dist=sequential n=1000000 target_fpr=0.01 neg_share=0.5 workload=read_mostly threads=1 load_factor=0.80 fp_bits=16 ops=1500000 warmup_ops=150000 rep=0
run=0 filter=cuckoo dist=sequential n=1000000 target_fpr=0.01 fp_bits=16 achieved_fpr=5.5e-05 bpe=31.2161 workload=read_mostly neg_share=0.5 threads=1 load_factor=0.8 ops_per_s=9.372580e+06 p50=0ns p95=0ns p99=0ns fail_rate=0.000000 avg_kicks=0.009586 stash_hits=0
CONFIG filter=cuckoo dist=sequential n=1000000 target_fpr=0.01 neg_share=0.5 workload=read_mostly threads=1 load_factor=0.80 fp_bits=16 ops=1500000 warmup_ops=150000 rep=1
run=1 filter=cuckoo dist=sequential n=1000000 target_fpr=0.01 fp_bits=16 achieved_fpr=5.5e-05 bpe=31.2161 workload=read_mostly neg_share=0.5 threads=1 load_factor=0.8 ops_per_s=9.855370e+06 p50=0ns p95=0ns p99=0ns fail_rate=0.000000 avg_kicks=0.009586 stash_hits=0
CONFIG filter=cuckoo dist=sequential n=1000000 target_fpr=0.01 neg_share=0.5 workload=read_mostly threads=1 load_factor=0.80 fp_bits=16 ops=1500000 warmup_ops=150000 rep=2
run=2 filter=cuckoo dist=sequential n=1000000 target_fpr=0.01 fp_bits=16 achieved_fpr=5.5e-05 bpe=31.2161 workload=read_mostly neg_share=0.5 threads=1 load_factor=0.8 ops_per_s=1.050945e+07 p50=0ns p95=0ns p99=0ns fail_rate=0.000000 avg_kicks=0.009586 stash_hits=0
CONFIG filter=quotient dist=sequential n=1000000 target_fpr=0.01 neg_share=0.5 workload=read_mostly threads=1 load_factor=0.80 fp_bits=12 ops=1500000 warmup_ops=150000 rep=0
run=0 filter=quotient dist=sequential n=1000000 target_fpr=0.01 fp_bits=12 achieved_fpr=0.001903 bpe=49.7997 workload=read_mostly neg_share=0.5 threads=1 load_factor=0.8 ops_per_s=9.113319e+06 p50=0ns p95=0ns p99=0ns avg_probe=1.251204 cluster_mean=2.401797 cluster_p99=12.000000
CONFIG filter=quotient dist=sequential n=1000000 target_fpr=0.01 neg_share=0.5 workload=read_mostly threads=1 load_factor=0.80 fp_bits=12 ops=1500000 warmup_ops=150000 rep=1
run=1 filter=quotient dist=sequential n=1000000 target_fpr=0.01 fp_bits=12 achieved_fpr=0.001903 bpe=49.7997 workload=read_mostly neg_share=0.5 threads=1 load_factor=0.8 ops_per_s=8.941250e+06 p50=0ns p95=0ns p99=0ns avg_probe=1.251204 cluster_mean=2.401797 cluster_p99=12.000000
CONFIG filter=quotient dist=sequential n=1000000 target_fpr=0.01 neg_share=0.5 workload=read_mostly threads=1 load_factor=0.80 fp_bits=12 ops=1500000 warmup_ops=150000 rep=2
run=2 filter=quotient dist=sequential n=1000000 target_fpr=0.01 fp_bits=12 achieved_fpr=0.001903 bpe=49.7997 workload=read_mostly neg_share=0.5 threads=1 load_factor=0.8 ops_per_s=8.896906e+06 p50=0ns p95=0ns p99=0ns avg_probe=1.251204 cluster_mean=2.401797 cluster_p99=12.000000
CONFIG filter=bloom dist=sequential n=1000000 target_fpr=0.01 neg_share=0.5 workload=read_mostly threads=2 load_factor=0.80 fp_bits=12 ops=1500000 warmup_ops=150000 rep=0
run=0 filter=bloom dist=sequential n=1000000 target_fpr=0.01 fp_bits=12 achieved_fpr=0.035322 bpe=16.7772 workload=read_mostly neg_share=0.5 threads=2 load_factor=0.8 ops_per_s=2.523958e+07 p50=0ns p95=0ns p99=0ns
CONFIG filter=bloom dist=sequential n=1000000 target_fpr=0.01 neg_share=0.5 workload=read_mostly threads=2 load_factor=0.80 fp_bits=12 ops=1500000 warmup_ops=150000 rep=1
run=1 filter=bloom dist=sequential n=1000000 target_fpr=0.01 fp_bits=12 achieved_fpr=0.035322 bpe=16.7772 workload=read_mostly neg_share=0.5 threads=2 load_factor=0.8 ops_per_s=2.354809e+07 p50=0ns p95=0ns p99=0ns
CONFIG filter=bloom dist=sequential n=1000000 target_fpr=0.01 neg_share=0.5 workload=read_mostly threads=2 load_factor=0.80 fp_bits=12 ops=1500000 warmup_ops=150000 rep=2
run=2 filter=bloom dist=sequential n=1000000 target_fpr=0.01 fp_bits=12 achieved_fpr=0.035322 bpe=16.7772 workload=read_mostly neg_share=0.5 threads=2 load_factor=0.8 ops_per_s=2.455896e+07 p50=0ns p95=0ns p99=0ns
CONFIG filter=xor dist=sequential n=1000000 target_fpr=0.01 neg_share=0.5 workload=read_mostly threads=2 load_factor=0.80 fp_bits=8 ops=1500000 warmup_ops=150000 rep=0
run=0 filter=xor dist=sequential n=1000000 target_fpr=0.01 fp_bits=8 achieved_fpr=0.003361 bpe=33.5544 workload=read_mostly neg_share=0.5 threads=2 load_factor=0.8 ops_per_s=2.016734e+07 p50=0ns p95=0ns p99=0ns
CONFIG filter=xor dist=sequential n=1000000 target_fpr=0.01 neg_share=0.5 workload=read_mostly threads=2 load_factor=0.80 fp_bits=8 ops=1500000 warmup_ops=150000 rep=1
run=1 filter=xor dist=sequential n=1000000 target_fpr=0.01 fp_bits=8 achieved_fpr=0.003361 bpe=33.5544 workload=read_mostly neg_share=0.5 threads=2 load_factor=0.8 ops_per_s=2.091340e+07 p50=0ns p95=0ns p99=0ns
CONFIG filter=xor dist=sequential n=1000000 target_fpr=0.01 neg_share=0.5 workload=read_mostly threads=2 load_factor=0.80 fp_bits=8 ops=1500000 warmup_ops=150000 rep=2
run=2 filter=xor dist=sequential n=1000000 target_fpr=0.01 fp_bits=8 achieved_fpr=0.003361 bpe=33.5544 workload=read_mostly neg_share=0.5 threads=2 load_factor=0.8 ops_per_s=2.123879e+07 p50=0ns p95=0ns p99=0ns
CONFIG filter=xor dist=sequential n=1000000 target_fpr=0.01 neg_share=0.5 workload=read_mostly threads=2 load_factor=0.80 fp_bits=12 ops=1500000 warmup_ops=150000 rep=0
run=0 filter=xor dist=sequential n=1000000 target_fpr=0.01 fp_bits=12 achieved_fpr=0.00019 bpe=33.5544 workload=read_mostly neg_share=0.5 threads=2 load_factor=0.8 ops_per_s=2.235548e+07 p50=0ns p95=0ns p99=0ns
CONFIG filter=xor dist=sequential n=1000000 target_fpr=0.01 neg_share=0.5 workload=read_mostly threads=2 load_factor=0.80 fp_bits=12 ops=1500000 warmup_ops=150000 rep=1
run=1 filter=xor dist=sequential n=1000000 target_fpr=0.01 fp_bits=12 achieved_fpr=0.00019 bpe=33.5544 workload=read_mostly neg_share=0.5 threads=2 load_factor=0.8 ops_per_s=2.150683e+07 p50=0ns p95=0ns p99=0ns
CONFIG filter=xor dist=sequential n=1000000 target_fpr=0.01 neg_share=0.5 workload=read_mostly threads=2 load_factor=0.80 fp_bits=12 ops=1500000 warmup_ops=150000 rep=2
run=2 filter=xor dist=sequential n=1000000 target_fpr=0.01 fp_bits=12 achieved_fpr=0.00019 bpe=33.5544 workload=read_mostly neg_share=0.5 threads=2 load_factor=0.8 ops_per_s=2.207770e+07 p50=0ns p95=0ns p99=0ns
CONFIG filter=xor dist=sequential n=1000000 target_fpr=0.01 neg_share=0.5 workload=read_mostly threads=2 load_factor=0.80 fp_bits=16 ops=1500000 warmup_ops=150000 rep=0
run=0 filter=xor dist=sequential n=1000000 target_fpr=0.01 fp_bits=16 achieved_fpr=1.4e-05 bpe=33.5544 workload=read_mostly neg_share=0.5 threads=2 load_factor=0.8 ops_per_s=2.242087e+07 p50=0ns p95=0ns p99=0ns
CONFIG filter=xor dist=sequential n=1000000 target_fpr=0.01 neg_share=0.5 workload=read_mostly threads=2 load_factor=0.80 fp_bits=16 ops=1500000 warmup_ops=150000 rep=1
run=1 filter=xor dist=sequential n=1000000 target_fpr=0.01 fp_bits=16 achieved_fpr=1.4e-05 bpe=33.5544 workload=read_mostly neg_share=0.5 threads=2 load_factor=0.8 ops_per_s=2.136356e+07 p50=0ns p95=0ns p99=0ns
CONFIG filter=xor dist=sequential n=1000000 target_fpr=0.01 neg_share=0.5 workload=read_mostly threads=2 load_factor=0.80 fp_bits=16 ops=1500000 warmup_ops=150000 rep=2
run=2 filter=xor dist=sequential n=1000000 target_fpr=0.01 fp_bits=16 achieved_fpr=1.4e-05 bpe=33.5544 workload=read_mostly neg_share=0.5 threads=2 load_factor=0.8 ops_per_s=2.027029e+07 p50=0ns p95=0ns p99=0ns
CONFIG filter=cuckoo dist=sequential n=1000000 target_fpr=0.01 neg_share=0.5 workload=read_mostly threads=2 load_factor=0.80 fp_bits=8 ops=1500000 warmup_ops=150000 rep=0
run=0 filter=cuckoo dist=sequential n=1000000 target_fpr=0.01 fp_bits=8 achieved_fpr=0.014904 bpe=31.2097 workload=read_mostly neg_share=0.5 threads=2 load_factor=0.8 ops_per_s=1.100038e+07 p50=0ns p95=0ns p99=0ns fail_rate=0.000000 avg_kicks=0.009390 stash_hits=0
CONFIG filter=cuckoo dist=sequential n=1000000 target_fpr=0.01 neg_share=0.5 workload=read_mostly threads=2 load_factor=0.80 fp_bits=8 ops=1500000 warmup_ops=150000 rep=1
run=1 filter=cuckoo dist=sequential n=1000000 target_fpr=0.01 fp_bits=8 achieved_fpr=0.014904 bpe=31.2097 workload=read_mostly neg_share=0.5 threads=2 load_factor=0.8 ops_per_s=1.118977e+07 p50=0ns p95=0ns p99=0ns fail_rate=0.000000 avg_kicks=0.009391 stash_hits=0
CONFIG filter=cuckoo dist=sequential n=1000000 target_fpr=0.01 neg_share=0.5 workload=read_mostly threads=2 load_factor=0.80 fp_bits=8 ops=1500000 warmup_ops=150000 rep=2
run=2 filter=cuckoo dist=sequential n=1000000 target_fpr=0.01 fp_bits=8 achieved_fpr=0.014904 bpe=31.2097 workload=read_mostly neg_share=0.5 threads=2 load_factor=0.8 ops_per_s=1.103929e+07 p50=0ns p95=0ns p99=0ns fail_rate=0.000000 avg_kicks=0.009390 stash_hits=0
CONFIG filter=cuckoo dist=sequential n=1000000 target_fpr=0.01 neg_share=0.5 workload=read_mostly threads=2 load_factor=0.80 fp_bits=12 ops=1500000 warmup_ops=150000 rep=0
run=0 filter=cuckoo dist=sequential n=1000000 target_fpr=0.01 fp_bits=12 achieved_fpr=0.00091 bpe=31.2097 workload=read_mostly neg_share=0.5 threads=2 load_factor=0.8 ops_per_s=9.993355e+06 p50=0ns p95=0ns p99=0ns fail_rate=0.000000 avg_kicks=0.009260 stash_hits=0
CONFIG filter=cuckoo dist=sequential n=1000000 target_fpr=0.01 neg_share=0.5 workload=read_mostly threads=2 load_factor=0.80 fp_bits=12 ops=1500000 warmup_ops=150000 rep=1
run=1 filter=cuckoo dist=sequential n=1000000 target_fpr=0.01 fp_bits=12 achieved_fpr=0.00091 bpe=31.2097 workload=read_mostly neg_share=0.5 threads=2 load_factor=0.8 ops_per_s=1.054002e+07 p50=0ns p95=0ns p99=0ns fail_rate=0.000000 avg_kicks=0.009260 stash_hits=0
CONFIG filter=cuckoo dist=sequential n=1000000 target_fpr=0.01 neg_share=0.5 workload=read_mostly threads=2 load_factor=0.80 fp_bits=12 ops=1500000 warmup_ops=150000 rep=2
run=2 filter=cuckoo dist=sequential n=1000000 target_fpr=0.01 fp_bits=12 achieved_fpr=0.00091 bpe=31.2097 workload=read_mostly neg_share=0.5 threads=2 load_factor=0.8 ops_per_s=1.062895e+07 p50=0ns p95=0ns p99=0ns fail_rate=0.000000 avg_kicks=0.009260 stash_hits=0
CONFIG filter=cuckoo dist=sequential n=1000000 target_fpr=0.01 neg_share=0.5 workload=read_mostly threads=2 load_factor=0.80 fp_bits=16 ops=1500000 warmup_ops=150000 rep=0
run=0 filter=cuckoo dist=sequential n=1000000 target_fpr=0.01 fp_bits=16 achieved_fpr=5.5e-05 bpe=31.2097 workload=read_mostly neg_share=0.5 threads=2 load_factor=0.8 ops_per_s=1.058923e+07 p50=0ns p95=0ns p99=0ns fail_rate=0.000000 avg_kicks=0.009596 stash_hits=0
CONFIG filter=cuckoo dist=sequential n=1000000 target_fpr=0.01 neg_share=0.5 workload=read_mostly threads=2 load_factor=0.80 fp_bits=16 ops=1500000 warmup_ops=150000 rep=1
run=1 filter=cuckoo dist=sequential n=1000000 target_fpr=0.01 fp_bits=16 achieved_fpr=5.5e-05 bpe=31.2097 workload=read_mostly neg_share=0.5 threads=2 load_factor=0.8 ops_per_s=1.053342e+07 p50=0ns p95=0ns p99=0ns fail_rate=0.000000 avg_kicks=0.009595 stash_hits=0
CONFIG filter=cuckoo dist=sequential n=1000000 target_fpr=0.01 neg_share=0.5 workload=read_mostly threads=2 load_factor=0.80 fp_bits=16 ops=1500000 warmup_ops=150000 rep=2
run=2 filter=cuckoo dist=sequential n=1000000 target_fpr=0.01 fp_bits=16 achieved_fpr=5.5e-05 bpe=31.2097 workload=read_mostly neg_share=0.5 threads=2 load_factor=0.8 ops_per_s=9.745934e+06 p50=0ns p95=0ns p99=0ns fail_rate=0.000000 avg_kicks=0.009595 stash_hits=0
CONFIG filter=quotient dist=sequential n=1000000 target_fpr=0.01 neg_share=0.5 workload=read_mostly threads=2 load_factor=0.80 fp_bits=12 ops=1500000 warmup_ops=150000 rep=0
run=0 filter=quotient dist=sequential n=1000000 target_fpr=0.01 fp_bits=12 achieved_fpr=0.001903 bpe=49.8047 workload=read_mostly neg_share=0.5 threads=2 load_factor=0.8 ops_per_s=6.362819e+06 p50=0ns p95=0ns p99=0ns avg_probe=1.250736 cluster_mean=2.401797 cluster_p99=12.000000
CONFIG filter=quotient dist=sequential n=1000000 target_fpr=0.01 neg_share=0.5 workload=read_mostly threads=2 load_factor=0.80 fp_bits=12 ops=1500000 warmup_ops=150000 rep=1
run=1 filter=quotient dist=sequential n=1000000 target_fpr=0.01 fp_bits=12 achieved_fpr=0.001903 bpe=49.8047 workload=read_mostly neg_share=0.5 threads=2 load_factor=0.8 ops_per_s=6.227363e+06 p50=0ns p95=0ns p99=0ns avg_probe=1.250772 cluster_mean=2.401797 cluster_p99=12.000000
CONFIG filter=quotient dist=sequential n=1000000 target_fpr=0.01 neg_share=0.5 workload=read_mostly threads=2 load_factor=0.80 fp_bits=12 ops=1500000 warmup_ops=150000 rep=2
run=2 filter=quotient dist=sequential n=1000000 target_fpr=0.01 fp_bits=12 achieved_fpr=0.001903 bpe=49.8047 workload=read_mostly neg_share=0.5 threads=2 load_factor=0.8 ops_per_s=6.332224e+06 p50=0ns p95=0ns p99=0ns avg_probe=1.250781 cluster_mean=2.401797 cluster_p99=12.000000
CONFIG filter=bloom dist=sequential n=1000000 target_fpr=0.01 neg_share=0.5 workload=read_mostly threads=4 load_factor=0.80 fp_bits=12 ops=1500000 warmup_ops=150000 rep=0
run=0 filter=bloom dist=sequential n=1000000 target_fpr=0.01 fp_bits=12 achieved_fpr=0.035322 bpe=16.7772 workload=read_mostly neg_share=0.5 threads=4 load_factor=0.8 ops_per_s=4.787803e+07 p50=0ns p95=0ns p99=0ns
CONFIG filter=bloom dist=sequential n=1000000 target_fpr=0.01 neg_share=0.5 workload=read_mostly threads=4 load_factor=0.80 fp_bits=12 ops=1500000 warmup_ops=150000 rep=1
run=1 filter=bloom dist=sequential n=1000000 target_fpr=0.01 fp_bits=12 achieved_fpr=0.035322 bpe=16.7772 workload=read_mostly neg_share=0.5 threads=4 load_factor=0.8 ops_per_s=4.578292e+07 p50=0ns p95=0ns p99=0ns
CONFIG filter=bloom dist=sequential n=1000000 target_fpr=0.01 neg_share=0.5 workload=read_mostly threads=4 load_factor=0.80 fp_bits=12 ops=1500000 warmup_ops=150000 rep=2
run=2 filter=bloom dist=sequential n=1000000 target_fpr=0.01 fp_bits=12 achieved_fpr=0.035322 bpe=16.7772 workload=read_mostly neg_share=0.5 threads=4 load_factor=0.8 ops_per_s=4.865964e+07 p50=0ns p95=0ns p99=0ns
CONFIG filter=xor dist=sequential n=1000000 target_fpr=0.01 neg_share=0.5 workload=read_mostly threads=4 load_factor=0.80 fp_bits=8 ops=1500000 warmup_ops=150000 rep=0
run=0 filter=xor dist=sequential n=1000000 target_fpr=0.01 fp_bits=8 achieved_fpr=0.003361 bpe=33.5544 workload=read_mostly neg_share=0.5 threads=4 load_factor=0.8 ops_per_s=4.196585e+07 p50=0ns p95=0ns p99=0ns
CONFIG filter=xor dist=sequential n=1000000 target_fpr=0.01 neg_share=0.5 workload=read_mostly threads=4 load_factor=0.80 fp_bits=8 ops=1500000 warmup_ops=150000 rep=1
run=1 filter=xor dist=sequential n=1000000 target_fpr=0.01 fp_bits=8 achieved_fpr=0.003361 bpe=33.5544 workload=read_mostly neg_share=0.5 threads=4 load_factor=0.8 ops_per_s=3.978410e+07 p50=0ns p95=0ns p99=0ns
CONFIG filter=xor dist=sequential n=1000000 target_fpr=0.01 neg_share=0.5 workload=read_mostly threads=4 load_factor=0.80 fp_bits=8 ops=1500000 warmup_ops=150000 rep=2
run=2 filter=xor dist=sequential n=1000000 target_fpr=0.01 fp_bits=8 achieved_fpr=0.003361 bpe=33.5544 workload=read_mostly neg_share=0.5 threads=4 load_factor=0.8 ops_per_s=4.580891e+07 p50=0ns p95=0ns p99=0ns
CONFIG filter=xor dist=sequential n=1000000 target_fpr=0.01 neg_share=0.5 workload=read_mostly threads=4 load_factor=0.80 fp_bits=12 ops=1500000 warmup_ops=150000 rep=0
run=0 filter=xor dist=sequential n=1000000 target_fpr=0.01 fp_bits=12 achieved_fpr=0.00019 bpe=33.5544 workload=read_mostly neg_share=0.5 threads=4 load_factor=0.8 ops_per_s=4.458073e+07 p50=0ns p95=0ns p99=0ns
CONFIG filter=xor dist=sequential n=1000000 target_fpr=0.01 neg_share=0.5 workload=read_mostly threads=4 load_factor=0.80 fp_bits=12 ops=1500000 warmup_ops=150000 rep=1
run=1 filter=xor dist=sequential n=1000000 target_fpr=0.01 fp_bits=12 achieved_fpr=0.00019 bpe=33.5544 workload=read_mostly neg_share=0.5 threads=4 load_factor=0.8 ops_per_s=3.904948e+07 p50=0ns p95=0ns p99=0ns
CONFIG filter=xor dist=sequential n=1000000 target_fpr=0.01 neg_share=0.5 workload=read_mostly threads=4 load_factor=0.80 fp_bits=12 ops=1500000 warmup_ops=150000 rep=2
run=2 filter=xor dist=sequential n=1000000 target_fpr=0.01 fp_bits=12 achieved_fpr=0.00019 bpe=33.5544 workload=read_mostly neg_share=0.5 threads=4 load_factor=0.8 ops_per_s=3.807169e+07 p50=0ns p95=0ns p99=0ns
CONFIG filter=xor dist=sequential n=1000000 target_fpr=0.01 neg_share=0.5 workload=read_mostly threads=4 load_factor=0.80 fp_bits=16 ops=1500000 warmup_ops=150000 rep=0
run=0 filter=xor dist=sequential n=1000000 target_fpr=0.01 fp_bits=16 achieved_fpr=1.4e-05 bpe=33.5544 workload=read_mostly neg_share=0.5 threads=4 load_factor=0.8 ops_per_s=4.390738e+07 p50=0ns p95=0ns p99=0ns
CONFIG filter=xor dist=sequential n=1000000 target_fpr=0.01 neg_share=0.5 workload=read_mostly threads=4 load_factor=0.80 fp_bits=16 ops=1500000 warmup_ops=150000 rep=1
run=1 filter=xor dist=sequential n=1000000 target_fpr=0.01 fp_bits=16 achieved_fpr=1.4e-05 bpe=33.5544 workload=read_mostly neg_share=0.5 threads=4 load_factor=0.8 ops_per_s=4.453176e+07 p50=0ns p95=0ns p99=0ns
CONFIG filter=xor dist=sequential n=1000000 target_fpr=0.01 neg_share=0.5 workload=read_mostly threads=4 load_factor=0.80 fp_bits=16 ops=1500000 warmup_ops=150000 rep=2
run=2 filter=xor dist=sequential n=1000000 target_fpr=0.01 fp_bits=16 achieved_fpr=1.4e-05 bpe=33.5544 workload=read_mostly neg_share=0.5 threads=4 load_factor=0.8 ops_per_s=4.259811e+07 p50=0ns p95=0ns p99=0ns
CONFIG filter=cuckoo dist=sequential n=1000000 target_fpr=0.01 neg_share=0.5 workload=read_mostly threads=4 load_factor=0.80 fp_bits=8 ops=1500000 warmup_ops=150000 rep=0
run=0 filter=cuckoo dist=sequential n=1000000 target_fpr=0.01 fp_bits=8 achieved_fpr=0.014904 bpe=31.2068 workload=read_mostly neg_share=0.5 threads=4 load_factor=0.8 ops_per_s=3.823878e+06 p50=0ns p95=0ns p99=0ns fail_rate=0.000000 avg_kicks=0.009483 stash_hits=0
CONFIG filter=cuckoo dist=sequential n=1000000 target_fpr=0.01 neg_share=0.5 workload=read_mostly threads=4 load_factor=0.80 fp_bits=8 ops=1500000 warmup_ops=150000 rep=1
run=1 filter=cuckoo dist=sequential n=1000000 target_fpr=0.01 fp_bits=8 achieved_fpr=0.014904 bpe=31.2068 workload=read_mostly neg_share=0.5 threads=4 load_factor=0.8 ops_per_s=3.396064e+06 p50=0ns p95=0ns p99=0ns fail_rate=0.000000 avg_kicks=0.009527 stash_hits=0
CONFIG filter=cuckoo dist=sequential n=1000000 target_fpr=0.01 neg_share=0.5 workload=read_mostly threads=4 load_factor=0.80 fp_bits=8 ops=1500000 warmup_ops=150000 rep=2
run=2 filter=cuckoo dist=sequential n=1000000 target_fpr=0.01 fp_bits=8 achieved_fpr=0.014904 bpe=31.2068 workload=read_mostly neg_share=0.5 threads=4 load_factor=0.8 ops_per_s=4.003264e+06 p50=0ns p95=0ns p99=0ns fail_rate=0.000000 avg_kicks=0.009533 stash_hits=0
CONFIG filter=cuckoo dist=sequential n=1000000 target_fpr=0.01 neg_share=0.5 workload=read_mostly threads=4 load_factor=0.80 fp_bits=12 ops=1500000 warmup_ops=150000 rep=0
run=0 filter=cuckoo dist=sequential n=1000000 target_fpr=0.01 fp_bits=12 achieved_fpr=0.00091 bpe=31.2068 workload=read_mostly neg_share=0.5 threads=4 load_factor=0.8 ops_per_s=3.267235e+06 p50=0ns p95=0ns p99=0ns fail_rate=0.000000 avg_kicks=0.009189 stash_hits=0
CONFIG filter=cuckoo dist=sequential n=1000000 target_fpr=0.01 neg_share=0.5 workload=read_mostly threads=4 load_factor=0.80 fp_bits=12 ops=1500000 warmup_ops=150000 rep=1
run=1 filter=cuckoo dist=sequential n=1000000 target_fpr=0.01 fp_bits=12 achieved_fpr=0.00091 bpe=31.2068 workload=read_mostly neg_share=0.5 threads=4 load_factor=0.8 ops_per_s=3.285174e+06 p50=0ns p95=0ns p99=0ns fail_rate=0.000000 avg_kicks=0.009193 stash_hits=0
CONFIG filter=cuckoo dist=sequential n=1000000 target_fpr=0.01 neg_share=0.5 workload=read_mostly threads=4 load_factor=0.80 fp_bits=12 ops=1500000 warmup_ops=150000 rep=2
run=2 filter=cuckoo dist=sequential n=1000000 target_fpr=0.01 fp_bits=12 achieved_fpr=0.00091 bpe=31.2068 workload=read_mostly neg_share=0.5 threads=4 load_factor=0.8 ops_per_s=3.734522e+06 p50=0ns p95=0ns p99=0ns fail_rate=0.000000 avg_kicks=0.009182 stash_hits=0
CONFIG filter=cuckoo dist=sequential n=1000000 target_fpr=0.01 neg_share=0.5 workload=read_mostly threads=4 load_factor=0.80 fp_bits=16 ops=1500000 warmup_ops=150000 rep=0
run=0 filter=cuckoo dist=sequential n=1000000 target_fpr=0.01 fp_bits=16 achieved_fpr=5.5e-05 bpe=31.2068 workload=read_mostly neg_share=0.5 threads=4 load_factor=0.8 ops_per_s=3.275646e+06 p50=0ns p95=0ns p99=0ns fail_rate=0.000000 avg_kicks=0.009550 stash_hits=0
CONFIG filter=cuckoo dist=sequential n=1000000 target_fpr=0.01 neg_share=0.5 workload=read_mostly threads=4 load_factor=0.80 fp_bits=16 ops=1500000 warmup_ops=150000 rep=1
run=1 filter=cuckoo dist=sequential n=1000000 target_fpr=0.01 fp_bits=16 achieved_fpr=5.5e-05 bpe=31.2068 workload=read_mostly neg_share=0.5 threads=4 load_factor=0.8 ops_per_s=3.656696e+06 p50=0ns p95=0ns p99=0ns fail_rate=0.000000 avg_kicks=0.009552 stash_hits=0
CONFIG filter=cuckoo dist=sequential n=1000000 target_fpr=0.01 neg_share=0.5 workload=read_mostly threads=4 load_factor=0.80 fp_bits=16 ops=1500000 warmup_ops=150000 rep=2
run=2 filter=cuckoo dist=sequential n=1000000 target_fpr=0.01 fp_bits=16 achieved_fpr=5.5e-05 bpe=31.2068 workload=read_mostly neg_share=0.5 threads=4 load_factor=0.8 ops_per_s=3.712775e+06 p50=0ns p95=0ns p99=0ns fail_rate=0.000000 avg_kicks=0.009549 stash_hits=0
CONFIG filter=quotient dist=sequential n=1000000 target_fpr=0.01 neg_share=0.5 workload=read_mostly threads=4 load_factor=0.80 fp_bits=12 ops=1500000 warmup_ops=150000 rep=0
run=0 filter=quotient dist=sequential n=1000000 target_fpr=0.01 fp_bits=12 achieved_fpr=0.001903 bpe=49.8054 workload=read_mostly neg_share=0.5 threads=4 load_factor=0.8 ops_per_s=3.031673e+06 p50=0ns p95=0ns p99=0ns avg_probe=1.250888 cluster_mean=2.401797 cluster_p99=12.000000
CONFIG filter=quotient dist=sequential n=1000000 target_fpr=0.01 neg_share=0.5 workload=read_mostly threads=4 load_factor=0.80 fp_bits=12 ops=1500000 warmup_ops=150000 rep=1
run=1 filter=quotient dist=sequential n=1000000 target_fpr=0.01 fp_bits=12 achieved_fpr=0.001903 bpe=49.8054 workload=read_mostly neg_share=0.5 threads=4 load_factor=0.8 ops_per_s=3.360545e+06 p50=0ns p95=0ns p99=0ns avg_probe=1.250873 cluster_mean=2.401797 cluster_p99=12.000000
CONFIG filter=quotient dist=sequential n=1000000 target_fpr=0.01 neg_share=0.5 workload=read_mostly threads=4 load_factor=0.80 fp_bits=12 ops=1500000 warmup_ops=150000 rep=2
run=2 filter=quotient dist=sequential n=1000000 target_fpr=0.01 fp_bits=12 achieved_fpr=0.001903 bpe=49.8054 workload=read_mostly neg_share=0.5 threads=4 load_factor=0.8 ops_per_s=2.978687e+06 p50=0ns p95=0ns p99=0ns avg_probe=1.250798 cluster_mean=2.401797 cluster_p99=12.000000
CONFIG filter=bloom dist=sequential n=1000000 target_fpr=0.01 neg_share=0.5 workload=read_mostly threads=8 load_factor=0.80 fp_bits=12 ops=1500000 warmup_ops=150000 rep=0
run=0 filter=bloom dist=sequential n=1000000 target_fpr=0.01 fp_bits=12 achieved_fpr=0.035322 bpe=16.7772 workload=read_mostly neg_share=0.5 threads=8 load_factor=0.8 ops_per_s=9.436667e+07 p50=0ns p95=0ns p99=0ns
CONFIG filter=bloom dist=sequential n=1000000 target_fpr=0.01 neg_share=0.5 workload=read_mostly threads=8 load_factor=0.80 fp_bits=12 ops=1500000 warmup_ops=150000 rep=1
run=1 filter=bloom dist=sequential n=1000000 target_fpr=0.01 fp_bits=12 achieved_fpr=0.035322 bpe=16.7772 workload=read_mostly neg_share=0.5 threads=8 load_factor=0.8 ops_per_s=8.919478e+07 p50=0ns p95=0ns p99=0ns
CONFIG filter=bloom dist=sequential n=1000000 target_fpr=0.01 neg_share=0.5 workload=read_mostly threads=8 load_factor=0.80 fp_bits=12 ops=1500000 warmup_ops=150000 rep=2
run=2 filter=bloom dist=sequential n=1000000 target_fpr=0.01 fp_bits=12 achieved_fpr=0.035322 bpe=16.7772 workload=read_mostly neg_share=0.5 threads=8 load_factor=0.8 ops_per_s=9.360150e+07 p50=0ns p95=0ns p99=0ns
CONFIG filter=xor dist=sequential n=1000000 target_fpr=0.01 neg_share=0.5 workload=read_mostly threads=8 load_factor=0.80 fp_bits=8 ops=1500000 warmup_ops=150000 rep=0
run=0 filter=xor dist=sequential n=1000000 target_fpr=0.01 fp_bits=8 achieved_fpr=0.003361 bpe=33.5544 workload=read_mostly neg_share=0.5 threads=8 load_factor=0.8 ops_per_s=8.302340e+07 p50=0ns p95=0ns p99=0ns
CONFIG filter=xor dist=sequential n=1000000 target_fpr=0.01 neg_share=0.5 workload=read_mostly threads=8 load_factor=0.80 fp_bits=8 ops=1500000 warmup_ops=150000 rep=1
run=1 filter=xor dist=sequential n=1000000 target_fpr=0.01 fp_bits=8 achieved_fpr=0.003361 bpe=33.5544 workload=read_mostly neg_share=0.5 threads=8 load_factor=0.8 ops_per_s=8.495785e+07 p50=0ns p95=0ns p99=0ns
CONFIG filter=xor dist=sequential n=1000000 target_fpr=0.01 neg_share=0.5 workload=read_mostly threads=8 load_factor=0.80 fp_bits=8 ops=1500000 warmup_ops=150000 rep=2
run=2 filter=xor dist=sequential n=1000000 target_fpr=0.01 fp_bits=8 achieved_fpr=0.003361 bpe=33.5544 workload=read_mostly neg_share=0.5 threads=8 load_factor=0.8 ops_per_s=8.656910e+07 p50=0ns p95=0ns p99=0ns
CONFIG filter=xor dist=sequential n=1000000 target_fpr=0.01 neg_share=0.5 workload=read_mostly threads=8 load_factor=0.80 fp_bits=12 ops=1500000 warmup_ops=150000 rep=0
run=0 filter=xor dist=sequential n=1000000 target_fpr=0.01 fp_bits=12 achieved_fpr=0.00019 bpe=33.5544 workload=read_mostly neg_share=0.5 threads=8 load_factor=0.8 ops_per_s=8.638387e+07 p50=0ns p95=0ns p99=0ns
CONFIG filter=xor dist=sequential n=1000000 target_fpr=0.01 neg_share=0.5 workload=read_mostly threads=8 load_factor=0.80 fp_bits=12 ops=1500000 warmup_ops=150000 rep=1
run=1 filter=xor dist=sequential n=1000000 target_fpr=0.01 fp_bits=12 achieved_fpr=0.00019 bpe=33.5544 workload=read_mostly neg_share=0.5 threads=8 load_factor=0.8 ops_per_s=9.982991e+07 p50=0ns p95=0ns p99=0ns
CONFIG filter=xor dist=sequential n=1000000 target_fpr=0.01 neg_share=0.5 workload=read_mostly threads=8 load_factor=0.80 fp_bits=12 ops=1500000 warmup_ops=150000 rep=2
run=2 filter=xor dist=sequential n=1000000 target_fpr=0.01 fp_bits=12 achieved_fpr=0.00019 bpe=33.5544 workload=read_mostly neg_share=0.5 threads=8 load_factor=0.8 ops_per_s=8.864782e+07 p50=0ns p95=0ns p99=0ns
CONFIG filter=xor dist=sequential n=1000000 target_fpr=0.01 neg_share=0.5 workload=read_mostly threads=8 load_factor=0.80 fp_bits=16 ops=1500000 warmup_ops=150000 rep=0
run=0 filter=xor dist=sequential n=1000000 target_fpr=0.01 fp_bits=16 achieved_fpr=1.4e-05 bpe=33.5544 workload=read_mostly neg_share=0.5 threads=8 load_factor=0.8 ops_per_s=8.813198e+07 p50=0ns p95=0ns p99=0ns
CONFIG filter=xor dist=sequential n=1000000 target_fpr=0.01 neg_share=0.5 workload=read_mostly threads=8 load_factor=0.80 fp_bits=16 ops=1500000 warmup_ops=150000 rep=1
run=1 filter=xor dist=sequential n=1000000 target_fpr=0.01 fp_bits=16 achieved_fpr=1.4e-05 bpe=33.5544 workload=read_mostly neg_share=0.5 threads=8 load_factor=0.8 ops_per_s=8.668392e+07 p50=0ns p95=0ns p99=0ns
CONFIG filter=xor dist=sequential n=1000000 target_fpr=0.01 neg_share=0.5 workload=read_mostly threads=8 load_factor=0.80 fp_bits=16 ops=1500000 warmup_ops=150000 rep=2
run=2 filter=xor dist=sequential n=1000000 target_fpr=0.01 fp_bits=16 achieved_fpr=1.4e-05 bpe=33.5544 workload=read_mostly neg_share=0.5 threads=8 load_factor=0.8 ops_per_s=9.393412e+07 p50=0ns p95=0ns p99=0ns
CONFIG filter=cuckoo dist=sequential n=1000000 target_fpr=0.01 neg_share=0.5 workload=read_mostly threads=8 load_factor=0.80 fp_bits=8 ops=1500000 warmup_ops=150000 rep=0
run=0 filter=cuckoo dist=sequential n=1000000 target_fpr=0.01 fp_bits=8 achieved_fpr=0.014904 bpe=31.213 workload=read_mostly neg_share=0.5 threads=8 load_factor=0.8 ops_per_s=3.435533e+06 p50=0ns p95=0ns p99=0ns fail_rate=0.000000 avg_kicks=0.009065 stash_hits=0
CONFIG filter=cuckoo dist=sequential n=1000000 target_fpr=0.01 neg_share=0.5 workload=read_mostly threads=8 load_factor=0.80 fp_bits=8 ops=1500000 warmup_ops=150000 rep=1
run=1 filter=cuckoo dist=sequential n=1000000 target_fpr=0.01 fp_bits=8 achieved_fpr=0.014904 bpe=31.213 workload=read_mostly neg_share=0.5 threads=8 load_factor=0.8 ops_per_s=3.191006e+06 p50=0ns p95=0ns p99=0ns fail_rate=0.000000 avg_kicks=0.009072 stash_hits=0
CONFIG filter=cuckoo dist=sequential n=1000000 target_fpr=0.01 neg_share=0.5 workload=read_mostly threads=8 load_factor=0.80 fp_bits=8 ops=1500000 warmup_ops=150000 rep=2
run=2 filter=cuckoo dist=sequential n=1000000 target_fpr=0.01 fp_bits=8 achieved_fpr=0.014904 bpe=31.213 workload=read_mostly neg_share=0.5 threads=8 load_factor=0.8 ops_per_s=2.925864e+06 p50=0ns p95=0ns p99=0ns fail_rate=0.000000 avg_kicks=0.009037 stash_hits=0
CONFIG filter=cuckoo dist=sequential n=1000000 target_fpr=0.01 neg_share=0.5 workload=read_mostly threads=8 load_factor=0.80 fp_bits=12 ops=1500000 warmup_ops=150000 rep=0
run=0 filter=cuckoo dist=sequential n=1000000 target_fpr=0.01 fp_bits=12 achieved_fpr=0.00091 bpe=31.213 workload=read_mostly neg_share=0.5 threads=8 load_factor=0.8 ops_per_s=3.030487e+06 p50=0ns p95=0ns p99=0ns fail_rate=0.000000 avg_kicks=0.009225 stash_hits=0
CONFIG filter=cuckoo dist=sequential n=1000000 target_fpr=0.01 neg_share=0.5 workload=read_mostly threads=8 load_factor=0.80 fp_bits=12 ops=1500000 warmup_ops=150000 rep=1
run=1 filter=cuckoo dist=sequential n=1000000 target_fpr=0.01 fp_bits=12 achieved_fpr=0.00091 bpe=31.213 workload=read_mostly neg_share=0.5 threads=8 load_factor=0.8 ops_per_s=3.163154e+06 p50=0ns p95=0ns p99=0ns fail_rate=0.000000 avg_kicks=0.009220 stash_hits=0
CONFIG filter=cuckoo dist=sequential n=1000000 target_fpr=0.01 neg_share=0.5 workload=read_mostly threads=8 load_factor=0.80 fp_bits=12 ops=1500000 warmup_ops=150000 rep=2
run=2 filter=cuckoo dist=sequential n=1000000 target_fpr=0.01 fp_bits=12 achieved_fpr=0.00091 bpe=31.213 workload=read_mostly neg_share=0.5 threads=8 load_factor=0.8 ops_per_s=2.882755e+06 p50=0ns p95=0ns p99=0ns fail_rate=0.000000 avg_kicks=0.009233 stash_hits=0
CONFIG filter=cuckoo dist=sequential n=1000000 target_fpr=0.01 neg_share=0.5 workload=read_mostly threads=8 load_factor=0.80 fp_bits=16 ops=1500000 warmup_ops=150000 rep=0
run=0 filter=cuckoo dist=sequential n=1000000 target_fpr=0.01 fp_bits=16 achieved_fpr=5.5e-05 bpe=31.213 workload=read_mostly neg_share=0.5 threads=8 load_factor=0.8 ops_per_s=2.967916e+06 p50=0ns p95=0ns p99=0ns fail_rate=0.000000 avg_kicks=0.009491 stash_hits=0
CONFIG filter=cuckoo dist=sequential n=1000000 target_fpr=0.01 neg_share=0.5 workload=read_mostly threads=8 load_factor=0.80 fp_bits=16 ops=1500000 warmup_ops=150000 rep=1
run=1 filter=cuckoo dist=sequential n=1000000 target_fpr=0.01 fp_bits=16 achieved_fpr=5.5e-05 bpe=31.213 workload=read_mostly neg_share=0.5 threads=8 load_factor=0.8 ops_per_s=2.866619e+06 p50=0ns p95=0ns p99=0ns fail_rate=0.000000 avg_kicks=0.009495 stash_hits=0
CONFIG filter=cuckoo dist=sequential n=1000000 target_fpr=0.01 neg_share=0.5 workload=read_mostly threads=8 load_factor=0.80 fp_bits=16 ops=1500000 warmup_ops=150000 rep=2
run=2 filter=cuckoo dist=sequential n=1000000 target_fpr=0.01 fp_bits=16 achieved_fpr=5.5e-05 bpe=31.213 workload=read_mostly neg_share=0.5 threads=8 load_factor=0.8 ops_per_s=2.847803e+06 p50=0ns p95=0ns p99=0ns fail_rate=0.000000 avg_kicks=0.009490 stash_hits=0
CONFIG filter=quotient dist=sequential n=1000000 target_fpr=0.01 neg_share=0.5 workload=read_mostly threads=8 load_factor=0.80 fp_bits=12 ops=1500000 warmup_ops=150000 rep=0
run=0 filter=quotient dist=sequential n=1000000 target_fpr=0.01 fp_bits=12 achieved_fpr=0.001903 bpe=49.8095 workload=read_mostly neg_share=0.5 threads=8 load_factor=0.8 ops_per_s=2.825084e+06 p50=0ns p95=0ns p99=0ns avg_probe=1.249956 cluster_mean=2.401797 cluster_p99=12.000000
CONFIG filter=quotient dist=sequential n=1000000 target_fpr=0.01 neg_share=0.5 workload=read_mostly threads=8 load_factor=0.80 fp_bits=12 ops=1500000 warmup_ops=150000 rep=1
run=1 filter=quotient dist=sequential n=1000000 target_fpr=0.01 fp_bits=12 achieved_fpr=0.001903 bpe=49.8095 workload=read_mostly neg_share=0.5 threads=8 load_factor=0.8 ops_per_s=2.750018e+06 p50=0ns p95=0ns p99=0ns avg_probe=1.250222 cluster_mean=2.401797 cluster_p99=12.000000
CONFIG filter=quotient dist=sequential n=1000000 target_fpr=0.01 neg_share=0.5 workload=read_mostly threads=8 load_factor=0.80 fp_bits=12 ops=1500000 warmup_ops=150000 rep=2
run=2 filter=quotient dist=sequential n=1000000 target_fpr=0.01 fp_bits=12 achieved_fpr=0.001903 bpe=49.8095 workload=read_mostly neg_share=0.5 threads=8 load_factor=0.8 ops_per_s=2.806229e+06 p50=0ns p95=0ns p99=0ns avg_probe=1.250066 cluster_mean=2.401797 cluster_p99=12.000000
CONFIG filter=bloom dist=sequential n=1000000 target_fpr=0.01 neg_share=0.5 workload=read_mostly threads=12 load_factor=0.80 fp_bits=12 ops=1500000 warmup_ops=150000 rep=0
run=0 filter=bloom dist=sequential n=1000000 target_fpr=0.01 fp_bits=12 achieved_fpr=0.035322 bpe=16.7772 workload=read_mostly neg_share=0.5 threads=12 load_factor=0.8 ops_per_s=1.084446e+08 p50=0ns p95=0ns p99=0ns
CONFIG filter=bloom dist=sequential n=1000000 target_fpr=0.01 neg_share=0.5 workload=read_mostly threads=12 load_factor=0.80 fp_bits=12 ops=1500000 warmup_ops=150000 rep=1
run=1 filter=bloom dist=sequential n=1000000 target_fpr=0.01 fp_bits=12 achieved_fpr=0.035322 bpe=16.7772 workload=read_mostly neg_share=0.5 threads=12 load_factor=0.8 ops_per_s=1.030715e+08 p50=0ns p95=0ns p99=0ns
CONFIG filter=bloom dist=sequential n=1000000 target_fpr=0.01 neg_share=0.5 workload=read_mostly threads=12 load_factor=0.80 fp_bits=12 ops=1500000 warmup_ops=150000 rep=2
run=2 filter=bloom dist=sequential n=1000000 target_fpr=0.01 fp_bits=12 achieved_fpr=0.035322 bpe=16.7772 workload=read_mostly neg_share=0.5 threads=12 load_factor=0.8 ops_per_s=1.054926e+08 p50=0ns p95=0ns p99=0ns
CONFIG filter=xor dist=sequential n=1000000 target_fpr=0.01 neg_share=0.5 workload=read_mostly threads=12 load_factor=0.80 fp_bits=8 ops=1500000 warmup_ops=150000 rep=0
run=0 filter=xor dist=sequential n=1000000 target_fpr=0.01 fp_bits=8 achieved_fpr=0.003361 bpe=33.5544 workload=read_mostly neg_share=0.5 threads=12 load_factor=0.8 ops_per_s=1.255493e+08 p50=0ns p95=0ns p99=0ns
CONFIG filter=xor dist=sequential n=1000000 target_fpr=0.01 neg_share=0.5 workload=read_mostly threads=12 load_factor=0.80 fp_bits=8 ops=1500000 warmup_ops=150000 rep=1
run=1 filter=xor dist=sequential n=1000000 target_fpr=0.01 fp_bits=8 achieved_fpr=0.003361 bpe=33.5544 workload=read_mostly neg_share=0.5 threads=12 load_factor=0.8 ops_per_s=1.182180e+08 p50=0ns p95=0ns p99=0ns
CONFIG filter=xor dist=sequential n=1000000 target_fpr=0.01 neg_share=0.5 workload=read_mostly threads=12 load_factor=0.80 fp_bits=8 ops=1500000 warmup_ops=150000 rep=2
run=2 filter=xor dist=sequential n=1000000 target_fpr=0.01 fp_bits=8 achieved_fpr=0.003361 bpe=33.5544 workload=read_mostly neg_share=0.5 threads=12 load_factor=0.8 ops_per_s=1.052079e+08 p50=0ns p95=0ns p99=0ns
CONFIG filter=xor dist=sequential n=1000000 target_fpr=0.01 neg_share=0.5 workload=read_mostly threads=12 load_factor=0.80 fp_bits=12 ops=1500000 warmup_ops=150000 rep=0
run=0 filter=xor dist=sequential n=1000000 target_fpr=0.01 fp_bits=12 achieved_fpr=0.00019 bpe=33.5544 workload=read_mostly neg_share=0.5 threads=12 load_factor=0.8 ops_per_s=1.329654e+08 p50=0ns p95=0ns p99=0ns
CONFIG filter=xor dist=sequential n=1000000 target_fpr=0.01 neg_share=0.5 workload=read_mostly threads=12 load_factor=0.80 fp_bits=12 ops=1500000 warmup_ops=150000 rep=1
run=1 filter=xor dist=sequential n=1000000 target_fpr=0.01 fp_bits=12 achieved_fpr=0.00019 bpe=33.5544 workload=read_mostly neg_share=0.5 threads=12 load_factor=0.8 ops_per_s=1.549393e+08 p50=0ns p95=0ns p99=0ns
CONFIG filter=xor dist=sequential n=1000000 target_fpr=0.01 neg_share=0.5 workload=read_mostly threads=12 load_factor=0.80 fp_bits=12 ops=1500000 warmup_ops=150000 rep=2
run=2 filter=xor dist=sequential n=1000000 target_fpr=0.01 fp_bits=12 achieved_fpr=0.00019 bpe=33.5544 workload=read_mostly neg_share=0.5 threads=12 load_factor=0.8 ops_per_s=1.601801e+08 p50=0ns p95=0ns p99=0ns
CONFIG filter=xor dist=sequential n=1000000 target_fpr=0.01 neg_share=0.5 workload=read_mostly threads=12 load_factor=0.80 fp_bits=16 ops=1500000 warmup_ops=150000 rep=0
run=0 filter=xor dist=sequential n=1000000 target_fpr=0.01 fp_bits=16 achieved_fpr=1.4e-05 bpe=33.5544 workload=read_mostly neg_share=0.5 threads=12 load_factor=0.8 ops_per_s=1.166757e+08 p50=0ns p95=0ns p99=0ns
CONFIG filter=xor dist=sequential n=1000000 target_fpr=0.01 neg_share=0.5 workload=read_mostly threads=12 load_factor=0.80 fp_bits=16 ops=1500000 warmup_ops=150000 rep=1
run=1 filter=xor dist=sequential n=1000000 target_fpr=0.01 fp_bits=16 achieved_fpr=1.4e-05 bpe=33.5544 workload=read_mostly neg_share=0.5 threads=12 load_factor=0.8 ops_per_s=1.417667e+08 p50=0ns p95=0ns p99=0ns
CONFIG filter=xor dist=sequential n=1000000 target_fpr=0.01 neg_share=0.5 workload=read_mostly threads=12 load_factor=0.80 fp_bits=16 ops=1500000 warmup_ops=150000 rep=2
run=2 filter=xor dist=sequential n=1000000 target_fpr=0.01 fp_bits=16 achieved_fpr=1.4e-05 bpe=33.5544 workload=read_mostly neg_share=0.5 threads=12 load_factor=0.8 ops_per_s=1.373212e+08 p50=0ns p95=0ns p99=0ns
CONFIG filter=cuckoo dist=sequential n=1000000 target_fpr=0.01 neg_share=0.5 workload=read_mostly threads=12 load_factor=0.80 fp_bits=8 ops=1500000 warmup_ops=150000 rep=0
run=0 filter=cuckoo dist=sequential n=1000000 target_fpr=0.01 fp_bits=8 achieved_fpr=0.014904 bpe=31.224 workload=read_mostly neg_share=0.5 threads=12 load_factor=0.8 ops_per_s=2.858341e+06 p50=0ns p95=0ns p99=0ns fail_rate=0.000000 avg_kicks=0.009146 stash_hits=0
CONFIG filter=cuckoo dist=sequential n=1000000 target_fpr=0.01 neg_share=0.5 workload=read_mostly threads=12 load_factor=0.80 fp_bits=8 ops=1500000 warmup_ops=150000 rep=1
run=1 filter=cuckoo dist=sequential n=1000000 target_fpr=0.01 fp_bits=8 achieved_fpr=0.014904 bpe=31.224 workload=read_mostly neg_share=0.5 threads=12 load_factor=0.8 ops_per_s=2.720195e+06 p50=0ns p95=0ns p99=0ns fail_rate=0.000000 avg_kicks=0.009146 stash_hits=0
CONFIG filter=cuckoo dist=sequential n=1000000 target_fpr=0.01 neg_share=0.5 workload=read_mostly threads=12 load_factor=0.80 fp_bits=8 ops=1500000 warmup_ops=150000 rep=2
run=2 filter=cuckoo dist=sequential n=1000000 target_fpr=0.01 fp_bits=8 achieved_fpr=0.014904 bpe=31.224 workload=read_mostly neg_share=0.5 threads=12 load_factor=0.8 ops_per_s=2.683386e+06 p50=0ns p95=0ns p99=0ns fail_rate=0.000000 avg_kicks=0.009172 stash_hits=0
CONFIG filter=cuckoo dist=sequential n=1000000 target_fpr=0.01 neg_share=0.5 workload=read_mostly threads=12 load_factor=0.80 fp_bits=12 ops=1500000 warmup_ops=150000 rep=0
run=0 filter=cuckoo dist=sequential n=1000000 target_fpr=0.01 fp_bits=12 achieved_fpr=0.00091 bpe=31.224 workload=read_mostly neg_share=0.5 threads=12 load_factor=0.8 ops_per_s=2.728346e+06 p50=0ns p95=0ns p99=0ns fail_rate=0.000000 avg_kicks=0.009187 stash_hits=0
CONFIG filter=cuckoo dist=sequential n=1000000 target_fpr=0.01 neg_share=0.5 workload=read_mostly threads=12 load_factor=0.80 fp_bits=12 ops=1500000 warmup_ops=150000 rep=1
run=1 filter=cuckoo dist=sequential n=1000000 target_fpr=0.01 fp_bits=12 achieved_fpr=0.00091 bpe=31.224 workload=read_mostly neg_share=0.5 threads=12 load_factor=0.8 ops_per_s=2.668526e+06 p50=0ns p95=0ns p99=0ns fail_rate=0.000000 avg_kicks=0.009182 stash_hits=0
CONFIG filter=cuckoo dist=sequential n=1000000 target_fpr=0.01 neg_share=0.5 workload=read_mostly threads=12 load_factor=0.80 fp_bits=12 ops=1500000 warmup_ops=150000 rep=2
run=2 filter=cuckoo dist=sequential n=1000000 target_fpr=0.01 fp_bits=12 achieved_fpr=0.00091 bpe=31.224 workload=read_mostly neg_share=0.5 threads=12 load_factor=0.8 ops_per_s=2.710251e+06 p50=0ns p95=0ns p99=0ns fail_rate=0.000000 avg_kicks=0.009190 stash_hits=0
CONFIG filter=cuckoo dist=sequential n=1000000 target_fpr=0.01 neg_share=0.5 workload=read_mostly threads=12 load_factor=0.80 fp_bits=16 ops=1500000 warmup_ops=150000 rep=0
run=0 filter=cuckoo dist=sequential n=1000000 target_fpr=0.01 fp_bits=16 achieved_fpr=5.5e-05 bpe=31.224 workload=read_mostly neg_share=0.5 threads=12 load_factor=0.8 ops_per_s=2.687372e+06 p50=0ns p95=0ns p99=0ns fail_rate=0.000000 avg_kicks=0.009305 stash_hits=0
CONFIG filter=cuckoo dist=sequential n=1000000 target_fpr=0.01 neg_share=0.5 workload=read_mostly threads=12 load_factor=0.80 fp_bits=16 ops=1500000 warmup_ops=150000 rep=1
run=1 filter=cuckoo dist=sequential n=1000000 target_fpr=0.01 fp_bits=16 achieved_fpr=5.5e-05 bpe=31.224 workload=read_mostly neg_share=0.5 threads=12 load_factor=0.8 ops_per_s=2.603287e+06 p50=0ns p95=0ns p99=0ns fail_rate=0.000000 avg_kicks=0.009319 stash_hits=0
CONFIG filter=cuckoo dist=sequential n=1000000 target_fpr=0.01 neg_share=0.5 workload=read_mostly threads=12 load_factor=0.80 fp_bits=16 ops=1500000 warmup_ops=150000 rep=2
run=2 filter=cuckoo dist=sequential n=1000000 target_fpr=0.01 fp_bits=16 achieved_fpr=5.5e-05 bpe=31.224 workload=read_mostly neg_share=0.5 threads=12 load_factor=0.8 ops_per_s=2.690203e+06 p50=0ns p95=0ns p99=0ns fail_rate=0.000000 avg_kicks=0.009313 stash_hits=0
CONFIG filter=quotient dist=sequential n=1000000 target_fpr=0.01 neg_share=0.5 workload=read_mostly threads=12 load_factor=0.80 fp_bits=12 ops=1500000 warmup_ops=150000 rep=0
run=0 filter=quotient dist=sequential n=1000000 target_fpr=0.01 fp_bits=12 achieved_fpr=0.001903 bpe=49.8086 workload=read_mostly neg_share=0.5 threads=12 load_factor=0.8 ops_per_s=1.988611e+06 p50=0ns p95=0ns p99=0ns avg_probe=1.250634 cluster_mean=2.401797 cluster_p99=12.000000
CONFIG filter=quotient dist=sequential n=1000000 target_fpr=0.01 neg_share=0.5 workload=read_mostly threads=12 load_factor=0.80 fp_bits=12 ops=1500000 warmup_ops=150000 rep=1
run=1 filter=quotient dist=sequential n=1000000 target_fpr=0.01 fp_bits=12 achieved_fpr=0.001903 bpe=49.8086 workload=read_mostly neg_share=0.5 threads=12 load_factor=0.8 ops_per_s=2.384920e+06 p50=0ns p95=0ns p99=0ns avg_probe=1.250737 cluster_mean=2.401797 cluster_p99=12.000000
CONFIG filter=quotient dist=sequential n=1000000 target_fpr=0.01 neg_share=0.5 workload=read_mostly threads=12 load_factor=0.80 fp_bits=12 ops=1500000 warmup_ops=150000 rep=2
run=2 filter=quotient dist=sequential n=1000000 target_fpr=0.01 fp_bits=12 achieved_fpr=0.001903 bpe=49.8086 workload=read_mostly neg_share=0.5 threads=12 load_factor=0.8 ops_per_s=2.411126e+06 p50=0ns p95=0ns p99=0ns avg_probe=1.250649 cluster_mean=2.401797 cluster_p99=12.000000
CONFIG filter=bloom dist=sequential n=1000000 target_fpr=0.01 neg_share=0.5 workload=balanced threads=1 load_factor=0.80 fp_bits=12 ops=1500000 warmup_ops=150000 rep=0
run=0 filter=bloom dist=sequential n=1000000 target_fpr=0.01 fp_bits=12 achieved_fpr=0.035322 bpe=16.7772 workload=balanced neg_share=0.5 threads=1 load_factor=0.8 ops_per_s=1.529689e+07 p50=0ns p95=0ns p99=0ns
CONFIG filter=bloom dist=sequential n=1000000 target_fpr=0.01 neg_share=0.5 workload=balanced threads=1 load_factor=0.80 fp_bits=12 ops=1500000 warmup_ops=150000 rep=1
run=1 filter=bloom dist=sequential n=1000000 target_fpr=0.01 fp_bits=12 achieved_fpr=0.035322 bpe=16.7772 workload=balanced neg_share=0.5 threads=1 load_factor=0.8 ops_per_s=1.554010e+07 p50=0ns p95=0ns p99=0ns
CONFIG filter=bloom dist=sequential n=1000000 target_fpr=0.01 neg_share=0.5 workload=balanced threads=1 load_factor=0.80 fp_bits=12 ops=1500000 warmup_ops=150000 rep=2
run=2 filter=bloom dist=sequential n=1000000 target_fpr=0.01 fp_bits=12 achieved_fpr=0.035322 bpe=16.7772 workload=balanced neg_share=0.5 threads=1 load_factor=0.8 ops_per_s=1.624741e+07 p50=0ns p95=0ns p99=0ns
CONFIG filter=xor dist=sequential n=1000000 target_fpr=0.01 neg_share=0.5 workload=balanced threads=1 load_factor=0.80 fp_bits=8 ops=1500000 warmup_ops=150000 rep=0
run=0 filter=xor dist=sequential n=1000000 target_fpr=0.01 fp_bits=8 achieved_fpr=0.003361 bpe=33.5544 workload=balanced neg_share=0.5 threads=1 load_factor=0.8 ops_per_s=1.542541e+07 p50=0ns p95=0ns p99=0ns
CONFIG filter=xor dist=sequential n=1000000 target_fpr=0.01 neg_share=0.5 workload=balanced threads=1 load_factor=0.80 fp_bits=8 ops=1500000 warmup_ops=150000 rep=1
run=1 filter=xor dist=sequential n=1000000 target_fpr=0.01 fp_bits=8 achieved_fpr=0.003361 bpe=33.5544 workload=balanced neg_share=0.5 threads=1 load_factor=0.8 ops_per_s=1.449704e+07 p50=0ns p95=0ns p99=0ns
CONFIG filter=xor dist=sequential n=1000000 target_fpr=0.01 neg_share=0.5 workload=balanced threads=1 load_factor=0.80 fp_bits=8 ops=1500000 warmup_ops=150000 rep=2
run=2 filter=xor dist=sequential n=1000000 target_fpr=0.01 fp_bits=8 achieved_fpr=0.003361 bpe=33.5544 workload=balanced neg_share=0.5 threads=1 load_factor=0.8 ops_per_s=1.427372e+07 p50=0ns p95=0ns p99=0ns
CONFIG filter=xor dist=sequential n=1000000 target_fpr=0.01 neg_share=0.5 workload=balanced threads=1 load_factor=0.80 fp_bits=12 ops=1500000 warmup_ops=150000 rep=0
run=0 filter=xor dist=sequential n=1000000 target_fpr=0.01 fp_bits=12 achieved_fpr=0.00019 bpe=33.5544 workload=balanced neg_share=0.5 threads=1 load_factor=0.8 ops_per_s=1.484355e+07 p50=0ns p95=0ns p99=0ns
CONFIG filter=xor dist=sequential n=1000000 target_fpr=0.01 neg_share=0.5 workload=balanced threads=1 load_factor=0.80 fp_bits=12 ops=1500000 warmup_ops=150000 rep=1
run=1 filter=xor dist=sequential n=1000000 target_fpr=0.01 fp_bits=12 achieved_fpr=0.00019 bpe=33.5544 workload=balanced neg_share=0.5 threads=1 load_factor=0.8 ops_per_s=1.632486e+07 p50=0ns p95=0ns p99=0ns
CONFIG filter=xor dist=sequential n=1000000 target_fpr=0.01 neg_share=0.5 workload=balanced threads=1 load_factor=0.80 fp_bits=12 ops=1500000 warmup_ops=150000 rep=2
run=2 filter=xor dist=sequential n=1000000 target_fpr=0.01 fp_bits=12 achieved_fpr=0.00019 bpe=33.5544 workload=balanced neg_share=0.5 threads=1 load_factor=0.8 ops_per_s=1.468256e+07 p50=0ns p95=0ns p99=0ns
CONFIG filter=xor dist=sequential n=1000000 target_fpr=0.01 neg_share=0.5 workload=balanced threads=1 load_factor=0.80 fp_bits=16 ops=1500000 warmup_ops=150000 rep=0
run=0 filter=xor dist=sequential n=1000000 target_fpr=0.01 fp_bits=16 achieved_fpr=1.4e-05 bpe=33.5544 workload=balanced neg_share=0.5 threads=1 load_factor=0.8 ops_per_s=1.666484e+07 p50=0ns p95=0ns p99=0ns
CONFIG filter=xor dist=sequential n=1000000 target_fpr=0.01 neg_share=0.5 workload=balanced threads=1 load_factor=0.80 fp_bits=16 ops=1500000 warmup_ops=150000 rep=1
run=1 filter=xor dist=sequential n=1000000 target_fpr=0.01 fp_bits=16 achieved_fpr=1.4e-05 bpe=33.5544 workload=balanced neg_share=0.5 threads=1 load_factor=0.8 ops_per_s=1.586155e+07 p50=0ns p95=0ns p99=0ns
CONFIG filter=xor dist=sequential n=1000000 target_fpr=0.01 neg_share=0.5 workload=balanced threads=1 load_factor=0.80 fp_bits=16 ops=1500000 warmup_ops=150000 rep=2
run=2 filter=xor dist=sequential n=1000000 target_fpr=0.01 fp_bits=16 achieved_fpr=1.4e-05 bpe=33.5544 workload=balanced neg_share=0.5 threads=1 load_factor=0.8 ops_per_s=1.502849e+07 p50=0ns p95=0ns p99=0ns
CONFIG filter=cuckoo dist=sequential n=1000000 target_fpr=0.01 neg_share=0.5 workload=balanced threads=1 load_factor=0.80 fp_bits=8 ops=1500000 warmup_ops=150000 rep=0
run=0 filter=cuckoo dist=sequential n=1000000 target_fpr=0.01 fp_bits=8 achieved_fpr=0.014904 bpe=28.6582 workload=balanced neg_share=0.5 threads=1 load_factor=0.8 ops_per_s=9.321086e+06 p50=0ns p95=0ns p99=0ns fail_rate=0.000000 avg_kicks=0.260558 stash_hits=1319
CONFIG filter=cuckoo dist=sequential n=1000000 target_fpr=0.01 neg_share=0.5 workload=balanced threads=1 load_factor=0.80 fp_bits=8 ops=1500000 warmup_ops=150000 rep=1
run=1 filter=cuckoo dist=sequential n=1000000 target_fpr=0.01 fp_bits=8 achieved_fpr=0.014904 bpe=28.6582 workload=balanced neg_share=0.5 threads=1 load_factor=0.8 ops_per_s=9.149629e+06 p50=0ns p95=0ns p99=0ns fail_rate=0.000000 avg_kicks=0.260558 stash_hits=1319
CONFIG filter=cuckoo dist=sequential n=1000000 target_fpr=0.01 neg_share=0.5 workload=balanced threads=1 load_factor=0.80 fp_bits=8 ops=1500000 warmup_ops=150000 rep=2
run=2 filter=cuckoo dist=sequential n=1000000 target_fpr=0.01 fp_bits=8 achieved_fpr=0.014904 bpe=28.6582 workload=balanced neg_share=0.5 threads=1 load_factor=0.8 ops_per_s=1.005277e+07 p50=0ns p95=0ns p99=0ns fail_rate=0.000000 avg_kicks=0.260558 stash_hits=1319
CONFIG filter=cuckoo dist=sequential n=1000000 target_fpr=0.01 neg_share=0.5 workload=balanced threads=1 load_factor=0.80 fp_bits=12 ops=1500000 warmup_ops=150000 rep=0
run=0 filter=cuckoo dist=sequential n=1000000 target_fpr=0.01 fp_bits=12 achieved_fpr=0.00091 bpe=28.6308 workload=balanced neg_share=0.5 threads=1 load_factor=0.8 ops_per_s=9.299919e+06 p50=0ns p95=0ns p99=0ns fail_rate=0.000028 avg_kicks=0.250146 stash_hits=1050
CONFIG filter=cuckoo dist=sequential n=1000000 target_fpr=0.01 neg_share=0.5 workload=balanced threads=1 load_factor=0.80 fp_bits=12 ops=1500000 warmup_ops=150000 rep=1
run=1 filter=cuckoo dist=sequential n=1000000 target_fpr=0.01 fp_bits=12 achieved_fpr=0.00091 bpe=28.6308 workload=balanced neg_share=0.5 threads=1 load_factor=0.8 ops_per_s=9.866036e+06 p50=0ns p95=0ns p99=0ns fail_rate=0.000028 avg_kicks=0.250146 stash_hits=1050
CONFIG filter=cuckoo dist=sequential n=1000000 target_fpr=0.01 neg_share=0.5 workload=balanced threads=1 load_factor=0.80 fp_bits=12 ops=1500000 warmup_ops=150000 rep=2
run=2 filter=cuckoo dist=sequential n=1000000 target_fpr=0.01 fp_bits=12 achieved_fpr=0.00091 bpe=28.6308 workload=balanced neg_share=0.5 threads=1 load_factor=0.8 ops_per_s=9.733943e+06 p50=0ns p95=0ns p99=0ns fail_rate=0.000028 avg_kicks=0.250146 stash_hits=1050
CONFIG filter=cuckoo dist=sequential n=1000000 target_fpr=0.01 neg_share=0.5 workload=balanced threads=1 load_factor=0.80 fp_bits=16 ops=1500000 warmup_ops=150000 rep=0
run=0 filter=cuckoo dist=sequential n=1000000 target_fpr=0.01 fp_bits=16 achieved_fpr=5.5e-05 bpe=28.6293 workload=balanced neg_share=0.5 threads=1 load_factor=0.8 ops_per_s=9.657085e+06 p50=0ns p95=0ns p99=0ns fail_rate=0.000217 avg_kicks=0.250771 stash_hits=69
CONFIG filter=cuckoo dist=sequential n=1000000 target_fpr=0.01 neg_share=0.5 workload=balanced threads=1 load_factor=0.80 fp_bits=16 ops=1500000 warmup_ops=150000 rep=1
run=1 filter=cuckoo dist=sequential n=1000000 target_fpr=0.01 fp_bits=16 achieved_fpr=5.5e-05 bpe=28.6293 workload=balanced neg_share=0.5 threads=1 load_factor=0.8 ops_per_s=9.805989e+06 p50=0ns p95=0ns p99=0ns fail_rate=0.000217 avg_kicks=0.250771 stash_hits=69
CONFIG filter=cuckoo dist=sequential n=1000000 target_fpr=0.01 neg_share=0.5 workload=balanced threads=1 load_factor=0.80 fp_bits=16 ops=1500000 warmup_ops=150000 rep=2
run=2 filter=cuckoo dist=sequential n=1000000 target_fpr=0.01 fp_bits=16 achieved_fpr=5.5e-05 bpe=28.6293 workload=balanced neg_share=0.5 threads=1 load_factor=0.8 ops_per_s=9.348284e+06 p50=0ns p95=0ns p99=0ns fail_rate=0.000217 avg_kicks=0.250771 stash_hits=69
CONFIG filter=quotient dist=sequential n=1000000 target_fpr=0.01 neg_share=0.5 workload=balanced threads=1 load_factor=0.80 fp_bits=12 ops=1500000 warmup_ops=150000 rep=0
run=0 filter=quotient dist=sequential n=1000000 target_fpr=0.01 fp_bits=12 achieved_fpr=0.001903 bpe=49.6629 workload=balanced neg_share=0.5 threads=1 load_factor=0.8 ops_per_s=7.370781e+06 p50=0ns p95=0ns p99=0ns avg_probe=1.247580 cluster_mean=2.401797 cluster_p99=12.000000
CONFIG filter=quotient dist=sequential n=1000000 target_fpr=0.01 neg_share=0.5 workload=balanced threads=1 load_factor=0.80 fp_bits=12 ops=1500000 warmup_ops=150000 rep=1
run=1 filter=quotient dist=sequential n=1000000 target_fpr=0.01 fp_bits=12 achieved_fpr=0.001903 bpe=49.6629 workload=balanced neg_share=0.5 threads=1 load_factor=0.8 ops_per_s=7.387767e+06 p50=0ns p95=0ns p99=0ns avg_probe=1.247580 cluster_mean=2.401797 cluster_p99=12.000000
CONFIG filter=quotient dist=sequential n=1000000 target_fpr=0.01 neg_share=0.5 workload=balanced threads=1 load_factor=0.80 fp_bits=12 ops=1500000 warmup_ops=150000 rep=2
run=2 filter=quotient dist=sequential n=1000000 target_fpr=0.01 fp_bits=12 achieved_fpr=0.001903 bpe=49.6629 workload=balanced neg_share=0.5 threads=1 load_factor=0.8 ops_per_s=7.578125e+06 p50=0ns p95=0ns p99=0ns avg_probe=1.247580 cluster_mean=2.401797 cluster_p99=12.000000
CONFIG filter=bloom dist=sequential n=1000000 target_fpr=0.01 neg_share=0.5 workload=balanced threads=2 load_factor=0.80 fp_bits=12 ops=1500000 warmup_ops=150000 rep=0
run=0 filter=bloom dist=sequential n=1000000 target_fpr=0.01 fp_bits=12 achieved_fpr=0.035322 bpe=16.7772 workload=balanced neg_share=0.5 threads=2 load_factor=0.8 ops_per_s=2.254174e+07 p50=0ns p95=0ns p99=0ns
CONFIG filter=bloom dist=sequential n=1000000 target_fpr=0.01 neg_share=0.5 workload=balanced threads=2 load_factor=0.80 fp_bits=12 ops=1500000 warmup_ops=150000 rep=1
run=1 filter=bloom dist=sequential n=1000000 target_fpr=0.01 fp_bits=12 achieved_fpr=0.035322 bpe=16.7772 workload=balanced neg_share=0.5 threads=2 load_factor=0.8 ops_per_s=2.412122e+07 p50=0ns p95=0ns p99=0ns
CONFIG filter=bloom dist=sequential n=1000000 target_fpr=0.01 neg_share=0.5 workload=balanced threads=2 load_factor=0.80 fp_bits=12 ops=1500000 warmup_ops=150000 rep=2
run=2 filter=bloom dist=sequential n=1000000 target_fpr=0.01 fp_bits=12 achieved_fpr=0.035322 bpe=16.7772 workload=balanced neg_share=0.5 threads=2 load_factor=0.8 ops_per_s=2.447287e+07 p50=0ns p95=0ns p99=0ns
CONFIG filter=xor dist=sequential n=1000000 target_fpr=0.01 neg_share=0.5 workload=balanced threads=2 load_factor=0.80 fp_bits=8 ops=1500000 warmup_ops=150000 rep=0
run=0 filter=xor dist=sequential n=1000000 target_fpr=0.01 fp_bits=8 achieved_fpr=0.003361 bpe=33.5544 workload=balanced neg_share=0.5 threads=2 load_factor=0.8 ops_per_s=2.116427e+07 p50=0ns p95=0ns p99=0ns
CONFIG filter=xor dist=sequential n=1000000 target_fpr=0.01 neg_share=0.5 workload=balanced threads=2 load_factor=0.80 fp_bits=8 ops=1500000 warmup_ops=150000 rep=1
run=1 filter=xor dist=sequential n=1000000 target_fpr=0.01 fp_bits=8 achieved_fpr=0.003361 bpe=33.5544 workload=balanced neg_share=0.5 threads=2 load_factor=0.8 ops_per_s=2.093462e+07 p50=0ns p95=0ns p99=0ns
CONFIG filter=xor dist=sequential n=1000000 target_fpr=0.01 neg_share=0.5 workload=balanced threads=2 load_factor=0.80 fp_bits=8 ops=1500000 warmup_ops=150000 rep=2
run=2 filter=xor dist=sequential n=1000000 target_fpr=0.01 fp_bits=8 achieved_fpr=0.003361 bpe=33.5544 workload=balanced neg_share=0.5 threads=2 load_factor=0.8 ops_per_s=1.506748e+07 p50=0ns p95=0ns p99=0ns
CONFIG filter=xor dist=sequential n=1000000 target_fpr=0.01 neg_share=0.5 workload=balanced threads=2 load_factor=0.80 fp_bits=12 ops=1500000 warmup_ops=150000 rep=0
run=0 filter=xor dist=sequential n=1000000 target_fpr=0.01 fp_bits=12 achieved_fpr=0.00019 bpe=33.5544 workload=balanced neg_share=0.5 threads=2 load_factor=0.8 ops_per_s=1.980615e+07 p50=0ns p95=0ns p99=0ns
CONFIG filter=xor dist=sequential n=1000000 target_fpr=0.01 neg_share=0.5 workload=balanced threads=2 load_factor=0.80 fp_bits=12 ops=1500000 warmup_ops=150000 rep=1
run=1 filter=xor dist=sequential n=1000000 target_fpr=0.01 fp_bits=12 achieved_fpr=0.00019 bpe=33.5544 workload=balanced neg_share=0.5 threads=2 load_factor=0.8 ops_per_s=2.194124e+07 p50=0ns p95=0ns p99=0ns
CONFIG filter=xor dist=sequential n=1000000 target_fpr=0.01 neg_share=0.5 workload=balanced threads=2 load_factor=0.80 fp_bits=12 ops=1500000 warmup_ops=150000 rep=2
run=2 filter=xor dist=sequential n=1000000 target_fpr=0.01 fp_bits=12 achieved_fpr=0.00019 bpe=33.5544 workload=balanced neg_share=0.5 threads=2 load_factor=0.8 ops_per_s=2.139924e+07 p50=0ns p95=0ns p99=0ns
CONFIG filter=xor dist=sequential n=1000000 target_fpr=0.01 neg_share=0.5 workload=balanced threads=2 load_factor=0.80 fp_bits=16 ops=1500000 warmup_ops=150000 rep=0
run=0 filter=xor dist=sequential n=1000000 target_fpr=0.01 fp_bits=16 achieved_fpr=1.4e-05 bpe=33.5544 workload=balanced neg_share=0.5 threads=2 load_factor=0.8 ops_per_s=2.223204e+07 p50=0ns p95=0ns p99=0ns
CONFIG filter=xor dist=sequential n=1000000 target_fpr=0.01 neg_share=0.5 workload=balanced threads=2 load_factor=0.80 fp_bits=16 ops=1500000 warmup_ops=150000 rep=1
run=1 filter=xor dist=sequential n=1000000 target_fpr=0.01 fp_bits=16 achieved_fpr=1.4e-05 bpe=33.5544 workload=balanced neg_share=0.5 threads=2 load_factor=0.8 ops_per_s=1.910489e+07 p50=0ns p95=0ns p99=0ns
CONFIG filter=xor dist=sequential n=1000000 target_fpr=0.01 neg_share=0.5 workload=balanced threads=2 load_factor=0.80 fp_bits=16 ops=1500000 warmup_ops=150000 rep=2
run=2 filter=xor dist=sequential n=1000000 target_fpr=0.01 fp_bits=16 achieved_fpr=1.4e-05 bpe=33.5544 workload=balanced neg_share=0.5 threads=2 load_factor=0.8 ops_per_s=2.134982e+07 p50=0ns p95=0ns p99=0ns
CONFIG filter=cuckoo dist=sequential n=1000000 target_fpr=0.01 neg_share=0.5 workload=balanced threads=2 load_factor=0.80 fp_bits=8 ops=1500000 warmup_ops=150000 rep=0
run=0 filter=cuckoo dist=sequential n=1000000 target_fpr=0.01 fp_bits=8 achieved_fpr=0.014904 bpe=28.6599 workload=balanced neg_share=0.5 threads=2 load_factor=0.8 ops_per_s=5.390832e+06 p50=0ns p95=0ns p99=0ns fail_rate=0.000000 avg_kicks=0.275392 stash_hits=1429
CONFIG filter=cuckoo dist=sequential n=1000000 target_fpr=0.01 neg_share=0.5 workload=balanced threads=2 load_factor=0.80 fp_bits=8 ops=1500000 warmup_ops=150000 rep=1
run=1 filter=cuckoo dist=sequential n=1000000 target_fpr=0.01 fp_bits=8 achieved_fpr=0.014904 bpe=28.6604 workload=balanced neg_share=0.5 threads=2 load_factor=0.8 ops_per_s=5.712496e+06 p50=0ns p95=0ns p99=0ns fail_rate=0.000000 avg_kicks=0.274966 stash_hits=1481
CONFIG filter=cuckoo dist=sequential n=1000000 target_fpr=0.01 neg_share=0.5 workload=balanced threads=2 load_factor=0.80 fp_bits=8 ops=1500000 warmup_ops=150000 rep=2
run=2 filter=cuckoo dist=sequential n=1000000 target_fpr=0.01 fp_bits=8 achieved_fpr=0.014904 bpe=28.6596 workload=balanced neg_share=0.5 threads=2 load_factor=0.8 ops_per_s=5.616669e+06 p50=0ns p95=0ns p99=0ns fail_rate=0.000000 avg_kicks=0.275785 stash_hits=1482
CONFIG filter=cuckoo dist=sequential n=1000000 target_fpr=0.01 neg_share=0.5 workload=balanced threads=2 load_factor=0.80 fp_bits=12 ops=1500000 warmup_ops=150000 rep=0
run=0 filter=cuckoo dist=sequential n=1000000 target_fpr=0.01 fp_bits=12 achieved_fpr=0.00091 bpe=28.6323 workload=balanced neg_share=0.5 threads=2 load_factor=0.8 ops_per_s=5.419871e+06 p50=0ns p95=0ns p99=0ns fail_rate=0.000019 avg_kicks=0.262983 stash_hits=1051
CONFIG filter=cuckoo dist=sequential n=1000000 target_fpr=0.01 neg_share=0.5 workload=balanced threads=2 load_factor=0.80 fp_bits=12 ops=1500000 warmup_ops=150000 rep=1
run=1 filter=cuckoo dist=sequential n=1000000 target_fpr=0.01 fp_bits=12 achieved_fpr=0.00091 bpe=28.6326 workload=balanced neg_share=0.5 threads=2 load_factor=0.8 ops_per_s=5.512493e+06 p50=0ns p95=0ns p99=0ns fail_rate=0.000015 avg_kicks=0.261861 stash_hits=1040
CONFIG filter=cuckoo dist=sequential n=1000000 target_fpr=0.01 neg_share=0.5 workload=balanced threads=2 load_factor=0.80 fp_bits=12 ops=1500000 warmup_ops=150000 rep=2
run=2 filter=cuckoo dist=sequential n=1000000 target_fpr=0.01 fp_bits=12 achieved_fpr=0.00091 bpe=28.6323 workload=balanced neg_share=0.5 threads=2 load_factor=0.8 ops_per_s=4.798999e+06 p50=0ns p95=0ns p99=0ns fail_rate=0.000020 avg_kicks=0.261763 stash_hits=1059
CONFIG filter=cuckoo dist=sequential n=1000000 target_fpr=0.01 neg_share=0.5 workload=balanced threads=2 load_factor=0.80 fp_bits=16 ops=1500000 warmup_ops=150000 rep=0
run=0 filter=cuckoo dist=sequential n=1000000 target_fpr=0.01 fp_bits=16 achieved_fpr=5.5e-05 bpe=28.6312 workload=balanced neg_share=0.5 threads=2 load_factor=0.8 ops_per_s=5.327611e+06 p50=0ns p95=0ns p99=0ns fail_rate=0.000224 avg_kicks=0.263016 stash_hits=110
CONFIG filter=cuckoo dist=sequential n=1000000 target_fpr=0.01 neg_share=0.5 workload=balanced threads=2 load_factor=0.80 fp_bits=16 ops=1500000 warmup_ops=150000 rep=1
run=1 filter=cuckoo dist=sequential n=1000000 target_fpr=0.01 fp_bits=16 achieved_fpr=5.5e-05 bpe=28.6315 workload=balanced neg_share=0.5 threads=2 load_factor=0.8 ops_per_s=5.458127e+06 p50=0ns p95=0ns p99=0ns fail_rate=0.000223 avg_kicks=0.262136 stash_hits=103
CONFIG filter=cuckoo dist=sequential n=1000000 target_fpr=0.01 neg_share=0.5 workload=balanced threads=2 load_factor=0.80 fp_bits=16 ops=1500000 warmup_ops=150000 rep=2
run=2 filter=cuckoo dist=sequential n=1000000 target_fpr=0.01 fp_bits=16 achieved_fpr=5.5e-05 bpe=28.6304 workload=balanced neg_share=0.5 threads=2 load_factor=0.8 ops_per_s=5.347990e+06 p50=0ns p95=0ns p99=0ns fail_rate=0.000222 avg_kicks=0.261753 stash_hits=110
CONFIG filter=quotient dist=sequential n=1000000 target_fpr=0.01 neg_share=0.5 workload=balanced threads=2 load_factor=0.80 fp_bits=12 ops=1500000 warmup_ops=150000 rep=0
run=0 filter=quotient dist=sequential n=1000000 target_fpr=0.01 fp_bits=12 achieved_fpr=0.001903 bpe=49.6613 workload=balanced neg_share=0.5 threads=2 load_factor=0.8 ops_per_s=1.907217e+06 p50=0ns p95=0ns p99=0ns avg_probe=1.247658 cluster_mean=2.401797 cluster_p99=12.000000
CONFIG filter=quotient dist=sequential n=1000000 target_fpr=0.01 neg_share=0.5 workload=balanced threads=2 load_factor=0.80 fp_bits=12 ops=1500000 warmup_ops=150000 rep=1
run=1 filter=quotient dist=sequential n=1000000 target_fpr=0.01 fp_bits=12 achieved_fpr=0.001903 bpe=49.6596 workload=balanced neg_share=0.5 threads=2 load_factor=0.8 ops_per_s=1.896056e+06 p50=0ns p95=0ns p99=0ns avg_probe=1.247652 cluster_mean=2.401797 cluster_p99=12.000000
CONFIG filter=quotient dist=sequential n=1000000 target_fpr=0.01 neg_share=0.5 workload=balanced threads=2 load_factor=0.80 fp_bits=12 ops=1500000 warmup_ops=150000 rep=2
run=2 filter=quotient dist=sequential n=1000000 target_fpr=0.01 fp_bits=12 achieved_fpr=0.001903 bpe=49.6618 workload=balanced neg_share=0.5 threads=2 load_factor=0.8 ops_per_s=1.876349e+06 p50=0ns p95=0ns p99=0ns avg_probe=1.247705 cluster_mean=2.401797 cluster_p99=12.000000
CONFIG filter=bloom dist=sequential n=1000000 target_fpr=0.01 neg_share=0.5 workload=balanced threads=4 load_factor=0.80 fp_bits=12 ops=1500000 warmup_ops=150000 rep=0
run=0 filter=bloom dist=sequential n=1000000 target_fpr=0.01 fp_bits=12 achieved_fpr=0.035322 bpe=16.7772 workload=balanced neg_share=0.5 threads=4 load_factor=0.8 ops_per_s=4.860067e+07 p50=0ns p95=0ns p99=0ns
CONFIG filter=bloom dist=sequential n=1000000 target_fpr=0.01 neg_share=0.5 workload=balanced threads=4 load_factor=0.80 fp_bits=12 ops=1500000 warmup_ops=150000 rep=1
run=1 filter=bloom dist=sequential n=1000000 target_fpr=0.01 fp_bits=12 achieved_fpr=0.035322 bpe=16.7772 workload=balanced neg_share=0.5 threads=4 load_factor=0.8 ops_per_s=5.024738e+07 p50=0ns p95=0ns p99=0ns
CONFIG filter=bloom dist=sequential n=1000000 target_fpr=0.01 neg_share=0.5 workload=balanced threads=4 load_factor=0.80 fp_bits=12 ops=1500000 warmup_ops=150000 rep=2
run=2 filter=bloom dist=sequential n=1000000 target_fpr=0.01 fp_bits=12 achieved_fpr=0.035322 bpe=16.7772 workload=balanced neg_share=0.5 threads=4 load_factor=0.8 ops_per_s=5.059941e+07 p50=0ns p95=0ns p99=0ns
CONFIG filter=xor dist=sequential n=1000000 target_fpr=0.01 neg_share=0.5 workload=balanced threads=4 load_factor=0.80 fp_bits=8 ops=1500000 warmup_ops=150000 rep=0
run=0 filter=xor dist=sequential n=1000000 target_fpr=0.01 fp_bits=8 achieved_fpr=0.003361 bpe=33.5544 workload=balanced neg_share=0.5 threads=4 load_factor=0.8 ops_per_s=4.600338e+07 p50=0ns p95=0ns p99=0ns
CONFIG filter=xor dist=sequential n=1000000 target_fpr=0.01 neg_share=0.5 workload=balanced threads=4 load_factor=0.80 fp_bits=8 ops=1500000 warmup_ops=150000 rep=1
run=1 filter=xor dist=sequential n=1000000 target_fpr=0.01 fp_bits=8 achieved_fpr=0.003361 bpe=33.5544 workload=balanced neg_share=0.5 threads=4 load_factor=0.8 ops_per_s=4.165060e+07 p50=0ns p95=0ns p99=0ns
CONFIG filter=xor dist=sequential n=1000000 target_fpr=0.01 neg_share=0.5 workload=balanced threads=4 load_factor=0.80 fp_bits=8 ops=1500000 warmup_ops=150000 rep=2
run=2 filter=xor dist=sequential n=1000000 target_fpr=0.01 fp_bits=8 achieved_fpr=0.003361 bpe=33.5544 workload=balanced neg_share=0.5 threads=4 load_factor=0.8 ops_per_s=4.221647e+07 p50=0ns p95=0ns p99=0ns
CONFIG filter=xor dist=sequential n=1000000 target_fpr=0.01 neg_share=0.5 workload=balanced threads=4 load_factor=0.80 fp_bits=12 ops=1500000 warmup_ops=150000 rep=0
run=0 filter=xor dist=sequential n=1000000 target_fpr=0.01 fp_bits=12 achieved_fpr=0.00019 bpe=33.5544 workload=balanced neg_share=0.5 threads=4 load_factor=0.8 ops_per_s=4.670800e+07 p50=0ns p95=0ns p99=0ns
CONFIG filter=xor dist=sequential n=1000000 target_fpr=0.01 neg_share=0.5 workload=balanced threads=4 load_factor=0.80 fp_bits=12 ops=1500000 warmup_ops=150000 rep=1
run=1 filter=xor dist=sequential n=1000000 target_fpr=0.01 fp_bits=12 achieved_fpr=0.00019 bpe=33.5544 workload=balanced neg_share=0.5 threads=4 load_factor=0.8 ops_per_s=4.148324e+07 p50=0ns p95=0ns p99=0ns
CONFIG filter=xor dist=sequential n=1000000 target_fpr=0.01 neg_share=0.5 workload=balanced threads=4 load_factor=0.80 fp_bits=12 ops=1500000 warmup_ops=150000 rep=2
run=2 filter=xor dist=sequential n=1000000 target_fpr=0.01 fp_bits=12 achieved_fpr=0.00019 bpe=33.5544 workload=balanced neg_share=0.5 threads=4 load_factor=0.8 ops_per_s=4.739950e+07 p50=0ns p95=0ns p99=0ns
CONFIG filter=xor dist=sequential n=1000000 target_fpr=0.01 neg_share=0.5 workload=balanced threads=4 load_factor=0.80 fp_bits=16 ops=1500000 warmup_ops=150000 rep=0
run=0 filter=xor dist=sequential n=1000000 target_fpr=0.01 fp_bits=16 achieved_fpr=1.4e-05 bpe=33.5544 workload=balanced neg_share=0.5 threads=4 load_factor=0.8 ops_per_s=4.442567e+07 p50=0ns p95=0ns p99=0ns
CONFIG filter=xor dist=sequential n=1000000 target_fpr=0.01 neg_share=0.5 workload=balanced threads=4 load_factor=0.80 fp_bits=16 ops=1500000 warmup_ops=150000 rep=1
run=1 filter=xor dist=sequential n=1000000 target_fpr=0.01 fp_bits=16 achieved_fpr=1.4e-05 bpe=33.5544 workload=balanced neg_share=0.5 threads=4 load_factor=0.8 ops_per_s=3.926109e+07 p50=0ns p95=0ns p99=0ns
CONFIG filter=xor dist=sequential n=1000000 target_fpr=0.01 neg_share=0.5 workload=balanced threads=4 load_factor=0.80 fp_bits=16 ops=1500000 warmup_ops=150000 rep=2
run=2 filter=xor dist=sequential n=1000000 target_fpr=0.01 fp_bits=16 achieved_fpr=1.4e-05 bpe=33.5544 workload=balanced neg_share=0.5 threads=4 load_factor=0.8 ops_per_s=3.912110e+07 p50=0ns p95=0ns p99=0ns
CONFIG filter=cuckoo dist=sequential n=1000000 target_fpr=0.01 neg_share=0.5 workload=balanced threads=4 load_factor=0.80 fp_bits=8 ops=1500000 warmup_ops=150000 rep=0
run=0 filter=cuckoo dist=sequential n=1000000 target_fpr=0.01 fp_bits=8 achieved_fpr=0.014904 bpe=28.6589 workload=balanced neg_share=0.5 threads=4 load_factor=0.8 ops_per_s=2.327960e+06 p50=0ns p95=0ns p99=0ns fail_rate=0.000000 avg_kicks=0.286173 stash_hits=1447
CONFIG filter=cuckoo dist=sequential n=1000000 target_fpr=0.01 neg_share=0.5 workload=balanced threads=4 load_factor=0.80 fp_bits=8 ops=1500000 warmup_ops=150000 rep=1
run=1 filter=cuckoo dist=sequential n=1000000 target_fpr=0.01 fp_bits=8 achieved_fpr=0.014904 bpe=28.6592 workload=balanced neg_share=0.5 threads=4 load_factor=0.8 ops_per_s=2.300040e+06 p50=0ns p95=0ns p99=0ns fail_rate=0.000000 avg_kicks=0.284567 stash_hits=1335
CONFIG filter=cuckoo dist=sequential n=1000000 target_fpr=0.01 neg_share=0.5 workload=balanced threads=4 load_factor=0.80 fp_bits=8 ops=1500000 warmup_ops=150000 rep=2
run=2 filter=cuckoo dist=sequential n=1000000 target_fpr=0.01 fp_bits=8 achieved_fpr=0.014904 bpe=28.6601 workload=balanced neg_share=0.5 threads=4 load_factor=0.8 ops_per_s=2.287432e+06 p50=0ns p95=0ns p99=0ns fail_rate=0.000000 avg_kicks=0.282208 stash_hits=1529
CONFIG filter=cuckoo dist=sequential n=1000000 target_fpr=0.01 neg_share=0.5 workload=balanced threads=4 load_factor=0.80 fp_bits=12 ops=1500000 warmup_ops=150000 rep=0
run=0 filter=cuckoo dist=sequential n=1000000 target_fpr=0.01 fp_bits=12 achieved_fpr=0.00091 bpe=28.6343 workload=balanced neg_share=0.5 threads=4 load_factor=0.8 ops_per_s=2.289363e+06 p50=0ns p95=0ns p99=0ns fail_rate=0.000055 avg_kicks=0.278346 stash_hits=1206
CONFIG filter=cuckoo dist=sequential n=1000000 target_fpr=0.01 neg_share=0.5 workload=balanced threads=4 load_factor=0.80 fp_bits=12 ops=1500000 warmup_ops=150000 rep=1
run=1 filter=cuckoo dist=sequential n=1000000 target_fpr=0.01 fp_bits=12 achieved_fpr=0.00091 bpe=28.6342 workload=balanced neg_share=0.5 threads=4 load_factor=0.8 ops_per_s=2.260908e+06 p50=0ns p95=0ns p99=0ns fail_rate=0.000051 avg_kicks=0.277660 stash_hits=1193
CONFIG filter=cuckoo dist=sequential n=1000000 target_fpr=0.01 neg_share=0.5 workload=balanced threads=4 load_factor=0.80 fp_bits=12 ops=1500000 warmup_ops=150000 rep=2
run=2 filter=cuckoo dist=sequential n=1000000 target_fpr=0.01 fp_bits=12 achieved_fpr=0.00091 bpe=28.6339 workload=balanced neg_share=0.5 threads=4 load_factor=0.8 ops_per_s=2.192592e+06 p50=0ns p95=0ns p99=0ns fail_rate=0.000051 avg_kicks=0.278064 stash_hits=1233
CONFIG filter=cuckoo dist=sequential n=1000000 target_fpr=0.01 neg_share=0.5 workload=balanced threads=4 load_factor=0.80 fp_bits=16 ops=1500000 warmup_ops=150000 rep=0
run=0 filter=cuckoo dist=sequential n=1000000 target_fpr=0.01 fp_bits=16 achieved_fpr=5.5e-05 bpe=28.6323 workload=balanced neg_share=0.5 threads=4 load_factor=0.8 ops_per_s=2.102460e+06 p50=0ns p95=0ns p99=0ns fail_rate=0.000273 avg_kicks=0.283984 stash_hits=80
CONFIG filter=cuckoo dist=sequential n=1000000 target_fpr=0.01 neg_share=0.5 workload=balanced threads=4 load_factor=0.80 fp_bits=16 ops=1500000 warmup_ops=150000 rep=1
run=1 filter=cuckoo dist=sequential n=1000000 target_fpr=0.01 fp_bits=16 achieved_fpr=5.5e-05 bpe=28.6334 workload=balanced neg_share=0.5 threads=4 load_factor=0.8 ops_per_s=2.176728e+06 p50=0ns p95=0ns p99=0ns fail_rate=0.000271 avg_kicks=0.282215 stash_hits=80
CONFIG filter=cuckoo dist=sequential n=1000000 target_fpr=0.01 neg_share=0.5 workload=balanced threads=4 load_factor=0.80 fp_bits=16 ops=1500000 warmup_ops=150000 rep=2
run=2 filter=cuckoo dist=sequential n=1000000 target_fpr=0.01 fp_bits=16 achieved_fpr=5.5e-05 bpe=28.6315 workload=balanced neg_share=0.5 threads=4 load_factor=0.8 ops_per_s=2.264104e+06 p50=0ns p95=0ns p99=0ns fail_rate=0.000270 avg_kicks=0.280714 stash_hits=90
CONFIG filter=quotient dist=sequential n=1000000 target_fpr=0.01 neg_share=0.5 workload=balanced threads=4 load_factor=0.80 fp_bits=12 ops=1500000 warmup_ops=150000 rep=0
run=0 filter=quotient dist=sequential n=1000000 target_fpr=0.01 fp_bits=12 achieved_fpr=0.001903 bpe=49.6509 workload=balanced neg_share=0.5 threads=4 load_factor=0.8 ops_per_s=1.621093e+06 p50=0ns p95=0ns p99=0ns avg_probe=1.247137 cluster_mean=2.401797 cluster_p99=12.000000
CONFIG filter=quotient dist=sequential n=1000000 target_fpr=0.01 neg_share=0.5 workload=balanced threads=4 load_factor=0.80 fp_bits=12 ops=1500000 warmup_ops=150000 rep=1
run=1 filter=quotient dist=sequential n=1000000 target_fpr=0.01 fp_bits=12 achieved_fpr=0.001903 bpe=49.652 workload=balanced neg_share=0.5 threads=4 load_factor=0.8 ops_per_s=1.653293e+06 p50=0ns p95=0ns p99=0ns avg_probe=1.247248 cluster_mean=2.401797 cluster_p99=12.000000
CONFIG filter=quotient dist=sequential n=1000000 target_fpr=0.01 neg_share=0.5 workload=balanced threads=4 load_factor=0.80 fp_bits=12 ops=1500000 warmup_ops=150000 rep=2
run=2 filter=quotient dist=sequential n=1000000 target_fpr=0.01 fp_bits=12 achieved_fpr=0.001903 bpe=49.6522 workload=balanced neg_share=0.5 threads=4 load_factor=0.8 ops_per_s=1.631417e+06 p50=0ns p95=0ns p99=0ns avg_probe=1.247152 cluster_mean=2.401797 cluster_p99=12.000000
CONFIG filter=bloom dist=sequential n=1000000 target_fpr=0.01 neg_share=0.5 workload=balanced threads=8 load_factor=0.80 fp_bits=12 ops=1500000 warmup_ops=150000 rep=0
run=0 filter=bloom dist=sequential n=1000000 target_fpr=0.01 fp_bits=12 achieved_fpr=0.035322 bpe=16.7772 workload=balanced neg_share=0.5 threads=8 load_factor=0.8 ops_per_s=8.835316e+07 p50=0ns p95=0ns p99=0ns
CONFIG filter=bloom dist=sequential n=1000000 target_fpr=0.01 neg_share=0.5 workload=balanced threads=8 load_factor=0.80 fp_bits=12 ops=1500000 warmup_ops=150000 rep=1
run=1 filter=bloom dist=sequential n=1000000 target_fpr=0.01 fp_bits=12 achieved_fpr=0.035322 bpe=16.7772 workload=balanced neg_share=0.5 threads=8 load_factor=0.8 ops_per_s=9.264213e+07 p50=0ns p95=0ns p99=0ns
CONFIG filter=bloom dist=sequential n=1000000 target_fpr=0.01 neg_share=0.5 workload=balanced threads=8 load_factor=0.80 fp_bits=12 ops=1500000 warmup_ops=150000 rep=2
run=2 filter=bloom dist=sequential n=1000000 target_fpr=0.01 fp_bits=12 achieved_fpr=0.035322 bpe=16.7772 workload=balanced neg_share=0.5 threads=8 load_factor=0.8 ops_per_s=9.116541e+07 p50=0ns p95=0ns p99=0ns
CONFIG filter=xor dist=sequential n=1000000 target_fpr=0.01 neg_share=0.5 workload=balanced threads=8 load_factor=0.80 fp_bits=8 ops=1500000 warmup_ops=150000 rep=0
run=0 filter=xor dist=sequential n=1000000 target_fpr=0.01 fp_bits=8 achieved_fpr=0.003361 bpe=33.5544 workload=balanced neg_share=0.5 threads=8 load_factor=0.8 ops_per_s=7.992357e+07 p50=0ns p95=0ns p99=0ns
CONFIG filter=xor dist=sequential n=1000000 target_fpr=0.01 neg_share=0.5 workload=balanced threads=8 load_factor=0.80 fp_bits=8 ops=1500000 warmup_ops=150000 rep=1
run=1 filter=xor dist=sequential n=1000000 target_fpr=0.01 fp_bits=8 achieved_fpr=0.003361 bpe=33.5544 workload=balanced neg_share=0.5 threads=8 load_factor=0.8 ops_per_s=8.373008e+07 p50=0ns p95=0ns p99=0ns
CONFIG filter=xor dist=sequential n=1000000 target_fpr=0.01 neg_share=0.5 workload=balanced threads=8 load_factor=0.80 fp_bits=8 ops=1500000 warmup_ops=150000 rep=2
run=2 filter=xor dist=sequential n=1000000 target_fpr=0.01 fp_bits=8 achieved_fpr=0.003361 bpe=33.5544 workload=balanced neg_share=0.5 threads=8 load_factor=0.8 ops_per_s=8.740299e+07 p50=0ns p95=0ns p99=0ns
CONFIG filter=xor dist=sequential n=1000000 target_fpr=0.01 neg_share=0.5 workload=balanced threads=8 load_factor=0.80 fp_bits=12 ops=1500000 warmup_ops=150000 rep=0
run=0 filter=xor dist=sequential n=1000000 target_fpr=0.01 fp_bits=12 achieved_fpr=0.00019 bpe=33.5544 workload=balanced neg_share=0.5 threads=8 load_factor=0.8 ops_per_s=1.039382e+08 p50=0ns p95=0ns p99=0ns
CONFIG filter=xor dist=sequential n=1000000 target_fpr=0.01 neg_share=0.5 workload=balanced threads=8 load_factor=0.80 fp_bits=12 ops=1500000 warmup_ops=150000 rep=1
run=1 filter=xor dist=sequential n=1000000 target_fpr=0.01 fp_bits=12 achieved_fpr=0.00019 bpe=33.5544 workload=balanced neg_share=0.5 threads=8 load_factor=0.8 ops_per_s=8.574978e+07 p50=0ns p95=0ns p99=0ns
CONFIG filter=xor dist=sequential n=1000000 target_fpr=0.01 neg_share=0.5 workload=balanced threads=8 load_factor=0.80 fp_bits=12 ops=1500000 warmup_ops=150000 rep=2
run=2 filter=xor dist=sequential n=1000000 target_fpr=0.01 fp_bits=12 achieved_fpr=0.00019 bpe=33.5544 workload=balanced neg_share=0.5 threads=8 load_factor=0.8 ops_per_s=9.116403e+07 p50=0ns p95=0ns p99=0ns
CONFIG filter=xor dist=sequential n=1000000 target_fpr=0.01 neg_share=0.5 workload=balanced threads=8 load_factor=0.80 fp_bits=16 ops=1500000 warmup_ops=150000 rep=0
run=0 filter=xor dist=sequential n=1000000 target_fpr=0.01 fp_bits=16 achieved_fpr=1.4e-05 bpe=33.5544 workload=balanced neg_share=0.5 threads=8 load_factor=0.8 ops_per_s=8.464770e+07 p50=0ns p95=0ns p99=0ns
CONFIG filter=xor dist=sequential n=1000000 target_fpr=0.01 neg_share=0.5 workload=balanced threads=8 load_factor=0.80 fp_bits=16 ops=1500000 warmup_ops=150000 rep=1
run=1 filter=xor dist=sequential n=1000000 target_fpr=0.01 fp_bits=16 achieved_fpr=1.4e-05 bpe=33.5544 workload=balanced neg_share=0.5 threads=8 load_factor=0.8 ops_per_s=8.450245e+07 p50=0ns p95=0ns p99=0ns
CONFIG filter=xor dist=sequential n=1000000 target_fpr=0.01 neg_share=0.5 workload=balanced threads=8 load_factor=0.80 fp_bits=16 ops=1500000 warmup_ops=150000 rep=2
run=2 filter=xor dist=sequential n=1000000 target_fpr=0.01 fp_bits=16 achieved_fpr=1.4e-05 bpe=33.5544 workload=balanced neg_share=0.5 threads=8 load_factor=0.8 ops_per_s=7.990118e+07 p50=0ns p95=0ns p99=0ns
CONFIG filter=cuckoo dist=sequential n=1000000 target_fpr=0.01 neg_share=0.5 workload=balanced threads=8 load_factor=0.80 fp_bits=8 ops=1500000 warmup_ops=150000 rep=0
run=0 filter=cuckoo dist=sequential n=1000000 target_fpr=0.01 fp_bits=8 achieved_fpr=0.014904 bpe=28.6834 workload=balanced neg_share=0.5 threads=8 load_factor=0.8 ops_per_s=2.011397e+06 p50=0ns p95=0ns p99=0ns fail_rate=0.000000 avg_kicks=0.292743 stash_hits=1494
CONFIG filter=cuckoo dist=sequential n=1000000 target_fpr=0.01 neg_share=0.5 workload=balanced threads=8 load_factor=0.80 fp_bits=8 ops=1500000 warmup_ops=150000 rep=1
run=1 filter=cuckoo dist=sequential n=1000000 target_fpr=0.01 fp_bits=8 achieved_fpr=0.014904 bpe=28.683 workload=balanced neg_share=0.5 threads=8 load_factor=0.8 ops_per_s=1.932157e+06 p50=0ns p95=0ns p99=0ns fail_rate=0.000000 avg_kicks=0.290111 stash_hits=1555
CONFIG filter=cuckoo dist=sequential n=1000000 target_fpr=0.01 neg_share=0.5 workload=balanced threads=8 load_factor=0.80 fp_bits=8 ops=1500000 warmup_ops=150000 rep=2
run=2 filter=cuckoo dist=sequential n=1000000 target_fpr=0.01 fp_bits=8 achieved_fpr=0.014904 bpe=28.6822 workload=balanced neg_share=0.5 threads=8 load_factor=0.8 ops_per_s=1.906367e+06 p50=0ns p95=0ns p99=0ns fail_rate=0.000000 avg_kicks=0.294942 stash_hits=1490
CONFIG filter=cuckoo dist=sequential n=1000000 target_fpr=0.01 neg_share=0.5 workload=balanced threads=8 load_factor=0.80 fp_bits=12 ops=1500000 warmup_ops=150000 rep=0
run=0 filter=cuckoo dist=sequential n=1000000 target_fpr=0.01 fp_bits=12 achieved_fpr=0.00091 bpe=28.657 workload=balanced neg_share=0.5 threads=8 load_factor=0.8 ops_per_s=1.860697e+06 p50=0ns p95=0ns p99=0ns fail_rate=0.000056 avg_kicks=0.281370 stash_hits=1166
CONFIG filter=cuckoo dist=sequential n=1000000 target_fpr=0.01 neg_share=0.5 workload=balanced threads=8 load_factor=0.80 fp_bits=12 ops=1500000 warmup_ops=150000 rep=1
run=1 filter=cuckoo dist=sequential n=1000000 target_fpr=0.01 fp_bits=12 achieved_fpr=0.00091 bpe=28.6567 workload=balanced neg_share=0.5 threads=8 load_factor=0.8 ops_per_s=1.904097e+06 p50=0ns p95=0ns p99=0ns fail_rate=0.000063 avg_kicks=0.281635 stash_hits=1206
CONFIG filter=cuckoo dist=sequential n=1000000 target_fpr=0.01 neg_share=0.5 workload=balanced threads=8 load_factor=0.80 fp_bits=12 ops=1500000 warmup_ops=150000 rep=2
run=2 filter=cuckoo dist=sequential n=1000000 target_fpr=0.01 fp_bits=12 achieved_fpr=0.00091 bpe=28.654 workload=balanced neg_share=0.5 threads=8 load_factor=0.8 ops_per_s=1.869965e+06 p50=0ns p95=0ns p99=0ns fail_rate=0.000067 avg_kicks=0.281111 stash_hits=1199
CONFIG filter=cuckoo dist=sequential n=1000000 target_fpr=0.01 neg_share=0.5 workload=balanced threads=8 load_factor=0.80 fp_bits=16 ops=1500000 warmup_ops=150000 rep=0
run=0 filter=cuckoo dist=sequential n=1000000 target_fpr=0.01 fp_bits=16 achieved_fpr=5.5e-05 bpe=28.6529 workload=balanced neg_share=0.5 threads=8 load_factor=0.8 ops_per_s=1.816392e+06 p50=0ns p95=0ns p99=0ns fail_rate=0.000238 avg_kicks=0.267223 stash_hits=106
CONFIG filter=cuckoo dist=sequential n=1000000 target_fpr=0.01 neg_share=0.5 workload=balanced threads=8 load_factor=0.80 fp_bits=16 ops=1500000 warmup_ops=150000 rep=1
run=1 filter=cuckoo dist=sequential n=1000000 target_fpr=0.01 fp_bits=16 achieved_fpr=5.5e-05 bpe=28.654 workload=balanced neg_share=0.5 threads=8 load_factor=0.8 ops_per_s=1.851662e+06 p50=0ns p95=0ns p99=0ns fail_rate=0.000244 avg_kicks=0.268678 stash_hits=95
CONFIG filter=cuckoo dist=sequential n=1000000 target_fpr=0.01 neg_share=0.5 workload=balanced threads=8 load_factor=0.80 fp_bits=16 ops=1500000 warmup_ops=150000 rep=2
run=2 filter=cuckoo dist=sequential n=1000000 target_fpr=0.01 fp_bits=16 achieved_fpr=5.5e-05 bpe=28.6526 workload=balanced neg_share=0.5 threads=8 load_factor=0.8 ops_per_s=1.815236e+06 p50=0ns p95=0ns p99=0ns fail_rate=0.000244 avg_kicks=0.267319 stash_hits=94
CONFIG filter=quotient dist=sequential n=1000000 target_fpr=0.01 neg_share=0.5 workload=balanced threads=8 load_factor=0.80 fp_bits=12 ops=1500000 warmup_ops=150000 rep=0
run=0 filter=quotient dist=sequential n=1000000 target_fpr=0.01 fp_bits=12 achieved_fpr=0.001903 bpe=49.6455 workload=balanced neg_share=0.5 threads=8 load_factor=0.8 ops_per_s=1.543320e+06 p50=0ns p95=0ns p99=0ns avg_probe=1.247446 cluster_mean=2.401797 cluster_p99=12.000000
CONFIG filter=quotient dist=sequential n=1000000 target_fpr=0.01 neg_share=0.5 workload=balanced threads=8 load_factor=0.80 fp_bits=12 ops=1500000 warmup_ops=150000 rep=1
run=1 filter=quotient dist=sequential n=1000000 target_fpr=0.01 fp_bits=12 achieved_fpr=0.001903 bpe=49.6531 workload=balanced neg_share=0.5 threads=8 load_factor=0.8 ops_per_s=1.586230e+06 p50=0ns p95=0ns p99=0ns avg_probe=1.247384 cluster_mean=2.401797 cluster_p99=12.000000
CONFIG filter=quotient dist=sequential n=1000000 target_fpr=0.01 neg_share=0.5 workload=balanced threads=8 load_factor=0.80 fp_bits=12 ops=1500000 warmup_ops=150000 rep=2
run=2 filter=quotient dist=sequential n=1000000 target_fpr=0.01 fp_bits=12 achieved_fpr=0.001903 bpe=49.649 workload=balanced neg_share=0.5 threads=8 load_factor=0.8 ops_per_s=1.588512e+06 p50=0ns p95=0ns p99=0ns avg_probe=1.247429 cluster_mean=2.401797 cluster_p99=12.000000
CONFIG filter=bloom dist=sequential n=1000000 target_fpr=0.01 neg_share=0.5 workload=balanced threads=12 load_factor=0.80 fp_bits=12 ops=1500000 warmup_ops=150000 rep=0
run=0 filter=bloom dist=sequential n=1000000 target_fpr=0.01 fp_bits=12 achieved_fpr=0.035322 bpe=16.7772 workload=balanced neg_share=0.5 threads=12 load_factor=0.8 ops_per_s=1.050890e+08 p50=0ns p95=0ns p99=0ns
CONFIG filter=bloom dist=sequential n=1000000 target_fpr=0.01 neg_share=0.5 workload=balanced threads=12 load_factor=0.80 fp_bits=12 ops=1500000 warmup_ops=150000 rep=1
run=1 filter=bloom dist=sequential n=1000000 target_fpr=0.01 fp_bits=12 achieved_fpr=0.035322 bpe=16.7772 workload=balanced neg_share=0.5 threads=12 load_factor=0.8 ops_per_s=8.543559e+07 p50=0ns p95=0ns p99=0ns
CONFIG filter=bloom dist=sequential n=1000000 target_fpr=0.01 neg_share=0.5 workload=balanced threads=12 load_factor=0.80 fp_bits=12 ops=1500000 warmup_ops=150000 rep=2
run=2 filter=bloom dist=sequential n=1000000 target_fpr=0.01 fp_bits=12 achieved_fpr=0.035322 bpe=16.7772 workload=balanced neg_share=0.5 threads=12 load_factor=0.8 ops_per_s=1.057938e+08 p50=0ns p95=0ns p99=0ns
CONFIG filter=xor dist=sequential n=1000000 target_fpr=0.01 neg_share=0.5 workload=balanced threads=12 load_factor=0.80 fp_bits=8 ops=1500000 warmup_ops=150000 rep=0
run=0 filter=xor dist=sequential n=1000000 target_fpr=0.01 fp_bits=8 achieved_fpr=0.003361 bpe=33.5544 workload=balanced neg_share=0.5 threads=12 load_factor=0.8 ops_per_s=1.271993e+08 p50=0ns p95=0ns p99=0ns
CONFIG filter=xor dist=sequential n=1000000 target_fpr=0.01 neg_share=0.5 workload=balanced threads=12 load_factor=0.80 fp_bits=8 ops=1500000 warmup_ops=150000 rep=1
run=1 filter=xor dist=sequential n=1000000 target_fpr=0.01 fp_bits=8 achieved_fpr=0.003361 bpe=33.5544 workload=balanced neg_share=0.5 threads=12 load_factor=0.8 ops_per_s=1.626247e+08 p50=0ns p95=0ns p99=0ns
CONFIG filter=xor dist=sequential n=1000000 target_fpr=0.01 neg_share=0.5 workload=balanced threads=12 load_factor=0.80 fp_bits=8 ops=1500000 warmup_ops=150000 rep=2
run=2 filter=xor dist=sequential n=1000000 target_fpr=0.01 fp_bits=8 achieved_fpr=0.003361 bpe=33.5544 workload=balanced neg_share=0.5 threads=12 load_factor=0.8 ops_per_s=1.257016e+08 p50=0ns p95=0ns p99=0ns
CONFIG filter=xor dist=sequential n=1000000 target_fpr=0.01 neg_share=0.5 workload=balanced threads=12 load_factor=0.80 fp_bits=12 ops=1500000 warmup_ops=150000 rep=0
run=0 filter=xor dist=sequential n=1000000 target_fpr=0.01 fp_bits=12 achieved_fpr=0.00019 bpe=33.5544 workload=balanced neg_share=0.5 threads=12 load_factor=0.8 ops_per_s=1.356559e+08 p50=0ns p95=0ns p99=0ns
CONFIG filter=xor dist=sequential n=1000000 target_fpr=0.01 neg_share=0.5 workload=balanced threads=12 load_factor=0.80 fp_bits=12 ops=1500000 warmup_ops=150000 rep=1
run=1 filter=xor dist=sequential n=1000000 target_fpr=0.01 fp_bits=12 achieved_fpr=0.00019 bpe=33.5544 workload=balanced neg_share=0.5 threads=12 load_factor=0.8 ops_per_s=1.349508e+08 p50=0ns p95=0ns p99=0ns
CONFIG filter=xor dist=sequential n=1000000 target_fpr=0.01 neg_share=0.5 workload=balanced threads=12 load_factor=0.80 fp_bits=12 ops=1500000 warmup_ops=150000 rep=2
run=2 filter=xor dist=sequential n=1000000 target_fpr=0.01 fp_bits=12 achieved_fpr=0.00019 bpe=33.5544 workload=balanced neg_share=0.5 threads=12 load_factor=0.8 ops_per_s=1.714440e+08 p50=0ns p95=0ns p99=0ns
CONFIG filter=xor dist=sequential n=1000000 target_fpr=0.01 neg_share=0.5 workload=balanced threads=12 load_factor=0.80 fp_bits=16 ops=1500000 warmup_ops=150000 rep=0
run=0 filter=xor dist=sequential n=1000000 target_fpr=0.01 fp_bits=16 achieved_fpr=1.4e-05 bpe=33.5544 workload=balanced neg_share=0.5 threads=12 load_factor=0.8 ops_per_s=1.303260e+08 p50=0ns p95=0ns p99=0ns
CONFIG filter=xor dist=sequential n=1000000 target_fpr=0.01 neg_share=0.5 workload=balanced threads=12 load_factor=0.80 fp_bits=16 ops=1500000 warmup_ops=150000 rep=1
run=1 filter=xor dist=sequential n=1000000 target_fpr=0.01 fp_bits=16 achieved_fpr=1.4e-05 bpe=33.5544 workload=balanced neg_share=0.5 threads=12 load_factor=0.8 ops_per_s=1.232262e+08 p50=0ns p95=0ns p99=0ns
CONFIG filter=xor dist=sequential n=1000000 target_fpr=0.01 neg_share=0.5 workload=balanced threads=12 load_factor=0.80 fp_bits=16 ops=1500000 warmup_ops=150000 rep=2
run=2 filter=xor dist=sequential n=1000000 target_fpr=0.01 fp_bits=16 achieved_fpr=1.4e-05 bpe=33.5544 workload=balanced neg_share=0.5 threads=12 load_factor=0.8 ops_per_s=1.623194e+08 p50=0ns p95=0ns p99=0ns
CONFIG filter=cuckoo dist=sequential n=1000000 target_fpr=0.01 neg_share=0.5 workload=balanced threads=12 load_factor=0.80 fp_bits=8 ops=1500000 warmup_ops=150000 rep=0
run=0 filter=cuckoo dist=sequential n=1000000 target_fpr=0.01 fp_bits=8 achieved_fpr=0.014904 bpe=28.6684 workload=balanced neg_share=0.5 threads=12 load_factor=0.8 ops_per_s=1.898333e+06 p50=0ns p95=0ns p99=0ns fail_rate=0.000000 avg_kicks=0.287241 stash_hits=1452
CONFIG filter=cuckoo dist=sequential n=1000000 target_fpr=0.01 neg_share=0.5 workload=balanced threads=12 load_factor=0.80 fp_bits=8 ops=1500000 warmup_ops=150000 rep=1
run=1 filter=cuckoo dist=sequential n=1000000 target_fpr=0.01 fp_bits=8 achieved_fpr=0.014904 bpe=28.6707 workload=balanced neg_share=0.5 threads=12 load_factor=0.8 ops_per_s=1.819698e+06 p50=0ns p95=0ns p99=0ns fail_rate=0.000000 avg_kicks=0.286859 stash_hits=1528
CONFIG filter=cuckoo dist=sequential n=1000000 target_fpr=0.01 neg_share=0.5 workload=balanced threads=12 load_factor=0.80 fp_bits=8 ops=1500000 warmup_ops=150000 rep=2
run=2 filter=cuckoo dist=sequential n=1000000 target_fpr=0.01 fp_bits=8 achieved_fpr=0.014904 bpe=28.6673 workload=balanced neg_share=0.5 threads=12 load_factor=0.8 ops_per_s=1.772498e+06 p50=0ns p95=0ns p99=0ns fail_rate=0.000000 avg_kicks=0.279876 stash_hits=1535
CONFIG filter=cuckoo dist=sequential n=1000000 target_fpr=0.01 neg_share=0.5 workload=balanced threads=12 load_factor=0.80 fp_bits=12 ops=1500000 warmup_ops=150000 rep=0
run=0 filter=cuckoo dist=sequential n=1000000 target_fpr=0.01 fp_bits=12 achieved_fpr=0.00091 bpe=28.6403 workload=balanced neg_share=0.5 threads=12 load_factor=0.8 ops_per_s=1.755987e+06 p50=0ns p95=0ns p99=0ns fail_rate=0.000042 avg_kicks=0.278567 stash_hits=1157
CONFIG filter=cuckoo dist=sequential n=1000000 target_fpr=0.01 neg_share=0.5 workload=balanced threads=12 load_factor=0.80 fp_bits=12 ops=1500000 warmup_ops=150000 rep=1
run=1 filter=cuckoo dist=sequential n=1000000 target_fpr=0.01 fp_bits=12 achieved_fpr=0.00091 bpe=28.6416 workload=balanced neg_share=0.5 threads=12 load_factor=0.8 ops_per_s=1.765767e+06 p50=0ns p95=0ns p99=0ns fail_rate=0.000045 avg_kicks=0.282589 stash_hits=1259
CONFIG filter=cuckoo dist=sequential n=1000000 target_fpr=0.01 neg_share=0.5 workload=balanced threads=12 load_factor=0.80 fp_bits=12 ops=1500000 warmup_ops=150000 rep=2
run=2 filter=cuckoo dist=sequential n=1000000 target_fpr=0.01 fp_bits=12 achieved_fpr=0.00091 bpe=28.6382 workload=balanced neg_share=0.5 threads=12 load_factor=0.8 ops_per_s=1.758439e+06 p50=0ns p95=0ns p99=0ns fail_rate=0.000063 avg_kicks=0.280748 stash_hits=1177
CONFIG filter=cuckoo dist=sequential n=1000000 target_fpr=0.01 neg_share=0.5 workload=balanced threads=12 load_factor=0.80 fp_bits=16 ops=1500000 warmup_ops=150000 rep=0
run=0 filter=cuckoo dist=sequential n=1000000 target_fpr=0.01 fp_bits=16 achieved_fpr=5.5e-05 bpe=28.638 workload=balanced neg_share=0.5 threads=12 load_factor=0.8 ops_per_s=1.736774e+06 p50=0ns p95=0ns p99=0ns fail_rate=0.000257 avg_kicks=0.275216 stash_hits=116
CONFIG filter=cuckoo dist=sequential n=1000000 target_fpr=0.01 neg_share=0.5 workload=balanced threads=12 load_factor=0.80 fp_bits=16 ops=1500000 warmup_ops=150000 rep=1
run=1 filter=cuckoo dist=sequential n=1000000 target_fpr=0.01 fp_bits=16 achieved_fpr=5.5e-05 bpe=28.6361 workload=balanced neg_share=0.5 threads=12 load_factor=0.8 ops_per_s=1.689819e+06 p50=0ns p95=0ns p99=0ns fail_rate=0.000251 avg_kicks=0.273043 stash_hits=107
CONFIG filter=cuckoo dist=sequential n=1000000 target_fpr=0.01 neg_share=0.5 workload=balanced threads=12 load_factor=0.80 fp_bits=16 ops=1500000 warmup_ops=150000 rep=2
run=2 filter=cuckoo dist=sequential n=1000000 target_fpr=0.01 fp_bits=16 achieved_fpr=5.5e-05 bpe=28.6408 workload=balanced neg_share=0.5 threads=12 load_factor=0.8 ops_per_s=1.734795e+06 p50=0ns p95=0ns p99=0ns fail_rate=0.000252 avg_kicks=0.272689 stash_hits=119
CONFIG filter=quotient dist=sequential n=1000000 target_fpr=0.01 neg_share=0.5 workload=balanced threads=12 load_factor=0.80 fp_bits=12 ops=1500000 warmup_ops=150000 rep=0
run=0 filter=quotient dist=sequential n=1000000 target_fpr=0.01 fp_bits=12 achieved_fpr=0.001903 bpe=49.6487 workload=balanced neg_share=0.5 threads=12 load_factor=0.8 ops_per_s=1.448685e+06 p50=0ns p95=0ns p99=0ns avg_probe=1.248085 cluster_mean=2.401797 cluster_p99=12.000000
CONFIG filter=quotient dist=sequential n=1000000 target_fpr=0.01 neg_share=0.5 workload=balanced threads=12 load_factor=0.80 fp_bits=12 ops=1500000 warmup_ops=150000 rep=1
run=1 filter=quotient dist=sequential n=1000000 target_fpr=0.01 fp_bits=12 achieved_fpr=0.001903 bpe=49.6474 workload=balanced neg_share=0.5 threads=12 load_factor=0.8 ops_per_s=1.447187e+06 p50=0ns p95=0ns p99=0ns avg_probe=1.248198 cluster_mean=2.401797 cluster_p99=12.000000
CONFIG filter=quotient dist=sequential n=1000000 target_fpr=0.01 neg_share=0.5 workload=balanced threads=12 load_factor=0.80 fp_bits=12 ops=1500000 warmup_ops=150000 rep=2
run=2 filter=quotient dist=sequential n=1000000 target_fpr=0.01 fp_bits=12 achieved_fpr=0.001903 bpe=49.6452 workload=balanced neg_share=0.5 threads=12 load_factor=0.8 ops_per_s=1.451199e+06 p50=0ns p95=0ns p99=0ns avg_probe=1.248213 cluster_mean=2.401797 cluster_p99=12.000000
