filter,dist,n,target_fpr,neg_share,workload,threads,load_factor,fp_bits,ops,warmup_ops,rep,run,achieved_fpr,bpe,ops_per_s,p50,p95,p99,p50_ns,p95_ns,p99_ns,fail_rate,avg_kicks,stash_hits,avg_probe,cluster_mean,cluster_p99
bloom,uniform,1000000,0.05,0.5,read_only,1,0.95,12,1500000,150000,0,0,0.077013,8.38861,20935050.0,26ns,39ns,50ns,26.0,39.0,50.0,,,,,,
bloom,uniform,1000000,0.05,0.5,read_only,1,0.95,12,1500000,150000,1,1,0.077013,8.38861,21783670.0,25ns,38ns,48ns,25.0,38.0,48.0,,,,,,
bloom,uniform,1000000,0.05,0.5,read_only,1,0.95,12,1500000,150000,2,2,0.077013,8.38861,23089480.0,25ns,38ns,48ns,25.0,38.0,48.0,,,,,,
xor,uniform,1000000,0.05,0.5,read_only,1,0.95,8,1500000,150000,0,0,0.003436,33.5544,14484030.0,36ns,192ns,278ns,36.0,192.0,278.0,,,,,,
xor,uniform,1000000,0.05,0.5,read_only,1,0.95,8,1500000,150000,1,1,0.003436,33.5544,16713910.0,32ns,181ns,289ns,32.0,181.0,289.0,,,,,,
xor,uniform,1000000,0.05,0.5,read_only,1,0.95,8,1500000,150000,2,2,0.003436,33.5544,18210010.0,31ns,38ns,286ns,31.0,38.0,286.0,,,,,,
xor,uniform,1000000,0.05,0.5,read_only,1,0.95,12,1500000,150000,0,0,0.000222,33.5544,18266370.0,31ns,37ns,228ns,31.0,37.0,228.0,,,,,,
xor,uniform,1000000,0.05,0.5,read_only,1,0.95,12,1500000,150000,1,1,0.000222,33.5544,17170180.0,32ns,136ns,292ns,32.0,136.0,292.0,,,,,,
xor,uniform,1000000,0.05,0.5,read_only,1,0.95,12,1500000,150000,2,2,0.000222,33.5544,17020390.0,32ns,179ns,290ns,32.0,179.0,290.0,,,,,,
xor,uniform,1000000,0.05,0.5,read_only,1,0.95,16,1500000,150000,0,0,1.4e-05,33.5544,18696750.0,31ns,37ns,256ns,31.0,37.0,256.0,,,,,,
xor,uniform,1000000,0.05,0.5,read_only,1,0.95,16,1500000,150000,1,1,1.4e-05,33.5544,17879560.0,31ns,38ns,265ns,31.0,38.0,265.0,,,,,,
xor,uniform,1000000,0.05,0.5,read_only,1,0.95,16,1500000,150000,2,2,1.4e-05,33.5544,17150800.0,32ns,39ns,257ns,32.0,39.0,257.0,,,,,,
cuckoo,uniform,1000000,0.05,0.5,read_only,1,0.95,8,1500000,150000,0,0,0.014732,33.5544,11060670.0,43ns,61ns,280ns,43.0,61.0,280.0,0.0,0.0,0.0,,,
cuckoo,uniform,1000000,0.05,0.5,read_only,1,0.95,8,1500000,150000,1,1,0.014732,33.5544,11235330.0,40ns,61ns,273ns,40.0,61.0,273.0,0.0,0.0,0.0,,,
cuckoo,uniform,1000000,0.05,0.5,read_only,1,0.95,8,1500000,150000,2,2,0.014732,33.5544,11996510.0,41ns,56ns,274ns,41.0,56.0,274.0,0.0,0.0,0.0,,,
cuckoo,uniform,1000000,0.05,0.5,read_only,1,0.95,12,1500000,150000,0,0,0.000977,33.5544,11592100.0,42ns,73ns,271ns,42.0,73.0,271.0,0.0,0.0,0.0,,,
cuckoo,uniform,1000000,0.05,0.5,read_only,1,0.95,12,1500000,150000,1,1,0.000977,33.5544,11368720.0,42ns,58ns,282ns,42.0,58.0,282.0,0.0,0.0,0.0,,,
cuckoo,uniform,1000000,0.05,0.5,read_only,1,0.95,12,1500000,150000,2,2,0.000977,33.5544,12321680.0,39ns,60ns,255ns,39.0,60.0,255.0,0.0,0.0,0.0,,,
cuckoo,uniform,1000000,0.05,0.5,read_only,1,0.95,16,1500000,150000,0,0,4.5e-05,33.5544,11383540.0,42ns,60ns,272ns,42.0,60.0,272.0,0.0,0.0,0.0,,,
cuckoo,uniform,1000000,0.05,0.5,read_only,1,0.95,16,1500000,150000,1,1,4.5e-05,33.5544,12201690.0,39ns,54ns,264ns,39.0,54.0,264.0,0.0,0.0,0.0,,,
cuckoo,uniform,1000000,0.05,0.5,read_only,1,0.95,16,1500000,150000,2,2,4.5e-05,33.5544,11205470.0,43ns,66ns,250ns,43.0,66.0,250.0,0.0,0.0,0.0,,,
quotient,uniform,1000000,0.05,0.5,read_only,1,0.95,12,1500000,150000,0,0,0.007734,52.4288,11131240.0,40ns,151ns,296ns,40.0,151.0,296.0,,,,0.0,0.0,0.0
quotient,uniform,1000000,0.05,0.5,read_only,1,0.95,12,1500000,150000,1,1,0.007734,52.4288,11193790.0,40ns,147ns,294ns,40.0,147.0,294.0,,,,0.0,0.0,0.0
quotient,uniform,1000000,0.05,0.5,read_only,1,0.95,12,1500000,150000,2,2,0.007734,52.4288,11281740.0,40ns,145ns,296ns,40.0,145.0,296.0,,,,0.0,0.0,0.0
bloom,uniform,1000000,0.01,0.5,read_only,1,0.95,12,1500000,150000,0,0,0.035445,16.7772,19223780.0,28ns,42ns,53ns,28.0,42.0,53.0,,,,,,
bloom,uniform,1000000,0.01,0.5,read_only,1,0.95,12,1500000,150000,1,1,0.035445,16.7772,19425310.0,28ns,43ns,54ns,28.0,43.0,54.0,,,,,,
bloom,uniform,1000000,0.01,0.5,read_only,1,0.95,12,1500000,150000,2,2,0.035445,16.7772,19087510.0,28ns,43ns,54ns,28.0,43.0,54.0,,,,,,
xor,uniform,1000000,0.01,0.5,read_only,1,0.95,8,1500000,150000,0,0,0.003436,33.5544,16630470.0,32ns,38ns,266ns,32.0,38.0,266.0,,,,,,
xor,uniform,1000000,0.01,0.5,read_only,1,0.95,8,1500000,150000,1,1,0.003436,33.5544,16242800.0,32ns,39ns,268ns,32.0,39.0,268.0,,,,,,
xor,uniform,1000000,0.01,0.5,read_only,1,0.95,8,1500000,150000,2,2,0.003436,33.5544,17028140.0,32ns,38ns,270ns,32.0,38.0,270.0,,,,,,
xor,uniform,1000000,0.01,0.5,read_only,1,0.95,12,1500000,150000,0,0,0.000222,33.5544,17645850.0,31ns,38ns,283ns,31.0,38.0,283.0,,,,,,
xor,uniform,1000000,0.01,0.5,read_only,1,0.95,12,1500000,150000,1,1,0.000222,33.5544,17151520.0,32ns,38ns,268ns,32.0,38.0,268.0,,,,,,
xor,uniform,1000000,0.01,0.5,read_only,1,0.95,12,1500000,150000,2,2,0.000222,33.5544,17429960.0,32ns,38ns,270ns,32.0,38.0,270.0,,,,,,
xor,uniform,1000000,0.01,0.5,read_only,1,0.95,16,1500000,150000,0,0,1.4e-05,33.5544,17464000.0,31ns,38ns,262ns,31.0,38.0,262.0,,,,,,
xor,uniform,1000000,0.01,0.5,read_only,1,0.95,16,1500000,150000,1,1,1.4e-05,33.5544,17968500.0,32ns,41ns,275ns,32.0,41.0,275.0,,,,,,
xor,uniform,1000000,0.01,0.5,read_only,1,0.95,16,1500000,150000,2,2,1.4e-05,33.5544,16227970.0,32ns,39ns,276ns,32.0,39.0,276.0,,,,,,
cuckoo,uniform,1000000,0.01,0.5,read_only,1,0.95,8,1500000,150000,0,0,0.014732,33.5544,11197880.0,40ns,57ns,275ns,40.0,57.0,275.0,0.0,0.0,0.0,,,
cuckoo,uniform,1000000,0.01,0.5,read_only,1,0.95,8,1500000,150000,1,1,0.014732,33.5544,11230720.0,40ns,60ns,274ns,40.0,60.0,274.0,0.0,0.0,0.0,,,
cuckoo,uniform,1000000,0.01,0.5,read_only,1,0.95,8,1500000,150000,2,2,0.014732,33.5544,11387100.0,40ns,58ns,273ns,40.0,58.0,273.0,0.0,0.0,0.0,,,
cuckoo,uniform,1000000,0.01,0.5,read_only,1,0.95,12,1500000,150000,0,0,0.000977,33.5544,11469360.0,40ns,57ns,298ns,40.0,57.0,298.0,0.0,0.0,0.0,,,
cuckoo,uniform,1000000,0.01,0.5,read_only,1,0.95,12,1500000,150000,1,1,0.000977,33.5544,12376060.0,39ns,56ns,272ns,39.0,56.0,272.0,0.0,0.0,0.0,,,
cuckoo,uniform,1000000,0.01,0.5,read_only,1,0.95,12,1500000,150000,2,2,0.000977,33.5544,11896520.0,39ns,134ns,269ns,39.0,134.0,269.0,0.0,0.0,0.0,,,
cuckoo,uniform,1000000,0.01,0.5,read_only,1,0.95,16,1500000,150000,0,0,4.5e-05,33.5544,11523770.0,42ns,59ns,275ns,42.0,59.0,275.0,0.0,0.0,0.0,,,
cuckoo,uniform,1000000,0.01,0.5,read_only,1,0.95,16,1500000,150000,1,1,4.5e-05,33.5544,12210730.0,39ns,54ns,259ns,39.0,54.0,259.0,0.0,0.0,0.0,,,
cuckoo,uniform,1000000,0.01,0.5,read_only,1,0.95,16,1500000,150000,2,2,4.5e-05,33.5544,12325580.0,39ns,54ns,266ns,39.0,54.0,266.0,0.0,0.0,0.0,,,
quotient,uniform,1000000,0.01,0.5,read_only,1,0.95,12,1500000,150000,0,0,0.001834,52.4288,10225370.0,41ns,208ns,313ns,41.0,208.0,313.0,,,,0.0,0.0,0.0
quotient,uniform,1000000,0.01,0.5,read_only,1,0.95,12,1500000,150000,1,1,0.001834,52.4288,10132050.0,41ns,225ns,305ns,41.0,225.0,305.0,,,,0.0,0.0,0.0
quotient,uniform,1000000,0.01,0.5,read_only,1,0.95,12,1500000,150000,2,2,0.001834,52.4288,9708661.0,42ns,220ns,320ns,42.0,220.0,320.0,,,,0.0,0.0,0.0
bloom,uniform,1000000,0.001,0.5,read_only,1,0.95,12,1500000,150000,0,0,0.037703,16.7772,17109890.0,29ns,43ns,55ns,29.0,43.0,55.0,,,,,,
bloom,uniform,1000000,0.001,0.5,read_only,1,0.95,12,1500000,150000,1,1,0.037703,16.7772,17616900.0,29ns,43ns,53ns,29.0,43.0,53.0,,,,,,
bloom,uniform,1000000,0.001,0.5,read_only,1,0.95,12,1500000,150000,2,2,0.037703,16.7772,15088860.0,31ns,46ns,57ns,31.0,46.0,57.0,,,,,,
xor,uniform,1000000,0.001,0.5,read_only,1,0.95,8,1500000,150000,0,0,0.003436,33.5544,18047140.0,31ns,39ns,257ns,31.0,39.0,257.0,,,,,,
xor,uniform,1000000,0.001,0.5,read_only,1,0.95,8,1500000,150000,1,1,0.003436,33.5544,17279570.0,32ns,38ns,236ns,32.0,38.0,236.0,,,,,,
xor,uniform,1000000,0.001,0.5,read_only,1,0.95,8,1500000,150000,2,2,0.003436,33.5544,16983940.0,32ns,41ns,279ns,32.0,41.0,279.0,,,,,,
xor,uniform,1000000,0.001,0.5,read_only,1,0.95,12,1500000,150000,0,0,0.000222,33.5544,16939950.0,32ns,37ns,269ns,32.0,37.0,269.0,,,,,,
xor,uniform,1000000,0.001,0.5,read_only,1,0.95,12,1500000,150000,1,1,0.000222,33.5544,16914760.0,32ns,40ns,280ns,32.0,40.0,280.0,,,,,,
xor,uniform,1000000,0.001,0.5,read_only,1,0.95,12,1500000,150000,2,2,0.000222,33.5544,16149040.0,32ns,39ns,277ns,32.0,39.0,277.0,,,,,,
xor,uniform,1000000,0.001,0.5,read_only,1,0.95,16,1500000,150000,0,0,1.4e-05,33.5544,16904990.0,33ns,42ns,281ns,33.0,42.0,281.0,,,,,,
xor,uniform,1000000,0.001,0.5,read_only,1,0.95,16,1500000,150000,1,1,1.4e-05,33.5544,16872680.0,32ns,38ns,261ns,32.0,38.0,261.0,,,,,,
xor,uniform,1000000,0.001,0.5,read_only,1,0.95,16,1500000,150000,2,2,1.4e-05,33.5544,16956640.0,32ns,38ns,265ns,32.0,38.0,265.0,,,,,,
cuckoo,uniform,1000000,0.001,0.5,read_only,1,0.95,8,1500000,150000,0,0,0.014732,33.5544,12483130.0,39ns,55ns,261ns,39.0,55.0,261.0,0.0,0.0,0.0,,,
cuckoo,uniform,1000000,0.001,0.5,read_only,1,0.95,8,1500000,150000,1,1,0.014732,33.5544,12407590.0,39ns,54ns,243ns,39.0,54.0,243.0,0.0,0.0,0.0,,,
cuckoo,uniform,1000000,0.001,0.5,read_only,1,0.95,8,1500000,150000,2,2,0.014732,33.5544,11846590.0,40ns,56ns,277ns,40.0,56.0,277.0,0.0,0.0,0.0,,,
cuckoo,uniform,1000000,0.001,0.5,read_only,1,0.95,12,1500000,150000,0,0,0.000977,33.5544,12538660.0,39ns,54ns,246ns,39.0,54.0,246.0,0.0,0.0,0.0,,,
cuckoo,uniform,1000000,0.001,0.5,read_only,1,0.95,12,1500000,150000,1,1,0.000977,33.5544,11315410.0,40ns,58ns,267ns,40.0,58.0,267.0,0.0,0.0,0.0,,,
cuckoo,uniform,1000000,0.001,0.5,read_only,1,0.95,12,1500000,150000,2,2,0.000977,33.5544,11953380.0,39ns,56ns,289ns,39.0,56.0,289.0,0.0,0.0,0.0,,,
cuckoo,uniform,1000000,0.001,0.5,read_only,1,0.95,16,1500000,150000,0,0,4.5e-05,33.5544,11994280.0,39ns,54ns,281ns,39.0,54.0,281.0,0.0,0.0,0.0,,,
cuckoo,uniform,1000000,0.001,0.5,read_only,1,0.95,16,1500000,150000,1,1,4.5e-05,33.5544,11918000.0,39ns,56ns,280ns,39.0,56.0,280.0,0.0,0.0,0.0,,,
cuckoo,uniform,1000000,0.001,0.5,read_only,1,0.95,16,1500000,150000,2,2,4.5e-05,33.5544,11459350.0,42ns,58ns,231ns,42.0,58.0,231.0,0.0,0.0,0.0,,,
quotient,uniform,1000000,0.001,0.5,read_only,1,0.95,12,1500000,150000,0,0,0.000234,52.4288,10550770.0,42ns,203ns,311ns,42.0,203.0,311.0,,,,0.0,0.0,0.0
quotient,uniform,1000000,0.001,0.5,read_only,1,0.95,12,1500000,150000,1,1,0.000234,52.4288,11062540.0,40ns,155ns,294ns,40.0,155.0,294.0,,,,0.0,0.0,0.0
quotient,uniform,1000000,0.001,0.5,read_only,1,0.95,12,1500000,150000,2,2,0.000234,52.4288,10843890.0,40ns,188ns,296ns,40.0,188.0,296.0,,,,0.0,0.0,0.0
bloom,uniform,5000000,0.05,0.5,read_only,1,0.95,12,1500000,150000,0,0,0.102532,6.71089,15861530.0,32ns,48ns,137ns,32.0,48.0,137.0,,,,,,
bloom,uniform,5000000,0.05,0.5,read_only,1,0.95,12,1500000,150000,1,1,0.102532,6.71089,15784640.0,33ns,49ns,140ns,33.0,49.0,140.0,,,,,,
bloom,uniform,5000000,0.05,0.5,read_only,1,0.95,12,1500000,150000,2,2,0.102532,6.71089,16053310.0,32ns,48ns,133ns,32.0,48.0,133.0,,,,,,
xor,uniform,5000000,0.05,0.5,read_only,1,0.95,8,1500000,150000,0,0,0.003616,26.8435,14088240.0,134ns,150ns,292ns,134.0,150.0,292.0,,,,,,
xor,uniform,5000000,0.05,0.5,read_only,1,0.95,8,1500000,150000,1,1,0.003616,26.8435,12234730.0,136ns,277ns,329ns,136.0,277.0,329.0,,,,,,
xor,uniform,5000000,0.05,0.5,read_only,1,0.95,8,1500000,150000,2,2,0.003616,26.8435,14007300.0,134ns,150ns,305ns,134.0,150.0,305.0,,,,,,
xor,uniform,5000000,0.05,0.5,read_only,1,0.95,12,1500000,150000,0,0,0.000228,26.8435,14021190.0,134ns,152ns,307ns,134.0,152.0,307.0,,,,,,
xor,uniform,5000000,0.05,0.5,read_only,1,0.95,12,1500000,150000,1,1,0.000228,26.8435,13975190.0,133ns,153ns,308ns,133.0,153.0,308.0,,,,,,
xor,uniform,5000000,0.05,0.5,read_only,1,0.95,12,1500000,150000,2,2,0.000228,26.8435,14031490.0,134ns,152ns,286ns,134.0,152.0,286.0,,,,,,
xor,uniform,5000000,0.05,0.5,read_only,1,0.95,16,1500000,150000,0,0,1.42e-05,26.8435,13950670.0,136ns,161ns,301ns,136.0,161.0,301.0,,,,,,
xor,uniform,5000000,0.05,0.5,read_only,1,0.95,16,1500000,150000,1,1,1.42e-05,26.8435,13873630.0,135ns,155ns,307ns,135.0,155.0,307.0,,,,,,
xor,uniform,5000000,0.05,0.5,read_only,1,0.95,16,1500000,150000,2,2,1.42e-05,26.8435,13887650.0,134ns,153ns,314ns,134.0,153.0,314.0,,,,,,
cuckoo,uniform,5000000,0.05,0.5,read_only,1,0.95,8,1500000,150000,0,0,0.0184116,26.8435,7879337.0,60ns,284ns,313ns,60.0,284.0,313.0,0.0,0.0,0.0,,,
cuckoo,uniform,5000000,0.05,0.5,read_only,1,0.95,8,1500000,150000,1,1,0.0184116,26.8435,7746841.0,63ns,286ns,322ns,63.0,286.0,322.0,0.0,0.0,0.0,,,
cuckoo,uniform,5000000,0.05,0.5,read_only,1,0.95,8,1500000,150000,2,2,0.0184116,26.8435,8364665.0,73ns,255ns,308ns,73.0,255.0,308.0,0.0,0.0,0.0,,,
cuckoo,uniform,5000000,0.05,0.5,read_only,1,0.95,12,1500000,150000,0,0,0.0011874,26.8435,7895872.0,59ns,285ns,313ns,59.0,285.0,313.0,0.0,0.0,0.0,,,
cuckoo,uniform,5000000,0.05,0.5,read_only,1,0.95,12,1500000,150000,1,1,0.0011874,26.8435,7840100.0,86ns,284ns,309ns,86.0,284.0,309.0,0.0,0.0,0.0,,,
cuckoo,uniform,5000000,0.05,0.5,read_only,1,0.95,12,1500000,150000,2,2,0.0011874,26.8435,7882314.0,61ns,285ns,324ns,61.0,285.0,324.0,0.0,0.0,0.0,,,
cuckoo,uniform,5000000,0.05,0.5,read_only,1,0.95,16,1500000,150000,0,0,7.34e-05,26.8435,7785838.0,69ns,286ns,321ns,69.0,286.0,321.0,0.0,0.0,0.0,,,
cuckoo,uniform,5000000,0.05,0.5,read_only,1,0.95,16,1500000,150000,1,1,7.34e-05,26.8435,8308616.0,128ns,249ns,315ns,128.0,249.0,315.0,0.0,0.0,0.0,,,
cuckoo,uniform,5000000,0.05,0.5,read_only,1,0.95,16,1500000,150000,2,2,7.34e-05,26.8435,7774919.0,119ns,285ns,314ns,119.0,285.0,314.0,0.0,0.0,0.0,,,
quotient,uniform,5000000,0.05,0.5,read_only,1,0.95,12,1500000,150000,0,0,0.0095398,41.943,9208741.0,126ns,215ns,306ns,126.0,215.0,306.0,,,,0.0,0.0,0.0
quotient,uniform,5000000,0.05,0.5,read_only,1,0.95,12,1500000,150000,1,1,0.0095398,41.943,9203619.0,121ns,202ns,308ns,121.0,202.0,308.0,,,,0.0,0.0,0.0
quotient,uniform,5000000,0.05,0.5,read_only,1,0.95,12,1500000,150000,2,2,0.0095398,41.943,9135126.0,130ns,207ns,283ns,130.0,207.0,283.0,,,,0.0,0.0,0.0
bloom,uniform,5000000,0.01,0.5,read_only,1,0.95,12,1500000,150000,0,0,0.0459064,13.4218,13061460.0,39ns,144ns,212ns,39.0,144.0,212.0,,,,,,
bloom,uniform,5000000,0.01,0.5,read_only,1,0.95,12,1500000,150000,1,1,0.0459064,13.4218,13085730.0,37ns,139ns,224ns,37.0,139.0,224.0,,,,,,
bloom,uniform,5000000,0.01,0.5,read_only,1,0.95,12,1500000,150000,2,2,0.0459064,13.4218,12934690.0,37ns,142ns,219ns,37.0,142.0,219.0,,,,,,
xor,uniform,5000000,0.01,0.5,read_only,1,0.95,8,1500000,150000,0,0,0.003616,26.8435,13964620.0,135ns,151ns,303ns,135.0,151.0,303.0,,,,,,
xor,uniform,5000000,0.01,0.5,read_only,1,0.95,8,1500000,150000,1,1,0.003616,26.8435,13972470.0,134ns,157ns,306ns,134.0,157.0,306.0,,,,,,
xor,uniform,5000000,0.01,0.5,read_only,1,0.95,8,1500000,150000,2,2,0.003616,26.8435,13977140.0,134ns,154ns,317ns,134.0,154.0,317.0,,,,,,
xor,uniform,5000000,0.01,0.5,read_only,1,0.95,12,1500000,150000,0,0,0.000228,26.8435,14026510.0,133ns,151ns,310ns,133.0,151.0,310.0,,,,,,
xor,uniform,5000000,0.01,0.5,read_only,1,0.95,12,1500000,150000,1,1,0.000228,26.8435,13896500.0,134ns,159ns,292ns,134.0,159.0,292.0,,,,,,
xor,uniform,5000000,0.01,0.5,read_only,1,0.95,12,1500000,150000,2,2,0.000228,26.8435,13926690.0,134ns,151ns,306ns,134.0,151.0,306.0,,,,,,
xor,uniform,5000000,0.01,0.5,read_only,1,0.95,16,1500000,150000,0,0,1.42e-05,26.8435,13970800.0,134ns,154ns,302ns,134.0,154.0,302.0,,,,,,
xor,uniform,5000000,0.01,0.5,read_only,1,0.95,16,1500000,150000,1,1,1.42e-05,26.8435,13938290.0,136ns,155ns,300ns,136.0,155.0,300.0,,,,,,
xor,uniform,5000000,0.01,0.5,read_only,1,0.95,16,1500000,150000,2,2,1.42e-05,26.8435,13950010.0,134ns,152ns,304ns,134.0,152.0,304.0,,,,,,
cuckoo,uniform,5000000,0.01,0.5,read_only,1,0.95,8,1500000,150000,0,0,0.0184116,26.8435,7884252.0,59ns,282ns,314ns,59.0,282.0,314.0,0.0,0.0,0.0,,,
cuckoo,uniform,5000000,0.01,0.5,read_only,1,0.95,8,1500000,150000,1,1,0.0184116,26.8435,7994266.0,76ns,281ns,319ns,76.0,281.0,319.0,0.0,0.0,0.0,,,
cuckoo,uniform,5000000,0.01,0.5,read_only,1,0.95,8,1500000,150000,2,2,0.0184116,26.8435,7895775.0,67ns,282ns,322ns,67.0,282.0,322.0,0.0,0.0,0.0,,,
cuckoo,uniform,5000000,0.01,0.5,read_only,1,0.95,12,1500000,150000,0,0,0.0011874,26.8435,7774458.0,72ns,285ns,318ns,72.0,285.0,318.0,0.0,0.0,0.0,,,
cuckoo,uniform,5000000,0.01,0.5,read_only,1,0.95,12,1500000,150000,1,1,0.0011874,26.8435,8118189.0,133ns,277ns,307ns,133.0,277.0,307.0,0.0,0.0,0.0,,,
cuckoo,uniform,5000000,0.01,0.5,read_only,1,0.95,12,1500000,150000,2,2,0.0011874,26.8435,7579409.0,129ns,289ns,327ns,129.0,289.0,327.0,0.0,0.0,0.0,,,
cuckoo,uniform,5000000,0.01,0.5,read_only,1,0.95,16,1500000,150000,0,0,7.34e-05,26.8435,8186612.0,66ns,276ns,311ns,66.0,276.0,311.0,0.0,0.0,0.0,,,
cuckoo,uniform,5000000,0.01,0.5,read_only,1,0.95,16,1500000,150000,1,1,7.34e-05,26.8435,7849397.0,62ns,285ns,322ns,62.0,285.0,322.0,0.0,0.0,0.0,,,
cuckoo,uniform,5000000,0.01,0.5,read_only,1,0.95,16,1500000,150000,2,2,7.34e-05,26.8435,7878364.0,76ns,285ns,315ns,76.0,285.0,315.0,0.0,0.0,0.0,,,
quotient,uniform,5000000,0.01,0.5,read_only,1,0.95,12,1500000,150000,0,0,0.0023808,41.943,9290802.0,124ns,192ns,302ns,124.0,192.0,302.0,,,,0.0,0.0,0.0
quotient,uniform,5000000,0.01,0.5,read_only,1,0.95,12,1500000,150000,1,1,0.0023808,41.943,9303052.0,121ns,191ns,290ns,121.0,191.0,290.0,,,,0.0,0.0,0.0
quotient,uniform,5000000,0.01,0.5,read_only,1,0.95,12,1500000,150000,2,2,0.0023808,41.943,9266108.0,121ns,197ns,315ns,121.0,197.0,315.0,,,,0.0,0.0,0.0
bloom,uniform,5000000,0.001,0.5,read_only,1,0.95,12,1500000,150000,0,0,0.0226666,26.8435,10106190.0,47ns,158ns,267ns,47.0,158.0,267.0,,,,,,
bloom,uniform,5000000,0.001,0.5,read_only,1,0.95,12,1500000,150000,1,1,0.0226666,26.8435,10120210.0,50ns,157ns,263ns,50.0,157.0,263.0,,,,,,
bloom,uniform,5000000,0.001,0.5,read_only,1,0.95,12,1500000,150000,2,2,0.0226666,26.8435,10129850.0,47ns,158ns,287ns,47.0,158.0,287.0,,,,,,
xor,uniform,5000000,0.001,0.5,read_only,1,0.95,8,1500000,150000,0,0,0.003616,26.8435,13953660.0,133ns,151ns,310ns,133.0,151.0,310.0,,,,,,
xor,uniform,5000000,0.001,0.5,read_only,1,0.95,8,1500000,150000,1,1,0.003616,26.8435,13989530.0,134ns,153ns,304ns,134.0,153.0,304.0,,,,,,
xor,uniform,5000000,0.001,0.5,read_only,1,0.95,8,1500000,150000,2,2,0.003616,26.8435,14010300.0,133ns,151ns,308ns,133.0,151.0,308.0,,,,,,
xor,uniform,5000000,0.001,0.5,read_only,1,0.95,12,1500000,150000,0,0,0.000228,26.8435,13904380.0,134ns,154ns,307ns,134.0,154.0,307.0,,,,,,
xor,uniform,5000000,0.001,0.5,read_only,1,0.95,12,1500000,150000,1,1,0.000228,26.8435,13966460.0,133ns,155ns,306ns,133.0,155.0,306.0,,,,,,
xor,uniform,5000000,0.001,0.5,read_only,1,0.95,12,1500000,150000,2,2,0.000228,26.8435,13929120.0,133ns,153ns,316ns,133.0,153.0,316.0,,,,,,
xor,uniform,5000000,0.001,0.5,read_only,1,0.95,16,1500000,150000,0,0,1.42e-05,26.8435,13918460.0,134ns,152ns,301ns,134.0,152.0,301.0,,,,,,
xor,uniform,5000000,0.001,0.5,read_only,1,0.95,16,1500000,150000,1,1,1.42e-05,26.8435,13923350.0,133ns,153ns,307ns,133.0,153.0,307.0,,,,,,
xor,uniform,5000000,0.001,0.5,read_only,1,0.95,16,1500000,150000,2,2,1.42e-05,26.8435,13941450.0,134ns,156ns,308ns,134.0,156.0,308.0,,,,,,
cuckoo,uniform,5000000,0.001,0.5,read_only,1,0.95,8,1500000,150000,0,0,0.0184116,26.8435,8140757.0,65ns,278ns,312ns,65.0,278.0,312.0,0.0,0.0,0.0,,,
cuckoo,uniform,5000000,0.001,0.5,read_only,1,0.95,8,1500000,150000,1,1,0.0184116,26.8435,7823522.0,59ns,283ns,314ns,59.0,283.0,314.0,0.0,0.0,0.0,,,
cuckoo,uniform,5000000,0.001,0.5,read_only,1,0.95,8,1500000,150000,2,2,0.0184116,26.8435,7905214.0,76ns,285ns,320ns,76.0,285.0,320.0,0.0,0.0,0.0,,,
cuckoo,uniform,5000000,0.001,0.5,read_only,1,0.95,12,1500000,150000,0,0,0.0011874,26.8435,7689583.0,78ns,289ns,325ns,78.0,289.0,325.0,0.0,0.0,0.0,,,
cuckoo,uniform,5000000,0.001,0.5,read_only,1,0.95,12,1500000,150000,1,1,0.0011874,26.8435,7801468.0,61ns,285ns,318ns,61.0,285.0,318.0,0.0,0.0,0.0,,,
cuckoo,uniform,5000000,0.001,0.5,read_only,1,0.95,12,1500000,150000,2,2,0.0011874,26.8435,8049985.0,70ns,275ns,310ns,70.0,275.0,310.0,0.0,0.0,0.0,,,
cuckoo,uniform,5000000,0.001,0.5,read_only,1,0.95,16,1500000,150000,0,0,7.34e-05,26.8435,7750757.0,68ns,285ns,314ns,68.0,285.0,314.0,0.0,0.0,0.0,,,
cuckoo,uniform,5000000,0.001,0.5,read_only,1,0.95,16,1500000,150000,1,1,7.34e-05,26.8435,7916368.0,80ns,281ns,314ns,80.0,281.0,314.0,0.0,0.0,0.0,,,
cuckoo,uniform,5000000,0.001,0.5,read_only,1,0.95,16,1500000,150000,2,2,7.34e-05,26.8435,7847817.0,66ns,286ns,323ns,66.0,286.0,323.0,0.0,0.0,0.0,,,
quotient,uniform,5000000,0.001,0.5,read_only,1,0.95,12,1500000,150000,0,0,0.0003116,41.943,9164501.0,124ns,198ns,314ns,124.0,198.0,314.0,,,,0.0,0.0,0.0
quotient,uniform,5000000,0.001,0.5,read_only,1,0.95,12,1500000,150000,1,1,0.0003116,41.943,9201816.0,121ns,195ns,306ns,121.0,195.0,306.0,,,,0.0,0.0,0.0
quotient,uniform,5000000,0.001,0.5,read_only,1,0.95,12,1500000,150000,2,2,0.0003116,41.943,9137046.0,121ns,197ns,308ns,121.0,197.0,308.0,,,,0.0,0.0,0.0
bloom,uniform,10000000,0.05,0.5,read_only,1,0.95,12,1500000,150000,0,0,0.1026801,6.71089,13959570.0,36ns,139ns,231ns,36.0,139.0,231.0,,,,,,
bloom,uniform,10000000,0.05,0.5,read_only,1,0.95,12,1500000,150000,1,1,0.1026801,6.71089,13877190.0,36ns,139ns,246ns,36.0,139.0,246.0,,,,,,
bloom,uniform,10000000,0.05,0.5,read_only,1,0.95,12,1500000,150000,2,2,0.1026801,6.71089,13986410.0,36ns,139ns,235ns,36.0,139.0,235.0,,,,,,
xor,uniform,10000000,0.05,0.5,read_only,1,0.95,8,1500000,150000,0,0,0.0037006,26.8435,12642060.0,142ns,201ns,325ns,142.0,201.0,325.0,,,,,,
xor,uniform,10000000,0.05,0.5,read_only,1,0.95,8,1500000,150000,1,1,0.0037006,26.8435,12696580.0,142ns,197ns,317ns,142.0,197.0,317.0,,,,,,
xor,uniform,10000000,0.05,0.5,read_only,1,0.95,8,1500000,150000,2,2,0.0037006,26.8435,12711840.0,143ns,195ns,320ns,143.0,195.0,320.0,,,,,,
xor,uniform,10000000,0.05,0.5,read_only,1,0.95,12,1500000,150000,0,0,0.0002385,26.8435,12697070.0,142ns,204ns,321ns,142.0,204.0,321.0,,,,,,
xor,uniform,10000000,0.05,0.5,read_only,1,0.95,12,1500000,150000,1,1,0.0002385,26.8435,12663900.0,142ns,204ns,323ns,142.0,204.0,323.0,,,,,,
xor,uniform,10000000,0.05,0.5,read_only,1,0.95,12,1500000,150000,2,2,0.0002385,26.8435,12646670.0,142ns,199ns,316ns,142.0,199.0,316.0,,,,,,
xor,uniform,10000000,0.05,0.5,read_only,1,0.95,16,1500000,150000,0,0,1.51e-05,26.8435,12639990.0,142ns,205ns,324ns,142.0,205.0,324.0,,,,,,
xor,uniform,10000000,0.05,0.5,read_only,1,0.95,16,1500000,150000,1,1,1.51e-05,26.8435,12652400.0,142ns,203ns,325ns,142.0,203.0,325.0,,,,,,
xor,uniform,10000000,0.05,0.5,read_only,1,0.95,16,1500000,150000,2,2,1.51e-05,26.8435,12292180.0,142ns,264ns,318ns,142.0,264.0,318.0,,,,,,
cuckoo,uniform,10000000,0.05,0.5,read_only,1,0.95,8,1500000,150000,0,0,0.0185641,26.8435,7972949.0,150ns,215ns,311ns,150.0,215.0,311.0,0.0,0.0,0.0,,,
cuckoo,uniform,10000000,0.05,0.5,read_only,1,0.95,8,1500000,150000,1,1,0.0185641,26.8435,7974345.0,150ns,211ns,309ns,150.0,211.0,309.0,0.0,0.0,0.0,,,
cuckoo,uniform,10000000,0.05,0.5,read_only,1,0.95,8,1500000,150000,2,2,0.0185641,26.8435,7999633.0,153ns,209ns,311ns,153.0,209.0,311.0,0.0,0.0,0.0,,,
cuckoo,uniform,10000000,0.05,0.5,read_only,1,0.95,12,1500000,150000,0,0,0.0011611,26.8435,7938227.0,150ns,193ns,301ns,150.0,193.0,301.0,0.0,0.0,0.0,,,
cuckoo,uniform,10000000,0.05,0.5,read_only,1,0.95,12,1500000,150000,1,1,0.0011611,26.8435,7982420.0,153ns,214ns,308ns,153.0,214.0,308.0,0.0,0.0,0.0,,,
cuckoo,uniform,10000000,0.05,0.5,read_only,1,0.95,12,1500000,150000,2,2,0.0011611,26.8435,8023680.0,150ns,204ns,301ns,150.0,204.0,301.0,0.0,0.0,0.0,,,
cuckoo,uniform,10000000,0.05,0.5,read_only,1,0.95,16,1500000,150000,0,0,7.53e-05,26.8435,7992458.0,150ns,211ns,313ns,150.0,211.0,313.0,0.0,0.0,0.0,,,
cuckoo,uniform,10000000,0.05,0.5,read_only,1,0.95,16,1500000,150000,1,1,7.53e-05,26.8435,7960407.0,150ns,205ns,297ns,150.0,205.0,297.0,0.0,0.0,0.0,,,
cuckoo,uniform,10000000,0.05,0.5,read_only,1,0.95,16,1500000,150000,2,2,7.53e-05,26.8435,7970599.0,151ns,203ns,307ns,151.0,203.0,307.0,0.0,0.0,0.0,,,
quotient,uniform,10000000,0.05,0.5,read_only,1,0.95,12,1500000,150000,0,0,0.0095476,41.943,8482216.0,147ns,249ns,345ns,147.0,249.0,345.0,,,,0.0,0.0,0.0
quotient,uniform,10000000,0.05,0.5,read_only,1,0.95,12,1500000,150000,1,1,0.0095476,41.943,8565656.0,146ns,239ns,341ns,146.0,239.0,341.0,,,,0.0,0.0,0.0
quotient,uniform,10000000,0.05,0.5,read_only,1,0.95,12,1500000,150000,2,2,0.0095476,41.943,8548176.0,147ns,240ns,338ns,147.0,240.0,338.0,,,,0.0,0.0,0.0
bloom,uniform,10000000,0.01,0.5,read_only,1,0.95,12,1500000,150000,0,0,0.0458638,13.4218,10415280.0,50ns,160ns,264ns,50.0,160.0,264.0,,,,,,
bloom,uniform,10000000,0.01,0.5,read_only,1,0.95,12,1500000,150000,1,1,0.0458638,13.4218,10400520.0,55ns,163ns,278ns,55.0,163.0,278.0,,,,,,
bloom,uniform,10000000,0.01,0.5,read_only,1,0.95,12,1500000,150000,2,2,0.0458638,13.4218,10490860.0,48ns,158ns,264ns,48.0,158.0,264.0,,,,,,
xor,uniform,10000000,0.01,0.5,read_only,1,0.95,8,1500000,150000,0,0,0.0037006,26.8435,12583390.0,142ns,210ns,322ns,142.0,210.0,322.0,,,,,,
xor,uniform,10000000,0.01,0.5,read_only,1,0.95,8,1500000,150000,1,1,0.0037006,26.8435,12535070.0,142ns,221ns,322ns,142.0,221.0,322.0,,,,,,
xor,uniform,10000000,0.01,0.5,read_only,1,0.95,8,1500000,150000,2,2,0.0037006,26.8435,12559750.0,142ns,206ns,322ns,142.0,206.0,322.0,,,,,,
xor,uniform,10000000,0.01,0.5,read_only,1,0.95,12,1500000,150000,0,0,0.0002385,26.8435,12588780.0,142ns,207ns,307ns,142.0,207.0,307.0,,,,,,
xor,uniform,10000000,0.01,0.5,read_only,1,0.95,12,1500000,150000,1,1,0.0002385,26.8435,12650530.0,142ns,209ns,321ns,142.0,209.0,321.0,,,,,,
xor,uniform,10000000,0.01,0.5,read_only,1,0.95,12,1500000,150000,2,2,0.0002385,26.8435,12606190.0,142ns,203ns,305ns,142.0,203.0,305.0,,,,,,
xor,uniform,10000000,0.01,0.5,read_only,1,0.95,16,1500000,150000,0,0,1.51e-05,26.8435,11252530.0,143ns,287ns,351ns,143.0,287.0,351.0,,,,,,
xor,uniform,10000000,0.01,0.5,read_only,1,0.95,16,1500000,150000,1,1,1.51e-05,26.8435,12650020.0,142ns,207ns,317ns,142.0,207.0,317.0,,,,,,
xor,uniform,10000000,0.01,0.5,read_only,1,0.95,16,1500000,150000,2,2,1.51e-05,26.8435,12618790.0,142ns,216ns,332ns,142.0,216.0,332.0,,,,,,
cuckoo,uniform,10000000,0.01,0.5,read_only,1,0.95,8,1500000,150000,0,0,0.0185641,26.8435,7940578.0,152ns,223ns,308ns,152.0,223.0,308.0,0.0,0.0,0.0,,,
cuckoo,uniform,10000000,0.01,0.5,read_only,1,0.95,8,1500000,150000,1,1,0.0185641,26.8435,7914343.0,150ns,219ns,316ns,150.0,219.0,316.0,0.0,0.0,0.0,,,
cuckoo,uniform,10000000,0.01,0.5,read_only,1,0.95,8,1500000,150000,2,2,0.0185641,26.8435,7938713.0,150ns,208ns,302ns,150.0,208.0,302.0,0.0,0.0,0.0,,,
cuckoo,uniform,10000000,0.01,0.5,read_only,1,0.95,12,1500000,150000,0,0,0.0011611,26.8435,7985695.0,150ns,206ns,314ns,150.0,206.0,314.0,0.0,0.0,0.0,,,
cuckoo,uniform,10000000,0.01,0.5,read_only,1,0.95,12,1500000,150000,1,1,0.0011611,26.8435,7951323.0,150ns,218ns,313ns,150.0,218.0,313.0,0.0,0.0,0.0,,,
cuckoo,uniform,10000000,0.01,0.5,read_only,1,0.95,12,1500000,150000,2,2,0.0011611,26.8435,7859542.0,150ns,213ns,311ns,150.0,213.0,311.0,0.0,0.0,0.0,,,
cuckoo,uniform,10000000,0.01,0.5,read_only,1,0.95,16,1500000,150000,0,0,7.53e-05,26.8435,7903718.0,150ns,213ns,315ns,150.0,213.0,315.0,0.0,0.0,0.0,,,
cuckoo,uniform,10000000,0.01,0.5,read_only,1,0.95,16,1500000,150000,1,1,7.53e-05,26.8435,7954099.0,150ns,215ns,301ns,150.0,215.0,301.0,0.0,0.0,0.0,,,
cuckoo,uniform,10000000,0.01,0.5,read_only,1,0.95,16,1500000,150000,2,2,7.53e-05,26.8435,7928940.0,150ns,219ns,308ns,150.0,219.0,308.0,0.0,0.0,0.0,,,
quotient,uniform,10000000,0.01,0.5,read_only,1,0.95,12,1500000,150000,0,0,0.0023584,41.943,8548911.0,146ns,233ns,344ns,146.0,233.0,344.0,,,,0.0,0.0,0.0
quotient,uniform,10000000,0.01,0.5,read_only,1,0.95,12,1500000,150000,1,1,0.0023584,41.943,8505659.0,146ns,233ns,329ns,146.0,233.0,329.0,,,,0.0,0.0,0.0
quotient,uniform,10000000,0.01,0.5,read_only,1,0.95,12,1500000,150000,2,2,0.0023584,41.943,8456295.0,147ns,244ns,339ns,147.0,244.0,339.0,,,,0.0,0.0,0.0
bloom,uniform,10000000,0.001,0.5,read_only,1,0.95,12,1500000,150000,0,0,0.0225718,26.8435,8868849.0,143ns,176ns,307ns,143.0,176.0,307.0,,,,,,
bloom,uniform,10000000,0.001,0.5,read_only,1,0.95,12,1500000,150000,1,1,0.0225718,26.8435,8876905.0,143ns,173ns,292ns,143.0,173.0,292.0,,,,,,
bloom,uniform,10000000,0.001,0.5,read_only,1,0.95,12,1500000,150000,2,2,0.0225718,26.8435,8862261.0,143ns,174ns,303ns,143.0,174.0,303.0,,,,,,
xor,uniform,10000000,0.001,0.5,read_only,1,0.95,8,1500000,150000,0,0,0.0037006,26.8435,12532590.0,142ns,219ns,329ns,142.0,219.0,329.0,,,,,,
xor,uniform,10000000,0.001,0.5,read_only,1,0.95,8,1500000,150000,1,1,0.0037006,26.8435,12589540.0,142ns,207ns,310ns,142.0,207.0,310.0,,,,,,
xor,uniform,10000000,0.001,0.5,read_only,1,0.95,8,1500000,150000,2,2,0.0037006,26.8435,12571750.0,142ns,209ns,318ns,142.0,209.0,318.0,,,,,,
xor,uniform,10000000,0.001,0.5,read_only,1,0.95,12,1500000,150000,0,0,0.0002385,26.8435,12594760.0,142ns,227ns,318ns,142.0,227.0,318.0,,,,,,
xor,uniform,10000000,0.001,0.5,read_only,1,0.95,12,1500000,150000,1,1,0.0002385,26.8435,12591870.0,142ns,219ns,330ns,142.0,219.0,330.0,,,,,,
xor,uniform,10000000,0.001,0.5,read_only,1,0.95,12,1500000,150000,2,2,0.0002385,26.8435,12541200.0,142ns,209ns,325ns,142.0,209.0,325.0,,,,,,
xor,uniform,10000000,0.001,0.5,read_only,1,0.95,16,1500000,150000,0,0,1.51e-05,26.8435,12552940.0,142ns,215ns,319ns,142.0,215.0,319.0,,,,,,
xor,uniform,10000000,0.001,0.5,read_only,1,0.95,16,1500000,150000,1,1,1.51e-05,26.8435,12598530.0,142ns,214ns,323ns,142.0,214.0,323.0,,,,,,
xor,uniform,10000000,0.001,0.5,read_only,1,0.95,16,1500000,150000,2,2,1.51e-05,26.8435,12123170.0,142ns,272ns,329ns,142.0,272.0,329.0,,,,,,
cuckoo,uniform,10000000,0.001,0.5,read_only,1,0.95,8,1500000,150000,0,0,0.0185641,26.8435,7904680.0,150ns,200ns,303ns,150.0,200.0,303.0,0.0,0.0,0.0,,,
cuckoo,uniform,10000000,0.001,0.5,read_only,1,0.95,8,1500000,150000,1,1,0.0185641,26.8435,7922657.0,150ns,202ns,320ns,150.0,202.0,320.0,0.0,0.0,0.0,,,
cuckoo,uniform,10000000,0.001,0.5,read_only,1,0.95,8,1500000,150000,2,2,0.0185641,26.8435,7939537.0,150ns,226ns,307ns,150.0,226.0,307.0,0.0,0.0,0.0,,,
cuckoo,uniform,10000000,0.001,0.5,read_only,1,0.95,12,1500000,150000,0,0,0.0011611,26.8435,7654376.0,151ns,277ns,323ns,151.0,277.0,323.0,0.0,0.0,0.0,,,
cuckoo,uniform,10000000,0.001,0.5,read_only,1,0.95,12,1500000,150000,1,1,0.0011611,26.8435,7894408.0,151ns,219ns,304ns,151.0,219.0,304.0,0.0,0.0,0.0,,,
cuckoo,uniform,10000000,0.001,0.5,read_only,1,0.95,12,1500000,150000,2,2,0.0011611,26.8435,7944420.0,150ns,224ns,316ns,150.0,224.0,316.0,0.0,0.0,0.0,,,
cuckoo,uniform,10000000,0.001,0.5,read_only,1,0.95,16,1500000,150000,0,0,7.53e-05,26.8435,7944750.0,152ns,208ns,309ns,152.0,208.0,309.0,0.0,0.0,0.0,,,
cuckoo,uniform,10000000,0.001,0.5,read_only,1,0.95,16,1500000,150000,1,1,7.53e-05,26.8435,7924530.0,150ns,206ns,313ns,150.0,206.0,313.0,0.0,0.0,0.0,,,
cuckoo,uniform,10000000,0.001,0.5,read_only,1,0.95,16,1500000,150000,2,2,7.53e-05,26.8435,7999738.0,150ns,216ns,305ns,150.0,216.0,305.0,0.0,0.0,0.0,,,
quotient,uniform,10000000,0.001,0.5,read_only,1,0.95,12,1500000,150000,0,0,0.0002885,41.943,8465589.0,146ns,243ns,342ns,146.0,243.0,342.0,,,,0.0,0.0,0.0
quotient,uniform,10000000,0.001,0.5,read_only,1,0.95,12,1500000,150000,1,1,0.0002885,41.943,8514706.0,147ns,238ns,343ns,147.0,238.0,343.0,,,,0.0,0.0,0.0
quotient,uniform,10000000,0.001,0.5,read_only,1,0.95,12,1500000,150000,2,2,0.0002885,41.943,8401364.0,147ns,246ns,346ns,147.0,246.0,346.0,,,,0.0,0.0,0.0
bloom,sequential,1000000,0.05,0.5,read_only,1,0.95,12,1500000,150000,0,0,0.076799,8.38861,23064260.0,26ns,40ns,54ns,26.0,40.0,54.0,,,,,,
bloom,sequential,1000000,0.05,0.5,read_only,1,0.95,12,1500000,150000,1,1,0.076799,8.38861,20517840.0,28ns,42ns,56ns,28.0,42.0,56.0,,,,,,
bloom,sequential,1000000,0.05,0.5,read_only,1,0.95,12,1500000,150000,2,2,0.076799,8.38861,24008040.0,26ns,40ns,52ns,26.0,40.0,52.0,,,,,,
xor,sequential,1000000,0.05,0.5,read_only,1,0.95,8,1500000,150000,0,0,0.003361,33.5544,18017070.0,31ns,37ns,221ns,31.0,37.0,221.0,,,,,,
xor,sequential,1000000,0.05,0.5,read_only,1,0.95,8,1500000,150000,1,1,0.003361,33.5544,17722840.0,31ns,37ns,222ns,31.0,37.0,222.0,,,,,,
xor,sequential,1000000,0.05,0.5,read_only,1,0.95,8,1500000,150000,2,2,0.003361,33.5544,17110560.0,32ns,38ns,222ns,32.0,38.0,222.0,,,,,,
xor,sequential,1000000,0.05,0.5,read_only,1,0.95,12,1500000,150000,0,0,0.00019,33.5544,16941010.0,31ns,38ns,260ns,31.0,38.0,260.0,,,,,,
xor,sequential,1000000,0.05,0.5,read_only,1,0.95,12,1500000,150000,1,1,0.00019,33.5544,16837390.0,31ns,39ns,285ns,31.0,39.0,285.0,,,,,,
xor,sequential,1000000,0.05,0.5,read_only,1,0.95,12,1500000,150000,2,2,0.00019,33.5544,17370440.0,32ns,38ns,219ns,32.0,38.0,219.0,,,,,,
xor,sequential,1000000,0.05,0.5,read_only,1,0.95,16,1500000,150000,0,0,1.4e-05,33.5544,17414280.0,31ns,38ns,221ns,31.0,38.0,221.0,,,,,,
xor,sequential,1000000,0.05,0.5,read_only,1,0.95,16,1500000,150000,1,1,1.4e-05,33.5544,17462300.0,31ns,38ns,297ns,31.0,38.0,297.0,,,,,,
xor,sequential,1000000,0.05,0.5,read_only,1,0.95,16,1500000,150000,2,2,1.4e-05,33.5544,18594620.0,31ns,37ns,219ns,31.0,37.0,219.0,,,,,,
cuckoo,sequential,1000000,0.05,0.5,read_only,1,0.95,8,1500000,150000,0,0,0.014904,33.5544,11617130.0,43ns,67ns,244ns,43.0,67.0,244.0,0.0,0.0,0.0,,,
cuckoo,sequential,1000000,0.05,0.5,read_only,1,0.95,8,1500000,150000,1,1,0.014904,33.5544,12364090.0,40ns,55ns,235ns,40.0,55.0,235.0,0.0,0.0,0.0,,,
cuckoo,sequential,1000000,0.05,0.5,read_only,1,0.95,8,1500000,150000,2,2,0.014904,33.5544,11901690.0,40ns,55ns,238ns,40.0,55.0,238.0,0.0,0.0,0.0,,,
cuckoo,sequential,1000000,0.05,0.5,read_only,1,0.95,12,1500000,150000,0,0,0.00091,33.5544,12429290.0,40ns,56ns,280ns,40.0,56.0,280.0,0.0,0.0,0.0,,,
cuckoo,sequential,1000000,0.05,0.5,read_only,1,0.95,12,1500000,150000,1,1,0.00091,33.5544,11356940.0,40ns,58ns,299ns,40.0,58.0,299.0,0.0,0.0,0.0,,,
cuckoo,sequential,1000000,0.05,0.5,read_only,1,0.95,12,1500000,150000,2,2,0.00091,33.5544,12282130.0,40ns,56ns,294ns,40.0,56.0,294.0,0.0,0.0,0.0,,,
cuckoo,sequential,1000000,0.05,0.5,read_only,1,0.95,16,1500000,150000,0,0,5.5e-05,33.5544,11800010.0,40ns,56ns,283ns,40.0,56.0,283.0,0.0,0.0,0.0,,,
cuckoo,sequential,1000000,0.05,0.5,read_only,1,0.95,16,1500000,150000,1,1,5.5e-05,33.5544,12180220.0,40ns,57ns,285ns,40.0,57.0,285.0,0.0,0.0,0.0,,,
cuckoo,sequential,1000000,0.05,0.5,read_only,1,0.95,16,1500000,150000,2,2,5.5e-05,33.5544,11970080.0,41ns,58ns,276ns,41.0,58.0,276.0,0.0,0.0,0.0,,,
quotient,sequential,1000000,0.05,0.5,read_only,1,0.95,12,1500000,150000,0,0,0.007792,52.4288,9907698.0,43ns,237ns,321ns,43.0,237.0,321.0,,,,0.0,0.0,0.0
quotient,sequential,1000000,0.05,0.5,read_only,1,0.95,12,1500000,150000,1,1,0.007792,52.4288,10857270.0,40ns,210ns,302ns,40.0,210.0,302.0,,,,0.0,0.0,0.0
quotient,sequential,1000000,0.05,0.5,read_only,1,0.95,12,1500000,150000,2,2,0.007792,52.4288,9913644.0,41ns,216ns,315ns,41.0,216.0,315.0,,,,0.0,0.0,0.0
bloom,sequential,1000000,0.01,0.5,read_only,1,0.95,12,1500000,150000,0,0,0.035322,16.7772,19834090.0,29ns,44ns,57ns,29.0,44.0,57.0,,,,,,
bloom,sequential,1000000,0.01,0.5,read_only,1,0.95,12,1500000,150000,1,1,0.035322,16.7772,18584840.0,32ns,47ns,62ns,32.0,47.0,62.0,,,,,,
bloom,sequential,1000000,0.01,0.5,read_only,1,0.95,12,1500000,150000,2,2,0.035322,16.7772,19886420.0,31ns,46ns,58ns,31.0,46.0,58.0,,,,,,
xor,sequential,1000000,0.01,0.5,read_only,1,0.95,8,1500000,150000,0,0,0.003361,33.5544,17024870.0,32ns,38ns,221ns,32.0,38.0,221.0,,,,,,
xor,sequential,1000000,0.01,0.5,read_only,1,0.95,8,1500000,150000,1,1,0.003361,33.5544,17316710.0,31ns,38ns,232ns,31.0,38.0,232.0,,,,,,
xor,sequential,1000000,0.01,0.5,read_only,1,0.95,8,1500000,150000,2,2,0.003361,33.5544,16570910.0,32ns,40ns,298ns,32.0,40.0,298.0,,,,,,
xor,sequential,1000000,0.01,0.5,read_only,1,0.95,12,1500000,150000,0,0,0.00019,33.5544,16465060.0,32ns,187ns,298ns,32.0,187.0,298.0,,,,,,
xor,sequential,1000000,0.01,0.5,read_only,1,0.95,12,1500000,150000,1,1,0.00019,33.5544,17462740.0,31ns,38ns,226ns,31.0,38.0,226.0,,,,,,
xor,sequential,1000000,0.01,0.5,read_only,1,0.95,12,1500000,150000,2,2,0.00019,33.5544,17451400.0,31ns,38ns,278ns,31.0,38.0,278.0,,,,,,
xor,sequential,1000000,0.01,0.5,read_only,1,0.95,16,1500000,150000,0,0,1.4e-05,33.5544,16494410.0,32ns,89ns,268ns,32.0,89.0,268.0,,,,,,
xor,sequential,1000000,0.01,0.5,read_only,1,0.95,16,1500000,150000,1,1,1.4e-05,33.5544,16857540.0,32ns,38ns,290ns,32.0,38.0,290.0,,,,,,
xor,sequential,1000000,0.01,0.5,read_only,1,0.95,16,1500000,150000,2,2,1.4e-05,33.5544,18334320.0,31ns,39ns,220ns,31.0,39.0,220.0,,,,,,
cuckoo,sequential,1000000,0.01,0.5,read_only,1,0.95,8,1500000,150000,0,0,0.014904,33.5544,11190780.0,41ns,58ns,253ns,41.0,58.0,253.0,0.0,0.0,0.0,,,
cuckoo,sequential,1000000,0.01,0.5,read_only,1,0.95,8,1500000,150000,1,1,0.014904,33.5544,10924110.0,40ns,58ns,269ns,40.0,58.0,269.0,0.0,0.0,0.0,,,
cuckoo,sequential,1000000,0.01,0.5,read_only,1,0.95,8,1500000,150000,2,2,0.014904,33.5544,11736160.0,41ns,58ns,276ns,41.0,58.0,276.0,0.0,0.0,0.0,,,
cuckoo,sequential,1000000,0.01,0.5,read_only,1,0.95,12,1500000,150000,0,0,0.00091,33.5544,12312460.0,40ns,55ns,277ns,40.0,55.0,277.0,0.0,0.0,0.0,,,
cuckoo,sequential,1000000,0.01,0.5,read_only,1,0.95,12,1500000,150000,1,1,0.00091,33.5544,12178860.0,40ns,57ns,288ns,40.0,57.0,288.0,0.0,0.0,0.0,,,
cuckoo,sequential,1000000,0.01,0.5,read_only,1,0.95,12,1500000,150000,2,2,0.00091,33.5544,11684660.0,40ns,56ns,270ns,40.0,56.0,270.0,0.0,0.0,0.0,,,
cuckoo,sequential,1000000,0.01,0.5,read_only,1,0.95,16,1500000,150000,0,0,5.5e-05,33.5544,11959000.0,40ns,55ns,290ns,40.0,55.0,290.0,0.0,0.0,0.0,,,
cuckoo,sequential,1000000,0.01,0.5,read_only,1,0.95,16,1500000,150000,1,1,5.5e-05,33.5544,11224790.0,41ns,58ns,290ns,41.0,58.0,290.0,0.0,0.0,0.0,,,
cuckoo,sequential,1000000,0.01,0.5,read_only,1,0.95,16,1500000,150000,2,2,5.5e-05,33.5544,11549420.0,41ns,62ns,289ns,41.0,62.0,289.0,0.0,0.0,0.0,,,
quotient,sequential,1000000,0.01,0.5,read_only,1,0.95,12,1500000,150000,0,0,0.001903,52.4288,10390150.0,42ns,207ns,318ns,42.0,207.0,318.0,,,,0.0,0.0,0.0
quotient,sequential,1000000,0.01,0.5,read_only,1,0.95,12,1500000,150000,1,1,0.001903,52.4288,10097910.0,42ns,197ns,318ns,42.0,197.0,318.0,,,,0.0,0.0,0.0
quotient,sequential,1000000,0.01,0.5,read_only,1,0.95,12,1500000,150000,2,2,0.001903,52.4288,9909778.0,42ns,208ns,317ns,42.0,208.0,317.0,,,,0.0,0.0,0.0
bloom,sequential,1000000,0.001,0.5,read_only,1,0.95,12,1500000,150000,0,0,0.037496,16.7772,15569200.0,32ns,46ns,60ns,32.0,46.0,60.0,,,,,,
bloom,sequential,1000000,0.001,0.5,read_only,1,0.95,12,1500000,150000,1,1,0.037496,16.7772,15617190.0,31ns,46ns,58ns,31.0,46.0,58.0,,,,,,
bloom,sequential,1000000,0.001,0.5,read_only,1,0.95,12,1500000,150000,2,2,0.037496,16.7772,16459760.0,31ns,46ns,58ns,31.0,46.0,58.0,,,,,,
xor,sequential,1000000,0.001,0.5,read_only,1,0.95,8,1500000,150000,0,0,0.003361,33.5544,17067500.0,32ns,38ns,292ns,32.0,38.0,292.0,,,,,,
xor,sequential,1000000,0.001,0.5,read_only,1,0.95,8,1500000,150000,1,1,0.003361,33.5544,16689110.0,32ns,38ns,273ns,32.0,38.0,273.0,,,,,,
xor,sequential,1000000,0.001,0.5,read_only,1,0.95,8,1500000,150000,2,2,0.003361,33.5544,16077790.0,32ns,38ns,240ns,32.0,38.0,240.0,,,,,,
xor,sequential,1000000,0.001,0.5,read_only,1,0.95,12,1500000,150000,0,0,0.00019,33.5544,17809340.0,31ns,40ns,255ns,31.0,40.0,255.0,,,,,,
xor,sequential,1000000,0.001,0.5,read_only,1,0.95,12,1500000,150000,1,1,0.00019,33.5544,17116790.0,32ns,38ns,264ns,32.0,38.0,264.0,,,,,,
xor,sequential,1000000,0.001,0.5,read_only,1,0.95,12,1500000,150000,2,2,0.00019,33.5544,18293620.0,31ns,38ns,277ns,31.0,38.0,277.0,,,,,,
xor,sequential,1000000,0.001,0.5,read_only,1,0.95,16,1500000,150000,0,0,1.4e-05,33.5544,16108180.0,32ns,38ns,287ns,32.0,38.0,287.0,,,,,,
xor,sequential,1000000,0.001,0.5,read_only,1,0.95,16,1500000,150000,1,1,1.4e-05,33.5544,20171460.0,30ns,39ns,241ns,30.0,39.0,241.0,,,,,,
xor,sequential,1000000,0.001,0.5,read_only,1,0.95,16,1500000,150000,2,2,1.4e-05,33.5544,16718900.0,32ns,39ns,288ns,32.0,39.0,288.0,,,,,,
cuckoo,sequential,1000000,0.001,0.5,read_only,1,0.95,8,1500000,150000,0,0,0.014904,33.5544,10722770.0,41ns,59ns,278ns,41.0,59.0,278.0,0.0,0.0,0.0,,,
cuckoo,sequential,1000000,0.001,0.5,read_only,1,0.95,8,1500000,150000,1,1,0.014904,33.5544,11035610.0,40ns,57ns,281ns,40.0,57.0,281.0,0.0,0.0,0.0,,,
cuckoo,sequential,1000000,0.001,0.5,read_only,1,0.95,8,1500000,150000,2,2,0.014904,33.5544,10937890.0,40ns,60ns,282ns,40.0,60.0,282.0,0.0,0.0,0.0,,,
cuckoo,sequential,1000000,0.001,0.5,read_only,1,0.95,12,1500000,150000,0,0,0.00091,33.5544,10534380.0,41ns,60ns,298ns,41.0,60.0,298.0,0.0,0.0,0.0,,,
cuckoo,sequential,1000000,0.001,0.5,read_only,1,0.95,12,1500000,150000,1,1,0.00091,33.5544,11440660.0,42ns,60ns,256ns,42.0,60.0,256.0,0.0,0.0,0.0,,,
cuckoo,sequential,1000000,0.001,0.5,read_only,1,0.95,12,1500000,150000,2,2,0.00091,33.5544,10886270.0,41ns,62ns,272ns,41.0,62.0,272.0,0.0,0.0,0.0,,,
cuckoo,sequential,1000000,0.001,0.5,read_only,1,0.95,16,1500000,150000,0,0,5.5e-05,33.5544,10965360.0,40ns,58ns,278ns,40.0,58.0,278.0,0.0,0.0,0.0,,,
cuckoo,sequential,1000000,0.001,0.5,read_only,1,0.95,16,1500000,150000,1,1,5.5e-05,33.5544,10516050.0,41ns,72ns,298ns,41.0,72.0,298.0,0.0,0.0,0.0,,,
cuckoo,sequential,1000000,0.001,0.5,read_only,1,0.95,16,1500000,150000,2,2,5.5e-05,33.5544,11591680.0,40ns,57ns,276ns,40.0,57.0,276.0,0.0,0.0,0.0,,,
quotient,sequential,1000000,0.001,0.5,read_only,1,0.95,12,1500000,150000,0,0,0.000237,52.4288,10959980.0,40ns,171ns,296ns,40.0,171.0,296.0,,,,0.0,0.0,0.0
quotient,sequential,1000000,0.001,0.5,read_only,1,0.95,12,1500000,150000,1,1,0.000237,52.4288,10926330.0,40ns,185ns,302ns,40.0,185.0,302.0,,,,0.0,0.0,0.0
quotient,sequential,1000000,0.001,0.5,read_only,1,0.95,12,1500000,150000,2,2,0.000237,52.4288,10491060.0,40ns,158ns,309ns,40.0,158.0,309.0,,,,0.0,0.0,0.0
bloom,sequential,5000000,0.05,0.5,read_only,1,0.95,12,1500000,150000,0,0,0.1026034,6.71089,15580520.0,32ns,48ns,144ns,32.0,48.0,144.0,,,,,,
bloom,sequential,5000000,0.05,0.5,read_only,1,0.95,12,1500000,150000,1,1,0.1026034,6.71089,15563800.0,32ns,49ns,148ns,32.0,49.0,148.0,,,,,,
bloom,sequential,5000000,0.05,0.5,read_only,1,0.95,12,1500000,150000,2,2,0.1026034,6.71089,15689480.0,32ns,48ns,149ns,32.0,48.0,149.0,,,,,,
xor,sequential,5000000,0.05,0.5,read_only,1,0.95,8,1500000,150000,0,0,0.0036964,26.8435,13725250.0,133ns,176ns,312ns,133.0,176.0,312.0,,,,,,
xor,sequential,5000000,0.05,0.5,read_only,1,0.95,8,1500000,150000,1,1,0.0036964,26.8435,13886920.0,133ns,156ns,304ns,133.0,156.0,304.0,,,,,,
xor,sequential,5000000,0.05,0.5,read_only,1,0.95,8,1500000,150000,2,2,0.0036964,26.8435,13816220.0,133ns,175ns,294ns,133.0,175.0,294.0,,,,,,
xor,sequential,5000000,0.05,0.5,read_only,1,0.95,12,1500000,150000,0,0,0.0002234,26.8435,13818510.0,133ns,180ns,315ns,133.0,180.0,315.0,,,,,,
xor,sequential,5000000,0.05,0.5,read_only,1,0.95,12,1500000,150000,1,1,0.0002234,26.8435,13698080.0,134ns,173ns,308ns,134.0,173.0,308.0,,,,,,
xor,sequential,5000000,0.05,0.5,read_only,1,0.95,12,1500000,150000,2,2,0.0002234,26.8435,13868320.0,133ns,159ns,294ns,133.0,159.0,294.0,,,,,,
xor,sequential,5000000,0.05,0.5,read_only,1,0.95,16,1500000,150000,0,0,1.3e-05,26.8435,13669380.0,133ns,191ns,317ns,133.0,191.0,317.0,,,,,,
xor,sequential,5000000,0.05,0.5,read_only,1,0.95,16,1500000,150000,1,1,1.3e-05,26.8435,13802300.0,135ns,162ns,311ns,135.0,162.0,311.0,,,,,,
xor,sequential,5000000,0.05,0.5,read_only,1,0.95,16,1500000,150000,2,2,1.3e-05,26.8435,12351330.0,136ns,277ns,476ns,136.0,277.0,476.0,,,,,,
cuckoo,sequential,5000000,0.05,0.5,read_only,1,0.95,8,1500000,150000,0,0,0.0185788,26.8435,7851830.0,61ns,285ns,324ns,61.0,285.0,324.0,0.0,0.0,0.0,,,
cuckoo,sequential,5000000,0.05,0.5,read_only,1,0.95,8,1500000,150000,1,1,0.0185788,26.8435,7588341.0,121ns,288ns,333ns,121.0,288.0,333.0,0.0,0.0,0.0,,,
cuckoo,sequential,5000000,0.05,0.5,read_only,1,0.95,8,1500000,150000,2,2,0.0185788,26.8435,7687177.0,61ns,286ns,333ns,61.0,286.0,333.0,0.0,0.0,0.0,,,
cuckoo,sequential,5000000,0.05,0.5,read_only,1,0.95,12,1500000,150000,0,0,0.001155,26.8435,7709470.0,63ns,286ns,332ns,63.0,286.0,332.0,0.0,0.0,0.0,,,
cuckoo,sequential,5000000,0.05,0.5,read_only,1,0.95,12,1500000,150000,1,1,0.001155,26.8435,7853240.0,69ns,286ns,324ns,69.0,286.0,324.0,0.0,0.0,0.0,,,
cuckoo,sequential,5000000,0.05,0.5,read_only,1,0.95,12,1500000,150000,2,2,0.001155,26.8435,8489953.0,136ns,194ns,324ns,136.0,194.0,324.0,0.0,0.0,0.0,,,
cuckoo,sequential,5000000,0.05,0.5,read_only,1,0.95,16,1500000,150000,0,0,7.7e-05,26.8435,8488423.0,135ns,197ns,321ns,135.0,197.0,321.0,0.0,0.0,0.0,,,
cuckoo,sequential,5000000,0.05,0.5,read_only,1,0.95,16,1500000,150000,1,1,7.7e-05,26.8435,8541439.0,133ns,193ns,302ns,133.0,193.0,302.0,0.0,0.0,0.0,,,
cuckoo,sequential,5000000,0.05,0.5,read_only,1,0.95,16,1500000,150000,2,2,7.7e-05,26.8435,8509608.0,137ns,208ns,326ns,137.0,208.0,326.0,0.0,0.0,0.0,,,
quotient,sequential,5000000,0.05,0.5,read_only,1,0.95,12,1500000,150000,0,0,0.0095958,41.943,8878051.0,131ns,213ns,335ns,131.0,213.0,335.0,,,,0.0,0.0,0.0
quotient,sequential,5000000,0.05,0.5,read_only,1,0.95,12,1500000,150000,1,1,0.0095958,41.943,8929857.0,129ns,213ns,323ns,129.0,213.0,323.0,,,,0.0,0.0,0.0
quotient,sequential,5000000,0.05,0.5,read_only,1,0.95,12,1500000,150000,2,2,0.0095958,41.943,8891547.0,127ns,208ns,317ns,127.0,208.0,317.0,,,,0.0,0.0,0.0
bloom,sequential,5000000,0.01,0.5,read_only,1,0.95,12,1500000,150000,0,0,0.0458472,13.4218,12551540.0,38ns,143ns,229ns,38.0,143.0,229.0,,,,,,
bloom,sequential,5000000,0.01,0.5,read_only,1,0.95,12,1500000,150000,1,1,0.0458472,13.4218,12690720.0,38ns,142ns,245ns,38.0,142.0,245.0,,,,,,
bloom,sequential,5000000,0.01,0.5,read_only,1,0.95,12,1500000,150000,2,2,0.0458472,13.4218,10920820.0,42ns,163ns,269ns,42.0,163.0,269.0,,,,,,
xor,sequential,5000000,0.01,0.5,read_only,1,0.95,8,1500000,150000,0,0,0.0036964,26.8435,12957590.0,137ns,246ns,319ns,137.0,246.0,319.0,,,,,,
xor,sequential,5000000,0.01,0.5,read_only,1,0.95,8,1500000,150000,1,1,0.0036964,26.8435,13776700.0,133ns,158ns,317ns,133.0,158.0,317.0,,,,,,
xor,sequential,5000000,0.01,0.5,read_only,1,0.95,8,1500000,150000,2,2,0.0036964,26.8435,13852010.0,133ns,170ns,285ns,133.0,170.0,285.0,,,,,,
xor,sequential,5000000,0.01,0.5,read_only,1,0.95,12,1500000,150000,0,0,0.0002234,26.8435,13849990.0,133ns,161ns,298ns,133.0,161.0,298.0,,,,,,
xor,sequential,5000000,0.01,0.5,read_only,1,0.95,12,1500000,150000,1,1,0.0002234,26.8435,13823840.0,135ns,166ns,321ns,135.0,166.0,321.0,,,,,,
xor,sequential,5000000,0.01,0.5,read_only,1,0.95,12,1500000,150000,2,2,0.0002234,26.8435,13821310.0,133ns,175ns,321ns,133.0,175.0,321.0,,,,,,
xor,sequential,5000000,0.01,0.5,read_only,1,0.95,16,1500000,150000,0,0,1.3e-05,26.8435,13820490.0,133ns,165ns,319ns,133.0,165.0,319.0,,,,,,
xor,sequential,5000000,0.01,0.5,read_only,1,0.95,16,1500000,150000,1,1,1.3e-05,26.8435,13782200.0,133ns,157ns,318ns,133.0,157.0,318.0,,,,,,
xor,sequential,5000000,0.01,0.5,read_only,1,0.95,16,1500000,150000,2,2,1.3e-05,26.8435,13753120.0,133ns,168ns,317ns,133.0,168.0,317.0,,,,,,
cuckoo,sequential,5000000,0.01,0.5,read_only,1,0.95,8,1500000,150000,0,0,0.0185788,26.8435,7645647.0,67ns,289ns,334ns,67.0,289.0,334.0,0.0,0.0,0.0,,,
cuckoo,sequential,5000000,0.01,0.5,read_only,1,0.95,8,1500000,150000,1,1,0.0185788,26.8435,8096837.0,78ns,275ns,317ns,78.0,275.0,317.0,0.0,0.0,0.0,,,
cuckoo,sequential,5000000,0.01,0.5,read_only,1,0.95,8,1500000,150000,2,2,0.0185788,26.8435,7921085.0,61ns,278ns,316ns,61.0,278.0,316.0,0.0,0.0,0.0,,,
cuckoo,sequential,5000000,0.01,0.5,read_only,1,0.95,12,1500000,150000,0,0,0.001155,26.8435,7954846.0,85ns,277ns,323ns,85.0,277.0,323.0,0.0,0.0,0.0,,,
cuckoo,sequential,5000000,0.01,0.5,read_only,1,0.95,12,1500000,150000,1,1,0.001155,26.8435,7891609.0,61ns,282ns,326ns,61.0,282.0,326.0,0.0,0.0,0.0,,,
cuckoo,sequential,5000000,0.01,0.5,read_only,1,0.95,12,1500000,150000,2,2,0.001155,26.8435,7688295.0,65ns,288ns,337ns,65.0,288.0,337.0,0.0,0.0,0.0,,,
cuckoo,sequential,5000000,0.01,0.5,read_only,1,0.95,16,1500000,150000,0,0,7.7e-05,26.8435,7834175.0,74ns,286ns,334ns,74.0,286.0,334.0,0.0,0.0,0.0,,,
cuckoo,sequential,5000000,0.01,0.5,read_only,1,0.95,16,1500000,150000,1,1,7.7e-05,26.8435,7880773.0,83ns,281ns,320ns,83.0,281.0,320.0,0.0,0.0,0.0,,,
cuckoo,sequential,5000000,0.01,0.5,read_only,1,0.95,16,1500000,150000,2,2,7.7e-05,26.8435,7769017.0,82ns,283ns,329ns,82.0,283.0,329.0,0.0,0.0,0.0,,,
quotient,sequential,5000000,0.01,0.5,read_only,1,0.95,12,1500000,150000,0,0,0.0023398,41.943,9012415.0,127ns,206ns,323ns,127.0,206.0,323.0,,,,0.0,0.0,0.0
quotient,sequential,5000000,0.01,0.5,read_only,1,0.95,12,1500000,150000,1,1,0.0023398,41.943,8946263.0,132ns,208ns,313ns,132.0,208.0,313.0,,,,0.0,0.0,0.0
quotient,sequential,5000000,0.01,0.5,read_only,1,0.95,12,1500000,150000,2,2,0.0023398,41.943,8973570.0,128ns,205ns,326ns,128.0,205.0,326.0,,,,0.0,0.0,0.0
bloom,sequential,5000000,0.001,0.5,read_only,1,0.95,12,1500000,150000,0,0,0.022631,26.8435,9973911.0,51ns,162ns,294ns,51.0,162.0,294.0,,,,,,
bloom,sequential,5000000,0.001,0.5,read_only,1,0.95,12,1500000,150000,1,1,0.022631,26.8435,9886837.0,52ns,159ns,280ns,52.0,159.0,280.0,,,,,,
bloom,sequential,5000000,0.001,0.5,read_only,1,0.95,12,1500000,150000,2,2,0.022631,26.8435,9979061.0,50ns,159ns,272ns,50.0,159.0,272.0,,,,,,
xor,sequential,5000000,0.001,0.5,read_only,1,0.95,8,1500000,150000,0,0,0.0036964,26.8435,13816390.0,134ns,163ns,300ns,134.0,163.0,300.0,,,,,,
xor,sequential,5000000,0.001,0.5,read_only,1,0.95,8,1500000,150000,1,1,0.0036964,26.8435,13778260.0,134ns,174ns,317ns,134.0,174.0,317.0,,,,,,
xor,sequential,5000000,0.001,0.5,read_only,1,0.95,8,1500000,150000,2,2,0.0036964,26.8435,13779230.0,134ns,170ns,305ns,134.0,170.0,305.0,,,,,,
xor,sequential,5000000,0.001,0.5,read_only,1,0.95,12,1500000,150000,0,0,0.0002234,26.8435,13709650.0,134ns,185ns,316ns,134.0,185.0,316.0,,,,,,
xor,sequential,5000000,0.001,0.5,read_only,1,0.95,12,1500000,150000,1,1,0.0002234,26.8435,13778630.0,133ns,181ns,317ns,133.0,181.0,317.0,,,,,,
xor,sequential,5000000,0.001,0.5,read_only,1,0.95,12,1500000,150000,2,2,0.0002234,26.8435,13818200.0,137ns,168ns,313ns,137.0,168.0,313.0,,,,,,
xor,sequential,5000000,0.001,0.5,read_only,1,0.95,16,1500000,150000,0,0,1.3e-05,26.8435,12924650.0,136ns,247ns,315ns,136.0,247.0,315.0,,,,,,
xor,sequential,5000000,0.001,0.5,read_only,1,0.95,16,1500000,150000,1,1,1.3e-05,26.8435,13715720.0,133ns,206ns,311ns,133.0,206.0,311.0,,,,,,
xor,sequential,5000000,0.001,0.5,read_only,1,0.95,16,1500000,150000,2,2,1.3e-05,26.8435,13815320.0,133ns,165ns,320ns,133.0,165.0,320.0,,,,,,
cuckoo,sequential,5000000,0.001,0.5,read_only,1,0.95,8,1500000,150000,0,0,0.0185788,26.8435,8330657.0,119ns,249ns,304ns,119.0,249.0,304.0,0.0,0.0,0.0,,,
cuckoo,sequential,5000000,0.001,0.5,read_only,1,0.95,8,1500000,150000,1,1,0.0185788,26.8435,7712871.0,60ns,284ns,332ns,60.0,284.0,332.0,0.0,0.0,0.0,,,
cuckoo,sequential,5000000,0.001,0.5,read_only,1,0.95,8,1500000,150000,2,2,0.0185788,26.8435,7802868.0,60ns,283ns,323ns,60.0,283.0,323.0,0.0,0.0,0.0,,,
cuckoo,sequential,5000000,0.001,0.5,read_only,1,0.95,12,1500000,150000,0,0,0.001155,26.8435,7757551.0,63ns,286ns,324ns,63.0,286.0,324.0,0.0,0.0,0.0,,,
cuckoo,sequential,5000000,0.001,0.5,read_only,1,0.95,12,1500000,150000,1,1,0.001155,26.8435,7818971.0,72ns,286ns,325ns,72.0,286.0,325.0,0.0,0.0,0.0,,,
cuckoo,sequential,5000000,0.001,0.5,read_only,1,0.95,12,1500000,150000,2,2,0.001155,26.8435,8030415.0,113ns,275ns,319ns,113.0,275.0,319.0,0.0,0.0,0.0,,,
cuckoo,sequential,5000000,0.001,0.5,read_only,1,0.95,16,1500000,150000,0,0,7.7e-05,26.8435,7743813.0,85ns,290ns,327ns,85.0,290.0,327.0,0.0,0.0,0.0,,,
cuckoo,sequential,5000000,0.001,0.5,read_only,1,0.95,16,1500000,150000,1,1,7.7e-05,26.8435,8150706.0,87ns,261ns,317ns,87.0,261.0,317.0,0.0,0.0,0.0,,,
cuckoo,sequential,5000000,0.001,0.5,read_only,1,0.95,16,1500000,150000,2,2,7.7e-05,26.8435,8022159.0,77ns,278ns,314ns,77.0,278.0,314.0,0.0,0.0,0.0,,,
quotient,sequential,5000000,0.001,0.5,read_only,1,0.95,12,1500000,150000,0,0,0.0002992,41.943,8897950.0,126ns,211ns,324ns,126.0,211.0,324.0,,,,0.0,0.0,0.0
quotient,sequential,5000000,0.001,0.5,read_only,1,0.95,12,1500000,150000,1,1,0.0002992,41.943,8857681.0,129ns,220ns,318ns,129.0,220.0,318.0,,,,0.0,0.0,0.0
quotient,sequential,5000000,0.001,0.5,read_only,1,0.95,12,1500000,150000,2,2,0.0002992,41.943,8955366.0,129ns,208ns,321ns,129.0,208.0,321.0,,,,0.0,0.0,0.0
bloom,sequential,10000000,0.05,0.5,read_only,1,0.95,12,1500000,150000,0,0,0.1027475,6.71089,13554740.0,39ns,145ns,245ns,39.0,145.0,245.0,,,,,,
bloom,sequential,10000000,0.05,0.5,read_only,1,0.95,12,1500000,150000,1,1,0.1027475,6.71089,13759940.0,37ns,141ns,240ns,37.0,141.0,240.0,,,,,,
bloom,sequential,10000000,0.05,0.5,read_only,1,0.95,12,1500000,150000,2,2,0.1027475,6.71089,12318830.0,39ns,155ns,294ns,39.0,155.0,294.0,,,,,,
xor,sequential,10000000,0.05,0.5,read_only,1,0.95,8,1500000,150000,0,0,0.0037454,26.8435,12519730.0,142ns,212ns,323ns,142.0,212.0,323.0,,,,,,
xor,sequential,10000000,0.05,0.5,read_only,1,0.95,8,1500000,150000,1,1,0.0037454,26.8435,12502540.0,142ns,218ns,328ns,142.0,218.0,328.0,,,,,,
xor,sequential,10000000,0.05,0.5,read_only,1,0.95,8,1500000,150000,2,2,0.0037454,26.8435,12570320.0,142ns,215ns,331ns,142.0,215.0,331.0,,,,,,
xor,sequential,10000000,0.05,0.5,read_only,1,0.95,12,1500000,150000,0,0,0.0002442,26.8435,12597300.0,142ns,210ns,326ns,142.0,210.0,326.0,,,,,,
xor,sequential,10000000,0.05,0.5,read_only,1,0.95,12,1500000,150000,1,1,0.0002442,26.8435,12617900.0,142ns,214ns,325ns,142.0,214.0,325.0,,,,,,
xor,sequential,10000000,0.05,0.5,read_only,1,0.95,12,1500000,150000,2,2,0.0002442,26.8435,12532100.0,142ns,208ns,322ns,142.0,208.0,322.0,,,,,,
xor,sequential,10000000,0.05,0.5,read_only,1,0.95,16,1500000,150000,0,0,1.6e-05,26.8435,12572200.0,142ns,215ns,318ns,142.0,215.0,318.0,,,,,,
xor,sequential,10000000,0.05,0.5,read_only,1,0.95,16,1500000,150000,1,1,1.6e-05,26.8435,12584040.0,142ns,217ns,329ns,142.0,217.0,329.0,,,,,,
xor,sequential,10000000,0.05,0.5,read_only,1,0.95,16,1500000,150000,2,2,1.6e-05,26.8435,12619890.0,142ns,201ns,319ns,142.0,201.0,319.0,,,,,,
cuckoo,sequential,10000000,0.05,0.5,read_only,1,0.95,8,1500000,150000,0,0,0.0186349,26.8435,7897846.0,151ns,229ns,301ns,151.0,229.0,301.0,0.0,0.0,0.0,,,
cuckoo,sequential,10000000,0.05,0.5,read_only,1,0.95,8,1500000,150000,1,1,0.0186349,26.8435,7900264.0,150ns,215ns,316ns,150.0,215.0,316.0,0.0,0.0,0.0,,,
cuckoo,sequential,10000000,0.05,0.5,read_only,1,0.95,8,1500000,150000,2,2,0.0186349,26.8435,7905215.0,150ns,213ns,308ns,150.0,213.0,308.0,0.0,0.0,0.0,,,
cuckoo,sequential,10000000,0.05,0.5,read_only,1,0.95,12,1500000,150000,0,0,0.0011761,26.8435,7940047.0,151ns,225ns,312ns,151.0,225.0,312.0,0.0,0.0,0.0,,,
cuckoo,sequential,10000000,0.05,0.5,read_only,1,0.95,12,1500000,150000,1,1,0.0011761,26.8435,7921041.0,150ns,197ns,308ns,150.0,197.0,308.0,0.0,0.0,0.0,,,
cuckoo,sequential,10000000,0.05,0.5,read_only,1,0.95,12,1500000,150000,2,2,0.0011761,26.8435,7921247.0,150ns,212ns,304ns,150.0,212.0,304.0,0.0,0.0,0.0,,,
cuckoo,sequential,10000000,0.05,0.5,read_only,1,0.95,16,1500000,150000,0,0,7.38e-05,26.8435,7853582.0,151ns,208ns,314ns,151.0,208.0,314.0,0.0,0.0,0.0,,,
cuckoo,sequential,10000000,0.05,0.5,read_only,1,0.95,16,1500000,150000,1,1,7.38e-05,26.8435,7896813.0,151ns,199ns,310ns,151.0,199.0,310.0,0.0,0.0,0.0,,,
cuckoo,sequential,10000000,0.05,0.5,read_only,1,0.95,16,1500000,150000,2,2,7.38e-05,26.8435,7919982.0,151ns,208ns,302ns,151.0,208.0,302.0,0.0,0.0,0.0,,,
quotient,sequential,10000000,0.05,0.5,read_only,1,0.95,12,1500000,150000,0,0,0.0095199,41.943,8422967.0,147ns,233ns,331ns,147.0,233.0,331.0,,,,0.0,0.0,0.0
quotient,sequential,10000000,0.05,0.5,read_only,1,0.95,12,1500000,150000,1,1,0.0095199,41.943,8188394.0,152ns,241ns,340ns,152.0,241.0,340.0,,,,0.0,0.0,0.0
quotient,sequential,10000000,0.05,0.5,read_only,1,0.95,12,1500000,150000,2,2,0.0095199,41.943,8228978.0,151ns,249ns,348ns,151.0,249.0,348.0,,,,0.0,0.0,0.0
bloom,sequential,10000000,0.01,0.5,read_only,1,0.95,12,1500000,150000,0,0,0.0459323,13.4218,10406660.0,49ns,160ns,272ns,49.0,160.0,272.0,,,,,,
bloom,sequential,10000000,0.01,0.5,read_only,1,0.95,12,1500000,150000,1,1,0.0459323,13.4218,10336730.0,50ns,161ns,298ns,50.0,161.0,298.0,,,,,,
bloom,sequential,10000000,0.01,0.5,read_only,1,0.95,12,1500000,150000,2,2,0.0459323,13.4218,10389210.0,48ns,162ns,300ns,48.0,162.0,300.0,,,,,,
xor,sequential,10000000,0.01,0.5,read_only,1,0.95,8,1500000,150000,0,0,0.0037454,26.8435,12604570.0,142ns,209ns,325ns,142.0,209.0,325.0,,,,,,
xor,sequential,10000000,0.01,0.5,read_only,1,0.95,8,1500000,150000,1,1,0.0037454,26.8435,12511360.0,142ns,219ns,324ns,142.0,219.0,324.0,,,,,,
xor,sequential,10000000,0.01,0.5,read_only,1,0.95,8,1500000,150000,2,2,0.0037454,26.8435,12504710.0,142ns,223ns,330ns,142.0,223.0,330.0,,,,,,
xor,sequential,10000000,0.01,0.5,read_only,1,0.95,12,1500000,150000,0,0,0.0002442,26.8435,12562490.0,142ns,214ns,322ns,142.0,214.0,322.0,,,,,,
xor,sequential,10000000,0.01,0.5,read_only,1,0.95,12,1500000,150000,1,1,0.0002442,26.8435,12597280.0,142ns,217ns,329ns,142.0,217.0,329.0,,,,,,
xor,sequential,10000000,0.01,0.5,read_only,1,0.95,12,1500000,150000,2,2,0.0002442,26.8435,12533840.0,142ns,223ns,311ns,142.0,223.0,311.0,,,,,,
xor,sequential,10000000,0.01,0.5,read_only,1,0.95,16,1500000,150000,0,0,1.6e-05,26.8435,12489180.0,142ns,217ns,313ns,142.0,217.0,313.0,,,,,,
xor,sequential,10000000,0.01,0.5,read_only,1,0.95,16,1500000,150000,1,1,1.6e-05,26.8435,12582580.0,142ns,212ns,329ns,142.0,212.0,329.0,,,,,,
xor,sequential,10000000,0.01,0.5,read_only,1,0.95,16,1500000,150000,2,2,1.6e-05,26.8435,12573810.0,141ns,219ns,324ns,141.0,219.0,324.0,,,,,,
cuckoo,sequential,10000000,0.01,0.5,read_only,1,0.95,8,1500000,150000,0,0,0.0186349,26.8435,7643710.0,151ns,266ns,341ns,151.0,266.0,341.0,0.0,0.0,0.0,,,
cuckoo,sequential,10000000,0.01,0.5,read_only,1,0.95,8,1500000,150000,1,1,0.0186349,26.8435,7905817.0,150ns,224ns,308ns,150.0,224.0,308.0,0.0,0.0,0.0,,,
cuckoo,sequential,10000000,0.01,0.5,read_only,1,0.95,8,1500000,150000,2,2,0.0186349,26.8435,7901359.0,151ns,220ns,316ns,151.0,220.0,316.0,0.0,0.0,0.0,,,
cuckoo,sequential,10000000,0.01,0.5,read_only,1,0.95,12,1500000,150000,0,0,0.0011761,26.8435,7960289.0,150ns,209ns,334ns,150.0,209.0,334.0,0.0,0.0,0.0,,,
cuckoo,sequential,10000000,0.01,0.5,read_only,1,0.95,12,1500000,150000,1,1,0.0011761,26.8435,7925729.0,151ns,214ns,327ns,151.0,214.0,327.0,0.0,0.0,0.0,,,
cuckoo,sequential,10000000,0.01,0.5,read_only,1,0.95,12,1500000,150000,2,2,0.0011761,26.8435,7947820.0,150ns,223ns,319ns,150.0,223.0,319.0,0.0,0.0,0.0,,,
cuckoo,sequential,10000000,0.01,0.5,read_only,1,0.95,16,1500000,150000,0,0,7.38e-05,26.8435,7903081.0,151ns,221ns,313ns,151.0,221.0,313.0,0.0,0.0,0.0,,,
cuckoo,sequential,10000000,0.01,0.5,read_only,1,0.95,16,1500000,150000,1,1,7.38e-05,26.8435,7973005.0,150ns,208ns,298ns,150.0,208.0,298.0,0.0,0.0,0.0,,,
cuckoo,sequential,10000000,0.01,0.5,read_only,1,0.95,16,1500000,150000,2,2,7.38e-05,26.8435,7916164.0,151ns,218ns,319ns,151.0,218.0,319.0,0.0,0.0,0.0,,,
quotient,sequential,10000000,0.01,0.5,read_only,1,0.95,12,1500000,150000,0,0,0.0023206,41.943,8420877.0,147ns,249ns,351ns,147.0,249.0,351.0,,,,0.0,0.0,0.0
quotient,sequential,10000000,0.01,0.5,read_only,1,0.95,12,1500000,150000,1,1,0.0023206,41.943,8183561.0,151ns,254ns,344ns,151.0,254.0,344.0,,,,0.0,0.0,0.0
quotient,sequential,10000000,0.01,0.5,read_only,1,0.95,12,1500000,150000,2,2,0.0023206,41.943,8172252.0,151ns,246ns,349ns,151.0,246.0,349.0,,,,0.0,0.0,0.0
bloom,sequential,10000000,0.001,0.5,read_only,1,0.95,12,1500000,150000,0,0,0.0226663,26.8435,8865174.0,143ns,177ns,299ns,143.0,177.0,299.0,,,,,,
bloom,sequential,10000000,0.001,0.5,read_only,1,0.95,12,1500000,150000,1,1,0.0226663,26.8435,8810863.0,145ns,177ns,320ns,145.0,177.0,320.0,,,,,,
bloom,sequential,10000000,0.001,0.5,read_only,1,0.95,12,1500000,150000,2,2,0.0226663,26.8435,8830112.0,144ns,175ns,304ns,144.0,175.0,304.0,,,,,,
xor,sequential,10000000,0.001,0.5,read_only,1,0.95,8,1500000,150000,0,0,0.0037454,26.8435,12472960.0,142ns,221ns,320ns,142.0,221.0,320.0,,,,,,
xor,sequential,10000000,0.001,0.5,read_only,1,0.95,8,1500000,150000,1,1,0.0037454,26.8435,12573430.0,142ns,218ns,330ns,142.0,218.0,330.0,,,,,,
xor,sequential,10000000,0.001,0.5,read_only,1,0.95,8,1500000,150000,2,2,0.0037454,26.8435,12564610.0,142ns,208ns,322ns,142.0,208.0,322.0,,,,,,
xor,sequential,10000000,0.001,0.5,read_only,1,0.95,12,1500000,150000,0,0,0.0002442,26.8435,12453940.0,142ns,240ns,329ns,142.0,240.0,329.0,,,,,,
xor,sequential,10000000,0.001,0.5,read_only,1,0.95,12,1500000,150000,1,1,0.0002442,26.8435,12567020.0,142ns,224ns,324ns,142.0,224.0,324.0,,,,,,
xor,sequential,10000000,0.001,0.5,read_only,1,0.95,12,1500000,150000,2,2,0.0002442,26.8435,12572560.0,143ns,216ns,311ns,143.0,216.0,311.0,,,,,,
xor,sequential,10000000,0.001,0.5,read_only,1,0.95,16,1500000,150000,0,0,1.6e-05,26.8435,12550210.0,142ns,216ns,327ns,142.0,216.0,327.0,,,,,,
xor,sequential,10000000,0.001,0.5,read_only,1,0.95,16,1500000,150000,1,1,1.6e-05,26.8435,12535900.0,142ns,211ns,322ns,142.0,211.0,322.0,,,,,,
xor,sequential,10000000,0.001,0.5,read_only,1,0.95,16,1500000,150000,2,2,1.6e-05,26.8435,7613155.0,269ns,358ns,476ns,269.0,358.0,476.0,,,,,,
cuckoo,sequential,10000000,0.001,0.5,read_only,1,0.95,8,1500000,150000,0,0,0.0186349,26.8435,7958238.0,150ns,207ns,307ns,150.0,207.0,307.0,0.0,0.0,0.0,,,
cuckoo,sequential,10000000,0.001,0.5,read_only,1,0.95,8,1500000,150000,1,1,0.0186349,26.8435,7907801.0,150ns,209ns,304ns,150.0,209.0,304.0,0.0,0.0,0.0,,,
cuckoo,sequential,10000000,0.001,0.5,read_only,1,0.95,8,1500000,150000,2,2,0.0186349,26.8435,7928025.0,151ns,209ns,308ns,151.0,209.0,308.0,0.0,0.0,0.0,,,
cuckoo,sequential,10000000,0.001,0.5,read_only,1,0.95,12,1500000,150000,0,0,0.0011761,26.8435,7925855.0,152ns,227ns,316ns,152.0,227.0,316.0,0.0,0.0,0.0,,,
cuckoo,sequential,10000000,0.001,0.5,read_only,1,0.95,12,1500000,150000,1,1,0.0011761,26.8435,7891630.0,150ns,216ns,321ns,150.0,216.0,321.0,0.0,0.0,0.0,,,
cuckoo,sequential,10000000,0.001,0.5,read_only,1,0.95,12,1500000,150000,2,2,0.0011761,26.8435,7898357.0,150ns,217ns,315ns,150.0,217.0,315.0,0.0,0.0,0.0,,,
cuckoo,sequential,10000000,0.001,0.5,read_only,1,0.95,16,1500000,150000,0,0,7.38e-05,26.8435,7898391.0,150ns,216ns,313ns,150.0,216.0,313.0,0.0,0.0,0.0,,,
cuckoo,sequential,10000000,0.001,0.5,read_only,1,0.95,16,1500000,150000,1,1,7.38e-05,26.8435,7926785.0,151ns,203ns,315ns,151.0,203.0,315.0,0.0,0.0,0.0,,,
cuckoo,sequential,10000000,0.001,0.5,read_only,1,0.95,16,1500000,150000,2,2,7.38e-05,26.8435,7947563.0,151ns,217ns,307ns,151.0,217.0,307.0,0.0,0.0,0.0,,,
quotient,sequential,10000000,0.001,0.5,read_only,1,0.95,12,1500000,150000,0,0,0.0002863,41.943,8248016.0,150ns,252ns,343ns,150.0,252.0,343.0,,,,0.0,0.0,0.0
quotient,sequential,10000000,0.001,0.5,read_only,1,0.95,12,1500000,150000,1,1,0.0002863,41.943,8251110.0,151ns,245ns,343ns,151.0,245.0,343.0,,,,0.0,0.0,0.0
quotient,sequential,10000000,0.001,0.5,read_only,1,0.95,12,1500000,150000,2,2,0.0002863,41.943,8197559.0,151ns,251ns,346ns,151.0,251.0,346.0,,,,0.0,0.0,0.0
bloom,uniform,1000000,0.01,0.0,read_only,1,0.95,12,1500000,150000,0,0,0.035445,16.7772,33489700.0,32ns,38ns,50ns,32.0,38.0,50.0,,,,,,
bloom,uniform,1000000,0.01,0.0,read_only,1,0.95,12,1500000,150000,1,1,0.035445,16.7772,34483210.0,32ns,36ns,49ns,32.0,36.0,49.0,,,,,,
bloom,uniform,1000000,0.01,0.0,read_only,1,0.95,12,1500000,150000,2,2,0.035445,16.7772,34773840.0,31ns,36ns,50ns,31.0,36.0,50.0,,,,,,
xor,uniform,1000000,0.01,0.0,read_only,1,0.95,8,1500000,150000,0,0,0.003436,33.5544,34515060.0,30ns,36ns,220ns,30.0,36.0,220.0,,,,,,
xor,uniform,1000000,0.01,0.0,read_only,1,0.95,8,1500000,150000,1,1,0.003436,33.5544,37034470.0,30ns,37ns,209ns,30.0,37.0,209.0,,,,,,
xor,uniform,1000000,0.01,0.0,read_only,1,0.95,8,1500000,150000,2,2,0.003436,33.5544,30422400.0,30ns,37ns,289ns,30.0,37.0,289.0,,,,,,
xor,uniform,1000000,0.01,0.0,read_only,1,0.95,12,1500000,150000,0,0,0.000222,33.5544,37078180.0,31ns,37ns,211ns,31.0,37.0,211.0,,,,,,
xor,uniform,1000000,0.01,0.0,read_only,1,0.95,12,1500000,150000,1,1,0.000222,33.5544,31254510.0,30ns,36ns,214ns,30.0,36.0,214.0,,,,,,
xor,uniform,1000000,0.01,0.0,read_only,1,0.95,12,1500000,150000,2,2,0.000222,33.5544,36948500.0,30ns,36ns,215ns,30.0,36.0,215.0,,,,,,
xor,uniform,1000000,0.01,0.0,read_only,1,0.95,16,1500000,150000,0,0,1.4e-05,33.5544,36412680.0,30ns,36ns,213ns,30.0,36.0,213.0,,,,,,
xor,uniform,1000000,0.01,0.0,read_only,1,0.95,16,1500000,150000,1,1,1.4e-05,33.5544,36824870.0,30ns,37ns,220ns,30.0,37.0,220.0,,,,,,
xor,uniform,1000000,0.01,0.0,read_only,1,0.95,16,1500000,150000,2,2,1.4e-05,33.5544,37448230.0,30ns,36ns,212ns,30.0,36.0,212.0,,,,,,
cuckoo,uniform,1000000,0.01,0.0,read_only,1,0.95,8,1500000,150000,0,0,0.014732,33.5544,16545090.0,42ns,72ns,280ns,42.0,72.0,280.0,0.0,0.0,0.0,,,
cuckoo,uniform,1000000,0.01,0.0,read_only,1,0.95,8,1500000,150000,1,1,0.014732,33.5544,16876610.0,43ns,71ns,299ns,43.0,71.0,299.0,0.0,0.0,0.0,,,
cuckoo,uniform,1000000,0.01,0.0,read_only,1,0.95,8,1500000,150000,2,2,0.014732,33.5544,17588560.0,43ns,71ns,259ns,43.0,71.0,259.0,0.0,0.0,0.0,,,
cuckoo,uniform,1000000,0.01,0.0,read_only,1,0.95,12,1500000,150000,0,0,0.000977,33.5544,17465160.0,44ns,73ns,264ns,44.0,73.0,264.0,0.0,0.0,0.0,,,
cuckoo,uniform,1000000,0.01,0.0,read_only,1,0.95,12,1500000,150000,1,1,0.000977,33.5544,17652140.0,43ns,68ns,297ns,43.0,68.0,297.0,0.0,0.0,0.0,,,
cuckoo,uniform,1000000,0.01,0.0,read_only,1,0.95,12,1500000,150000,2,2,0.000977,33.5544,18639370.0,43ns,69ns,247ns,43.0,69.0,247.0,0.0,0.0,0.0,,,
cuckoo,uniform,1000000,0.01,0.0,read_only,1,0.95,16,1500000,150000,0,0,4.5e-05,33.5544,18603740.0,43ns,66ns,282ns,43.0,66.0,282.0,0.0,0.0,0.0,,,
cuckoo,uniform,1000000,0.01,0.0,read_only,1,0.95,16,1500000,150000,1,1,4.5e-05,33.5544,16820450.0,43ns,70ns,290ns,43.0,70.0,290.0,0.0,0.0,0.0,,,
cuckoo,uniform,1000000,0.01,0.0,read_only,1,0.95,16,1500000,150000,2,2,4.5e-05,33.5544,16434680.0,42ns,72ns,302ns,42.0,72.0,302.0,0.0,0.0,0.0,,,
quotient,uniform,1000000,0.01,0.0,read_only,1,0.95,12,1500000,150000,0,0,0.001834,52.4288,16721900.0,42ns,105ns,302ns,42.0,105.0,302.0,,,,0.0,0.0,0.0
quotient,uniform,1000000,0.01,0.0,read_only,1,0.95,12,1500000,150000,1,1,0.001834,52.4288,16409200.0,42ns,104ns,310ns,42.0,104.0,310.0,,,,0.0,0.0,0.0
quotient,uniform,1000000,0.01,0.0,read_only,1,0.95,12,1500000,150000,2,2,0.001834,52.4288,15119660.0,42ns,192ns,312ns,42.0,192.0,312.0,,,,0.0,0.0,0.0
bloom,uniform,1000000,0.01,0.5,read_only,1,0.95,12,1500000,150000,0,0,0.035445,16.7772,18596010.0,30ns,45ns,57ns,30.0,45.0,57.0,,,,,,
bloom,uniform,1000000,0.01,0.5,read_only,1,0.95,12,1500000,150000,1,1,0.035445,16.7772,19478800.0,29ns,44ns,55ns,29.0,44.0,55.0,,,,,,
bloom,uniform,1000000,0.01,0.5,read_only,1,0.95,12,1500000,150000,2,2,0.035445,16.7772,17949460.0,30ns,45ns,56ns,30.0,45.0,56.0,,,,,,
xor,uniform,1000000,0.01,0.5,read_only,1,0.95,8,1500000,150000,0,0,0.003436,33.5544,17339250.0,32ns,38ns,226ns,32.0,38.0,226.0,,,,,,
xor,uniform,1000000,0.01,0.5,read_only,1,0.95,8,1500000,150000,1,1,0.003436,33.5544,16914030.0,32ns,38ns,273ns,32.0,38.0,273.0,,,,,,
xor,uniform,1000000,0.01,0.5,read_only,1,0.95,8,1500000,150000,2,2,0.003436,33.5544,18046150.0,31ns,38ns,216ns,31.0,38.0,216.0,,,,,,
xor,uniform,1000000,0.01,0.5,read_only,1,0.95,12,1500000,150000,0,0,0.000222,33.5544,16849720.0,32ns,38ns,288ns,32.0,38.0,288.0,,,,,,
xor,uniform,1000000,0.01,0.5,read_only,1,0.95,12,1500000,150000,1,1,0.000222,33.5544,16672040.0,32ns,38ns,213ns,32.0,38.0,213.0,,,,,,
xor,uniform,1000000,0.01,0.5,read_only,1,0.95,12,1500000,150000,2,2,0.000222,33.5544,17057480.0,32ns,38ns,291ns,32.0,38.0,291.0,,,,,,
xor,uniform,1000000,0.01,0.5,read_only,1,0.95,16,1500000,150000,0,0,1.4e-05,33.5544,17281960.0,32ns,38ns,219ns,32.0,38.0,219.0,,,,,,
xor,uniform,1000000,0.01,0.5,read_only,1,0.95,16,1500000,150000,1,1,1.4e-05,33.5544,17005220.0,32ns,38ns,267ns,32.0,38.0,267.0,,,,,,
xor,uniform,1000000,0.01,0.5,read_only,1,0.95,16,1500000,150000,2,2,1.4e-05,33.5544,17296860.0,32ns,38ns,288ns,32.0,38.0,288.0,,,,,,
cuckoo,uniform,1000000,0.01,0.5,read_only,1,0.95,8,1500000,150000,0,0,0.014732,33.5544,11445320.0,40ns,65ns,277ns,40.0,65.0,277.0,0.0,0.0,0.0,,,
cuckoo,uniform,1000000,0.01,0.5,read_only,1,0.95,8,1500000,150000,1,1,0.014732,33.5544,12054610.0,40ns,56ns,274ns,40.0,56.0,274.0,0.0,0.0,0.0,,,
cuckoo,uniform,1000000,0.01,0.5,read_only,1,0.95,8,1500000,150000,2,2,0.014732,33.5544,11918860.0,40ns,57ns,274ns,40.0,57.0,274.0,0.0,0.0,0.0,,,
cuckoo,uniform,1000000,0.01,0.5,read_only,1,0.95,12,1500000,150000,0,0,0.000977,33.5544,12033670.0,40ns,57ns,276ns,40.0,57.0,276.0,0.0,0.0,0.0,,,
cuckoo,uniform,1000000,0.01,0.5,read_only,1,0.95,12,1500000,150000,1,1,0.000977,33.5544,10241030.0,42ns,147ns,284ns,42.0,147.0,284.0,0.0,0.0,0.0,,,
cuckoo,uniform,1000000,0.01,0.5,read_only,1,0.95,12,1500000,150000,2,2,0.000977,33.5544,10798190.0,42ns,80ns,276ns,42.0,80.0,276.0,0.0,0.0,0.0,,,
cuckoo,uniform,1000000,0.01,0.5,read_only,1,0.95,16,1500000,150000,0,0,4.5e-05,33.5544,12227090.0,40ns,56ns,241ns,40.0,56.0,241.0,0.0,0.0,0.0,,,
cuckoo,uniform,1000000,0.01,0.5,read_only,1,0.95,16,1500000,150000,1,1,4.5e-05,33.5544,11985440.0,40ns,57ns,274ns,40.0,57.0,274.0,0.0,0.0,0.0,,,
cuckoo,uniform,1000000,0.01,0.5,read_only,1,0.95,16,1500000,150000,2,2,4.5e-05,33.5544,11292730.0,40ns,59ns,268ns,40.0,59.0,268.0,0.0,0.0,0.0,,,
quotient,uniform,1000000,0.01,0.5,read_only,1,0.95,12,1500000,150000,0,0,0.001834,52.4288,10844060.0,40ns,198ns,297ns,40.0,198.0,297.0,,,,0.0,0.0,0.0
quotient,uniform,1000000,0.01,0.5,read_only,1,0.95,12,1500000,150000,1,1,0.001834,52.4288,10089710.0,41ns,207ns,319ns,41.0,207.0,319.0,,,,0.0,0.0,0.0
quotient,uniform,1000000,0.01,0.5,read_only,1,0.95,12,1500000,150000,2,2,0.001834,52.4288,10615000.0,40ns,216ns,298ns,40.0,216.0,298.0,,,,0.0,0.0,0.0
bloom,uniform,1000000,0.01,0.9,read_only,1,0.95,12,1500000,150000,0,0,0.035445,16.7772,25325330.0,30ns,49ns,61ns,30.0,49.0,61.0,,,,,,
bloom,uniform,1000000,0.01,0.9,read_only,1,0.95,12,1500000,150000,1,1,0.035445,16.7772,25344960.0,30ns,49ns,60ns,30.0,49.0,60.0,,,,,,
bloom,uniform,1000000,0.01,0.9,read_only,1,0.95,12,1500000,150000,2,2,0.035445,16.7772,25284410.0,31ns,50ns,62ns,31.0,50.0,62.0,,,,,,
xor,uniform,1000000,0.01,0.9,read_only,1,0.95,8,1500000,150000,0,0,0.003436,33.5544,22414110.0,30ns,37ns,236ns,30.0,37.0,236.0,,,,,,
xor,uniform,1000000,0.01,0.9,read_only,1,0.95,8,1500000,150000,1,1,0.003436,33.5544,23627220.0,30ns,36ns,220ns,30.0,36.0,220.0,,,,,,
xor,uniform,1000000,0.01,0.9,read_only,1,0.95,8,1500000,150000,2,2,0.003436,33.5544,21813500.0,30ns,37ns,268ns,30.0,37.0,268.0,,,,,,
xor,uniform,1000000,0.01,0.9,read_only,1,0.95,12,1500000,150000,0,0,0.000222,33.5544,24688500.0,30ns,36ns,228ns,30.0,36.0,228.0,,,,,,
xor,uniform,1000000,0.01,0.9,read_only,1,0.95,12,1500000,150000,1,1,0.000222,33.5544,22891310.0,31ns,37ns,230ns,31.0,37.0,230.0,,,,,,
xor,uniform,1000000,0.01,0.9,read_only,1,0.95,12,1500000,150000,2,2,0.000222,33.5544,23517250.0,30ns,36ns,223ns,30.0,36.0,223.0,,,,,,
xor,uniform,1000000,0.01,0.9,read_only,1,0.95,16,1500000,150000,0,0,1.4e-05,33.5544,25152870.0,29ns,36ns,212ns,29.0,36.0,212.0,,,,,,
xor,uniform,1000000,0.01,0.9,read_only,1,0.95,16,1500000,150000,1,1,1.4e-05,33.5544,23937720.0,30ns,37ns,233ns,30.0,37.0,233.0,,,,,,
xor,uniform,1000000,0.01,0.9,read_only,1,0.95,16,1500000,150000,2,2,1.4e-05,33.5544,22021560.0,30ns,37ns,259ns,30.0,37.0,259.0,,,,,,
cuckoo,uniform,1000000,0.01,0.9,read_only,1,0.95,8,1500000,150000,0,0,0.014732,33.5544,17756650.0,40ns,49ns,239ns,40.0,49.0,239.0,0.0,0.0,0.0,,,
cuckoo,uniform,1000000,0.01,0.9,read_only,1,0.95,8,1500000,150000,1,1,0.014732,33.5544,18333260.0,39ns,49ns,236ns,39.0,49.0,236.0,0.0,0.0,0.0,,,
cuckoo,uniform,1000000,0.01,0.9,read_only,1,0.95,8,1500000,150000,2,2,0.014732,33.5544,18369680.0,40ns,49ns,230ns,40.0,49.0,230.0,0.0,0.0,0.0,,,
cuckoo,uniform,1000000,0.01,0.9,read_only,1,0.95,12,1500000,150000,0,0,0.000977,33.5544,17517430.0,40ns,49ns,249ns,40.0,49.0,249.0,0.0,0.0,0.0,,,
cuckoo,uniform,1000000,0.01,0.9,read_only,1,0.95,12,1500000,150000,1,1,0.000977,33.5544,15741580.0,40ns,51ns,233ns,40.0,51.0,233.0,0.0,0.0,0.0,,,
cuckoo,uniform,1000000,0.01,0.9,read_only,1,0.95,12,1500000,150000,2,2,0.000977,33.5544,17508700.0,40ns,50ns,225ns,40.0,50.0,225.0,0.0,0.0,0.0,,,
cuckoo,uniform,1000000,0.01,0.9,read_only,1,0.95,16,1500000,150000,0,0,4.5e-05,33.5544,18143040.0,39ns,49ns,243ns,39.0,49.0,243.0,0.0,0.0,0.0,,,
cuckoo,uniform,1000000,0.01,0.9,read_only,1,0.95,16,1500000,150000,1,1,4.5e-05,33.5544,18304170.0,40ns,49ns,265ns,40.0,49.0,265.0,0.0,0.0,0.0,,,
cuckoo,uniform,1000000,0.01,0.9,read_only,1,0.95,16,1500000,150000,2,2,4.5e-05,33.5544,17798950.0,40ns,49ns,278ns,40.0,49.0,278.0,0.0,0.0,0.0,,,
quotient,uniform,1000000,0.01,0.9,read_only,1,0.95,12,1500000,150000,0,0,0.001834,52.4288,13421940.0,36ns,203ns,315ns,36.0,203.0,315.0,,,,0.0,0.0,0.0
quotient,uniform,1000000,0.01,0.9,read_only,1,0.95,12,1500000,150000,1,1,0.001834,52.4288,15048020.0,36ns,134ns,297ns,36.0,134.0,297.0,,,,0.0,0.0,0.0
quotient,uniform,1000000,0.01,0.9,read_only,1,0.95,12,1500000,150000,2,2,0.001834,52.4288,15428100.0,36ns,109ns,295ns,36.0,109.0,295.0,,,,0.0,0.0,0.0
bloom,sequential,1000000,0.01,0.0,read_only,1,0.95,12,1500000,150000,0,0,0.035322,16.7772,36475490.0,30ns,36ns,48ns,30.0,36.0,48.0,,,,,,
bloom,sequential,1000000,0.01,0.0,read_only,1,0.95,12,1500000,150000,1,1,0.035322,16.7772,36556040.0,30ns,37ns,50ns,30.0,37.0,50.0,,,,,,
bloom,sequential,1000000,0.01,0.0,read_only,1,0.95,12,1500000,150000,2,2,0.035322,16.7772,36699770.0,29ns,35ns,47ns,29.0,35.0,47.0,,,,,,
xor,sequential,1000000,0.01,0.0,read_only,1,0.95,8,1500000,150000,0,0,0.003361,33.5544,35860850.0,28ns,36ns,217ns,28.0,36.0,217.0,,,,,,
xor,sequential,1000000,0.01,0.0,read_only,1,0.95,8,1500000,150000,1,1,0.003361,33.5544,34698660.0,28ns,36ns,227ns,28.0,36.0,227.0,,,,,,
xor,sequential,1000000,0.01,0.0,read_only,1,0.95,8,1500000,150000,2,2,0.003361,33.5544,35407470.0,29ns,36ns,282ns,29.0,36.0,282.0,,,,,,
xor,sequential,1000000,0.01,0.0,read_only,1,0.95,12,1500000,150000,0,0,0.00019,33.5544,26585000.0,30ns,39ns,281ns,30.0,39.0,281.0,,,,,,
xor,sequential,1000000,0.01,0.0,read_only,1,0.95,12,1500000,150000,1,1,0.00019,33.5544,29611240.0,30ns,37ns,263ns,30.0,37.0,263.0,,,,,,
xor,sequential,1000000,0.01,0.0,read_only,1,0.95,12,1500000,150000,2,2,0.00019,33.5544,34659260.0,31ns,37ns,235ns,31.0,37.0,235.0,,,,,,
xor,sequential,1000000,0.01,0.0,read_only,1,0.95,16,1500000,150000,0,0,1.4e-05,33.5544,38133370.0,30ns,36ns,208ns,30.0,36.0,208.0,,,,,,
xor,sequential,1000000,0.01,0.0,read_only,1,0.95,16,1500000,150000,1,1,1.4e-05,33.5544,33786080.0,30ns,36ns,222ns,30.0,36.0,222.0,,,,,,
xor,sequential,1000000,0.01,0.0,read_only,1,0.95,16,1500000,150000,2,2,1.4e-05,33.5544,33753580.0,31ns,36ns,232ns,31.0,36.0,232.0,,,,,,
cuckoo,sequential,1000000,0.01,0.0,read_only,1,0.95,8,1500000,150000,0,0,0.014904,33.5544,18515980.0,45ns,68ns,296ns,45.0,68.0,296.0,0.0,0.0,0.0,,,
cuckoo,sequential,1000000,0.01,0.0,read_only,1,0.95,8,1500000,150000,1,1,0.014904,33.5544,17453460.0,43ns,82ns,245ns,43.0,82.0,245.0,0.0,0.0,0.0,,,
cuckoo,sequential,1000000,0.01,0.0,read_only,1,0.95,8,1500000,150000,2,2,0.014904,33.5544,18628520.0,43ns,72ns,256ns,43.0,72.0,256.0,0.0,0.0,0.0,,,
cuckoo,sequential,1000000,0.01,0.0,read_only,1,0.95,12,1500000,150000,0,0,0.00091,33.5544,15850090.0,43ns,117ns,297ns,43.0,117.0,297.0,0.0,0.0,0.0,,,
cuckoo,sequential,1000000,0.01,0.0,read_only,1,0.95,12,1500000,150000,1,1,0.00091,33.5544,17246830.0,43ns,72ns,281ns,43.0,72.0,281.0,0.0,0.0,0.0,,,
cuckoo,sequential,1000000,0.01,0.0,read_only,1,0.95,12,1500000,150000,2,2,0.00091,33.5544,17901150.0,44ns,74ns,285ns,44.0,74.0,285.0,0.0,0.0,0.0,,,
cuckoo,sequential,1000000,0.01,0.0,read_only,1,0.95,16,1500000,150000,0,0,5.5e-05,33.5544,18833660.0,43ns,66ns,258ns,43.0,66.0,258.0,0.0,0.0,0.0,,,
cuckoo,sequential,1000000,0.01,0.0,read_only,1,0.95,16,1500000,150000,1,1,5.5e-05,33.5544,18182620.0,43ns,69ns,278ns,43.0,69.0,278.0,0.0,0.0,0.0,,,
cuckoo,sequential,1000000,0.01,0.0,read_only,1,0.95,16,1500000,150000,2,2,5.5e-05,33.5544,18414750.0,43ns,67ns,286ns,43.0,67.0,286.0,0.0,0.0,0.0,,,
quotient,sequential,1000000,0.01,0.0,read_only,1,0.95,12,1500000,150000,0,0,0.001903,52.4288,16520540.0,45ns,106ns,305ns,45.0,106.0,305.0,,,,0.0,0.0,0.0
quotient,sequential,1000000,0.01,0.0,read_only,1,0.95,12,1500000,150000,1,1,0.001903,52.4288,16241520.0,47ns,118ns,311ns,47.0,118.0,311.0,,,,0.0,0.0,0.0
quotient,sequential,1000000,0.01,0.0,read_only,1,0.95,12,1500000,150000,2,2,0.001903,52.4288,17357000.0,42ns,125ns,284ns,42.0,125.0,284.0,,,,0.0,0.0,0.0
bloom,sequential,1000000,0.01,0.5,read_only,1,0.95,12,1500000,150000,0,0,0.035322,16.7772,19818420.0,29ns,44ns,59ns,29.0,44.0,59.0,,,,,,
bloom,sequential,1000000,0.01,0.5,read_only,1,0.95,12,1500000,150000,1,1,0.035322,16.7772,19449790.0,29ns,44ns,58ns,29.0,44.0,58.0,,,,,,
bloom,sequential,1000000,0.01,0.5,read_only,1,0.95,12,1500000,150000,2,2,0.035322,16.7772,18643120.0,30ns,45ns,56ns,30.0,45.0,56.0,,,,,,
xor,sequential,1000000,0.01,0.5,read_only,1,0.95,8,1500000,150000,0,0,0.003361,33.5544,17559630.0,33ns,40ns,295ns,33.0,40.0,295.0,,,,,,
xor,sequential,1000000,0.01,0.5,read_only,1,0.95,8,1500000,150000,1,1,0.003361,33.5544,18294410.0,31ns,38ns,265ns,31.0,38.0,265.0,,,,,,
xor,sequential,1000000,0.01,0.5,read_only,1,0.95,8,1500000,150000,2,2,0.003361,33.5544,17202240.0,32ns,38ns,251ns,32.0,38.0,251.0,,,,,,
xor,sequential,1000000,0.01,0.5,read_only,1,0.95,12,1500000,150000,0,0,0.00019,33.5544,16796330.0,32ns,38ns,274ns,32.0,38.0,274.0,,,,,,
xor,sequential,1000000,0.01,0.5,read_only,1,0.95,12,1500000,150000,1,1,0.00019,33.5544,18350570.0,31ns,38ns,285ns,31.0,38.0,285.0,,,,,,
xor,sequential,1000000,0.01,0.5,read_only,1,0.95,12,1500000,150000,2,2,0.00019,33.5544,17854130.0,31ns,39ns,279ns,31.0,39.0,279.0,,,,,,
xor,sequential,1000000,0.01,0.5,read_only,1,0.95,16,1500000,150000,0,0,1.4e-05,33.5544,16749130.0,32ns,38ns,279ns,32.0,38.0,279.0,,,,,,
xor,sequential,1000000,0.01,0.5,read_only,1,0.95,16,1500000,150000,1,1,1.4e-05,33.5544,18503540.0,31ns,38ns,250ns,31.0,38.0,250.0,,,,,,
xor,sequential,1000000,0.01,0.5,read_only,1,0.95,16,1500000,150000,2,2,1.4e-05,33.5544,18051700.0,31ns,38ns,263ns,31.0,38.0,263.0,,,,,,
cuckoo,sequential,1000000,0.01,0.5,read_only,1,0.95,8,1500000,150000,0,0,0.014904,33.5544,11696930.0,40ns,57ns,276ns,40.0,57.0,276.0,0.0,0.0,0.0,,,
cuckoo,sequential,1000000,0.01,0.5,read_only,1,0.95,8,1500000,150000,1,1,0.014904,33.5544,10509960.0,41ns,59ns,295ns,41.0,59.0,295.0,0.0,0.0,0.0,,,
cuckoo,sequential,1000000,0.01,0.5,read_only,1,0.95,8,1500000,150000,2,2,0.014904,33.5544,11455650.0,41ns,68ns,272ns,41.0,68.0,272.0,0.0,0.0,0.0,,,
cuckoo,sequential,1000000,0.01,0.5,read_only,1,0.95,12,1500000,150000,0,0,0.00091,33.5544,11610790.0,41ns,58ns,278ns,41.0,58.0,278.0,0.0,0.0,0.0,,,
cuckoo,sequential,1000000,0.01,0.5,read_only,1,0.95,12,1500000,150000,1,1,0.00091,33.5544,11925900.0,41ns,58ns,271ns,41.0,58.0,271.0,0.0,0.0,0.0,,,
cuckoo,sequential,1000000,0.01,0.5,read_only,1,0.95,12,1500000,150000,2,2,0.00091,33.5544,11034570.0,41ns,76ns,286ns,41.0,76.0,286.0,0.0,0.0,0.0,,,
cuckoo,sequential,1000000,0.01,0.5,read_only,1,0.95,16,1500000,150000,0,0,5.5e-05,33.5544,11709650.0,40ns,57ns,277ns,40.0,57.0,277.0,0.0,0.0,0.0,,,
cuckoo,sequential,1000000,0.01,0.5,read_only,1,0.95,16,1500000,150000,1,1,5.5e-05,33.5544,11465550.0,40ns,57ns,274ns,40.0,57.0,274.0,0.0,0.0,0.0,,,
cuckoo,sequential,1000000,0.01,0.5,read_only,1,0.95,16,1500000,150000,2,2,5.5e-05,33.5544,11686630.0,40ns,58ns,282ns,40.0,58.0,282.0,0.0,0.0,0.0,,,
quotient,sequential,1000000,0.01,0.5,read_only,1,0.95,12,1500000,150000,0,0,0.001903,52.4288,10469470.0,41ns,159ns,297ns,41.0,159.0,297.0,,,,0.0,0.0,0.0
quotient,sequential,1000000,0.01,0.5,read_only,1,0.95,12,1500000,150000,1,1,0.001903,52.4288,10456570.0,41ns,207ns,301ns,41.0,207.0,301.0,,,,0.0,0.0,0.0
quotient,sequential,1000000,0.01,0.5,read_only,1,0.95,12,1500000,150000,2,2,0.001903,52.4288,9886702.0,42ns,222ns,317ns,42.0,222.0,317.0,,,,0.0,0.0,0.0
bloom,sequential,1000000,0.01,0.9,read_only,1,0.95,12,1500000,150000,0,0,0.035322,16.7772,25601420.0,31ns,50ns,60ns,31.0,50.0,60.0,,,,,,
bloom,sequential,1000000,0.01,0.9,read_only,1,0.95,12,1500000,150000,1,1,0.035322,16.7772,25881110.0,30ns,50ns,61ns,30.0,50.0,61.0,,,,,,
bloom,sequential,1000000,0.01,0.9,read_only,1,0.95,12,1500000,150000,2,2,0.035322,16.7772,24482700.0,29ns,48ns,67ns,29.0,48.0,67.0,,,,,,
xor,sequential,1000000,0.01,0.9,read_only,1,0.95,8,1500000,150000,0,0,0.003361,33.5544,23703180.0,29ns,38ns,267ns,29.0,38.0,267.0,,,,,,
xor,sequential,1000000,0.01,0.9,read_only,1,0.95,8,1500000,150000,1,1,0.003361,33.5544,24090730.0,29ns,36ns,257ns,29.0,36.0,257.0,,,,,,
xor,sequential,1000000,0.01,0.9,read_only,1,0.95,8,1500000,150000,2,2,0.003361,33.5544,22667700.0,30ns,38ns,280ns,30.0,38.0,280.0,,,,,,
xor,sequential,1000000,0.01,0.9,read_only,1,0.95,12,1500000,150000,0,0,0.00019,33.5544,21521590.0,31ns,42ns,278ns,31.0,42.0,278.0,,,,,,
xor,sequential,1000000,0.01,0.9,read_only,1,0.95,12,1500000,150000,1,1,0.00019,33.5544,22748480.0,30ns,37ns,291ns,30.0,37.0,291.0,,,,,,
xor,sequential,1000000,0.01,0.9,read_only,1,0.95,12,1500000,150000,2,2,0.00019,33.5544,23268910.0,30ns,36ns,265ns,30.0,36.0,265.0,,,,,,
xor,sequential,1000000,0.01,0.9,read_only,1,0.95,16,1500000,150000,0,0,1.4e-05,33.5544,20147090.0,31ns,40ns,278ns,31.0,40.0,278.0,,,,,,
xor,sequential,1000000,0.01,0.9,read_only,1,0.95,16,1500000,150000,1,1,1.4e-05,33.5544,22928770.0,30ns,36ns,293ns,30.0,36.0,293.0,,,,,,
xor,sequential,1000000,0.01,0.9,read_only,1,0.95,16,1500000,150000,2,2,1.4e-05,33.5544,23415580.0,30ns,36ns,282ns,30.0,36.0,282.0,,,,,,
cuckoo,sequential,1000000,0.01,0.9,read_only,1,0.95,8,1500000,150000,0,0,0.014904,33.5544,16858300.0,40ns,49ns,252ns,40.0,49.0,252.0,0.0,0.0,0.0,,,
cuckoo,sequential,1000000,0.01,0.9,read_only,1,0.95,8,1500000,150000,1,1,0.014904,33.5544,16472010.0,40ns,50ns,266ns,40.0,50.0,266.0,0.0,0.0,0.0,,,
cuckoo,sequential,1000000,0.01,0.9,read_only,1,0.95,8,1500000,150000,2,2,0.014904,33.5544,15470860.0,40ns,52ns,260ns,40.0,52.0,260.0,0.0,0.0,0.0,,,
cuckoo,sequential,1000000,0.01,0.9,read_only,1,0.95,12,1500000,150000,0,0,0.00091,33.5544,18374350.0,40ns,49ns,242ns,40.0,49.0,242.0,0.0,0.0,0.0,,,
cuckoo,sequential,1000000,0.01,0.9,read_only,1,0.95,12,1500000,150000,1,1,0.00091,33.5544,18052180.0,40ns,50ns,241ns,40.0,50.0,241.0,0.0,0.0,0.0,,,
cuckoo,sequential,1000000,0.01,0.9,read_only,1,0.95,12,1500000,150000,2,2,0.00091,33.5544,16247430.0,40ns,50ns,275ns,40.0,50.0,275.0,0.0,0.0,0.0,,,
cuckoo,sequential,1000000,0.01,0.9,read_only,1,0.95,16,1500000,150000,0,0,5.5e-05,33.5544,16703860.0,42ns,51ns,257ns,42.0,51.0,257.0,0.0,0.0,0.0,,,
cuckoo,sequential,1000000,0.01,0.9,read_only,1,0.95,16,1500000,150000,1,1,5.5e-05,33.5544,17464250.0,42ns,50ns,270ns,42.0,50.0,270.0,0.0,0.0,0.0,,,
cuckoo,sequential,1000000,0.01,0.9,read_only,1,0.95,16,1500000,150000,2,2,5.5e-05,33.5544,16245220.0,40ns,49ns,272ns,40.0,49.0,272.0,0.0,0.0,0.0,,,
quotient,sequential,1000000,0.01,0.9,read_only,1,0.95,12,1500000,150000,0,0,0.001903,52.4288,15037490.0,36ns,142ns,297ns,36.0,142.0,297.0,,,,0.0,0.0,0.0
quotient,sequential,1000000,0.01,0.9,read_only,1,0.95,12,1500000,150000,1,1,0.001903,52.4288,14012550.0,36ns,193ns,322ns,36.0,193.0,322.0,,,,0.0,0.0,0.0
quotient,sequential,1000000,0.01,0.9,read_only,1,0.95,12,1500000,150000,2,2,0.001903,52.4288,15209850.0,36ns,156ns,303ns,36.0,156.0,303.0,,,,0.0,0.0,0.0
cuckoo,uniform,1000000,0.01,0.5,balanced,1,0.4,12,1500000,150000,0,0,0.000504,57.2561,8983546.0,0ns,0ns,0ns,0.0,0.0,0.0,0.0,0.136178,870.0,,,
cuckoo,uniform,1000000,0.01,0.5,balanced,1,0.4,12,1500000,150000,1,1,0.000504,57.2561,8028871.0,0ns,0ns,0ns,0.0,0.0,0.0,0.0,0.136178,870.0,,,
cuckoo,uniform,1000000,0.01,0.5,balanced,1,0.4,12,1500000,150000,2,2,0.000504,57.2561,7481002.0,0ns,0ns,0ns,0.0,0.0,0.0,0.0,0.136178,870.0,,,
quotient,uniform,1000000,0.01,0.5,balanced,1,0.4,12,1500000,150000,0,0,0.000932,99.6735,7166208.0,0ns,0ns,0ns,0.0,0.0,0.0,,,,1.124151,1.476732,5.0
quotient,uniform,1000000,0.01,0.5,balanced,1,0.4,12,1500000,150000,1,1,0.000932,99.6735,7724214.0,0ns,0ns,0ns,0.0,0.0,0.0,,,,1.124151,1.476732,5.0
quotient,uniform,1000000,0.01,0.5,balanced,1,0.4,12,1500000,150000,2,2,0.000932,99.6735,7595162.0,0ns,0ns,0ns,0.0,0.0,0.0,,,,1.124151,1.476732,5.0
cuckoo,uniform,1000000,0.01,0.5,balanced,1,0.45,12,1500000,150000,0,0,0.000504,57.2561,8389383.0,0ns,0ns,0ns,0.0,0.0,0.0,0.0,0.136178,870.0,,,
cuckoo,uniform,1000000,0.01,0.5,balanced,1,0.45,12,1500000,150000,1,1,0.000504,57.2561,8708748.0,0ns,0ns,0ns,0.0,0.0,0.0,0.0,0.136178,870.0,,,
cuckoo,uniform,1000000,0.01,0.5,balanced,1,0.45,12,1500000,150000,2,2,0.000504,57.2561,8729202.0,0ns,0ns,0ns,0.0,0.0,0.0,0.0,0.136178,870.0,,,
quotient,uniform,1000000,0.01,0.5,balanced,1,0.45,12,1500000,150000,0,0,0.000932,99.6735,7746179.0,0ns,0ns,0ns,0.0,0.0,0.0,,,,1.124151,1.476732,5.0
quotient,uniform,1000000,0.01,0.5,balanced,1,0.45,12,1500000,150000,1,1,0.000932,99.6735,6484105.0,0ns,0ns,0ns,0.0,0.0,0.0,,,,1.124151,1.476732,5.0
quotient,uniform,1000000,0.01,0.5,balanced,1,0.45,12,1500000,150000,2,2,0.000932,99.6735,7705326.0,0ns,0ns,0ns,0.0,0.0,0.0,,,,1.124151,1.476732,5.0
cuckoo,uniform,1000000,0.01,0.5,balanced,1,0.5,12,1500000,150000,0,0,0.000977,28.6306,9237933.0,0ns,0ns,0ns,0.0,0.0,0.0,1.6e-05,0.248741,1009.0,,,
cuckoo,uniform,1000000,0.01,0.5,balanced,1,0.5,12,1500000,150000,1,1,0.000977,28.6306,9586404.0,0ns,0ns,0ns,0.0,0.0,0.0,1.6e-05,0.248741,1009.0,,,
cuckoo,uniform,1000000,0.01,0.5,balanced,1,0.5,12,1500000,150000,2,2,0.000977,28.6306,9659043.0,0ns,0ns,0ns,0.0,0.0,0.0,1.6e-05,0.248741,1009.0,,,
quotient,uniform,1000000,0.01,0.5,balanced,1,0.5,12,1500000,150000,0,0,0.001834,49.6563,7353806.0,0ns,0ns,0ns,0.0,0.0,0.0,,,,1.249501,2.407121,12.0
quotient,uniform,1000000,0.01,0.5,balanced,1,0.5,12,1500000,150000,1,1,0.001834,49.6563,7435543.0,0ns,0ns,0ns,0.0,0.0,0.0,,,,1.249501,2.407121,12.0
quotient,uniform,1000000,0.01,0.5,balanced,1,0.5,12,1500000,150000,2,2,0.001834,49.6563,7592987.0,0ns,0ns,0ns,0.0,0.0,0.0,,,,1.249501,2.407121,12.0
cuckoo,uniform,1000000,0.01,0.5,balanced,1,0.55,12,1500000,150000,0,0,0.000977,28.6306,9313747.0,0ns,0ns,0ns,0.0,0.0,0.0,1.6e-05,0.248741,1009.0,,,
cuckoo,uniform,1000000,0.01,0.5,balanced,1,0.55,12,1500000,150000,1,1,0.000977,28.6306,8819596.0,0ns,0ns,0ns,0.0,0.0,0.0,1.6e-05,0.248741,1009.0,,,
cuckoo,uniform,1000000,0.01,0.5,balanced,1,0.55,12,1500000,150000,2,2,0.000977,28.6306,9263620.0,0ns,0ns,0ns,0.0,0.0,0.0,1.6e-05,0.248741,1009.0,,,
quotient,uniform,1000000,0.01,0.5,balanced,1,0.55,12,1500000,150000,0,0,0.001834,49.6563,7394942.0,0ns,0ns,0ns,0.0,0.0,0.0,,,,1.249501,2.407121,12.0
quotient,uniform,1000000,0.01,0.5,balanced,1,0.55,12,1500000,150000,1,1,0.001834,49.6563,7263546.0,0ns,0ns,0ns,0.0,0.0,0.0,,,,1.249501,2.407121,12.0
quotient,uniform,1000000,0.01,0.5,balanced,1,0.55,12,1500000,150000,2,2,0.001834,49.6563,7189263.0,0ns,0ns,0ns,0.0,0.0,0.0,,,,1.249501,2.407121,12.0
cuckoo,uniform,1000000,0.01,0.5,balanced,1,0.6,12,1500000,150000,0,0,0.000977,28.6306,9658225.0,0ns,0ns,0ns,0.0,0.0,0.0,1.6e-05,0.248741,1009.0,,,
cuckoo,uniform,1000000,0.01,0.5,balanced,1,0.6,12,1500000,150000,1,1,0.000977,28.6306,9336824.0,0ns,0ns,0ns,0.0,0.0,0.0,1.6e-05,0.248741,1009.0,,,
cuckoo,uniform,1000000,0.01,0.5,balanced,1,0.6,12,1500000,150000,2,2,0.000977,28.6306,9537390.0,0ns,0ns,0ns,0.0,0.0,0.0,1.6e-05,0.248741,1009.0,,,
quotient,uniform,1000000,0.01,0.5,balanced,1,0.6,12,1500000,150000,0,0,0.001834,49.6563,7372923.0,0ns,0ns,0ns,0.0,0.0,0.0,,,,1.249501,2.407121,12.0
quotient,uniform,1000000,0.01,0.5,balanced,1,0.6,12,1500000,150000,1,1,0.001834,49.6563,7505215.0,0ns,0ns,0ns,0.0,0.0,0.0,,,,1.249501,2.407121,12.0
quotient,uniform,1000000,0.01,0.5,balanced,1,0.6,12,1500000,150000,2,2,0.001834,49.6563,7278723.0,0ns,0ns,0ns,0.0,0.0,0.0,,,,1.249501,2.407121,12.0
cuckoo,uniform,1000000,0.01,0.5,balanced,1,0.65,12,1500000,150000,0,0,0.000977,28.6306,9470606.0,0ns,0ns,0ns,0.0,0.0,0.0,1.6e-05,0.248741,1009.0,,,
cuckoo,uniform,1000000,0.01,0.5,balanced,1,0.65,12,1500000,150000,1,1,0.000977,28.6306,9340046.0,0ns,0ns,0ns,0.0,0.0,0.0,1.6e-05,0.248741,1009.0,,,
cuckoo,uniform,1000000,0.01,0.5,balanced,1,0.65,12,1500000,150000,2,2,0.000977,28.6306,9693375.0,0ns,0ns,0ns,0.0,0.0,0.0,1.6e-05,0.248741,1009.0,,,
quotient,uniform,1000000,0.01,0.5,balanced,1,0.65,12,1500000,150000,0,0,0.001834,49.6563,7499196.0,0ns,0ns,0ns,0.0,0.0,0.0,,,,1.249501,2.407121,12.0
quotient,uniform,1000000,0.01,0.5,balanced,1,0.65,12,1500000,150000,1,1,0.001834,49.6563,7613838.0,0ns,0ns,0ns,0.0,0.0,0.0,,,,1.249501,2.407121,12.0
quotient,uniform,1000000,0.01,0.5,balanced,1,0.65,12,1500000,150000,2,2,0.001834,49.6563,7358697.0,0ns,0ns,0ns,0.0,0.0,0.0,,,,1.249501,2.407121,12.0
cuckoo,uniform,1000000,0.01,0.5,balanced,1,0.7,12,1500000,150000,0,0,0.000977,28.6306,9446393.0,0ns,0ns,0ns,0.0,0.0,0.0,1.6e-05,0.248741,1009.0,,,
cuckoo,uniform,1000000,0.01,0.5,balanced,1,0.7,12,1500000,150000,1,1,0.000977,28.6306,9452035.0,0ns,0ns,0ns,0.0,0.0,0.0,1.6e-05,0.248741,1009.0,,,
cuckoo,uniform,1000000,0.01,0.5,balanced,1,0.7,12,1500000,150000,2,2,0.000977,28.6306,9706919.0,0ns,0ns,0ns,0.0,0.0,0.0,1.6e-05,0.248741,1009.0,,,
quotient,uniform,1000000,0.01,0.5,balanced,1,0.7,12,1500000,150000,0,0,0.001834,49.6563,7462206.0,0ns,0ns,0ns,0.0,0.0,0.0,,,,1.249501,2.407121,12.0
quotient,uniform,1000000,0.01,0.5,balanced,1,0.7,12,1500000,150000,1,1,0.001834,49.6563,7416373.0,0ns,0ns,0ns,0.0,0.0,0.0,,,,1.249501,2.407121,12.0
quotient,uniform,1000000,0.01,0.5,balanced,1,0.7,12,1500000,150000,2,2,0.001834,49.6563,7631272.0,0ns,0ns,0ns,0.0,0.0,0.0,,,,1.249501,2.407121,12.0
cuckoo,uniform,1000000,0.01,0.5,balanced,1,0.75,12,1500000,150000,0,0,0.000977,28.6306,10094970.0,0ns,0ns,0ns,0.0,0.0,0.0,1.6e-05,0.248741,1009.0,,,
cuckoo,uniform,1000000,0.01,0.5,balanced,1,0.75,12,1500000,150000,1,1,0.000977,28.6306,10183320.0,0ns,0ns,0ns,0.0,0.0,0.0,1.6e-05,0.248741,1009.0,,,
cuckoo,uniform,1000000,0.01,0.5,balanced,1,0.75,12,1500000,150000,2,2,0.000977,28.6306,9410447.0,0ns,0ns,0ns,0.0,0.0,0.0,1.6e-05,0.248741,1009.0,,,
quotient,uniform,1000000,0.01,0.5,balanced,1,0.75,12,1500000,150000,0,0,0.001834,49.6563,7584586.0,0ns,0ns,0ns,0.0,0.0,0.0,,,,1.249501,2.407121,12.0
quotient,uniform,1000000,0.01,0.5,balanced,1,0.75,12,1500000,150000,1,1,0.001834,49.6563,7314831.0,0ns,0ns,0ns,0.0,0.0,0.0,,,,1.249501,2.407121,12.0
quotient,uniform,1000000,0.01,0.5,balanced,1,0.75,12,1500000,150000,2,2,0.001834,49.6563,7389047.0,0ns,0ns,0ns,0.0,0.0,0.0,,,,1.249501,2.407121,12.0
cuckoo,uniform,1000000,0.01,0.5,balanced,1,0.8,12,1500000,150000,0,0,0.000977,28.6306,9555120.0,0ns,0ns,0ns,0.0,0.0,0.0,1.6e-05,0.248741,1009.0,,,
cuckoo,uniform,1000000,0.01,0.5,balanced,1,0.8,12,1500000,150000,1,1,0.000977,28.6306,9731708.0,0ns,0ns,0ns,0.0,0.0,0.0,1.6e-05,0.248741,1009.0,,,
cuckoo,uniform,1000000,0.01,0.5,balanced,1,0.8,12,1500000,150000,2,2,0.000977,28.6306,9042880.0,0ns,0ns,0ns,0.0,0.0,0.0,1.6e-05,0.248741,1009.0,,,
quotient,uniform,1000000,0.01,0.5,balanced,1,0.8,12,1500000,150000,0,0,0.001834,49.6563,7483111.0,0ns,0ns,0ns,0.0,0.0,0.0,,,,1.249501,2.407121,12.0
quotient,uniform,1000000,0.01,0.5,balanced,1,0.8,12,1500000,150000,1,1,0.001834,49.6563,7408538.0,0ns,0ns,0ns,0.0,0.0,0.0,,,,1.249501,2.407121,12.0
quotient,uniform,1000000,0.01,0.5,balanced,1,0.8,12,1500000,150000,2,2,0.001834,49.6563,7370946.0,0ns,0ns,0ns,0.0,0.0,0.0,,,,1.249501,2.407121,12.0
cuckoo,uniform,1000000,0.01,0.5,balanced,1,0.85,12,1500000,150000,0,0,0.000977,28.6306,9207952.0,0ns,0ns,0ns,0.0,0.0,0.0,1.6e-05,0.248741,1009.0,,,
cuckoo,uniform,1000000,0.01,0.5,balanced,1,0.85,12,1500000,150000,1,1,0.000977,28.6306,9506957.0,0ns,0ns,0ns,0.0,0.0,0.0,1.6e-05,0.248741,1009.0,,,
cuckoo,uniform,1000000,0.01,0.5,balanced,1,0.85,12,1500000,150000,2,2,0.000977,28.6306,9763907.0,0ns,0ns,0ns,0.0,0.0,0.0,1.6e-05,0.248741,1009.0,,,
quotient,uniform,1000000,0.01,0.5,balanced,1,0.85,12,1500000,150000,0,0,0.001834,49.6563,7133543.0,0ns,0ns,0ns,0.0,0.0,0.0,,,,1.249501,2.407121,12.0
quotient,uniform,1000000,0.01,0.5,balanced,1,0.85,12,1500000,150000,1,1,0.001834,49.6563,7345721.0,0ns,0ns,0ns,0.0,0.0,0.0,,,,1.249501,2.407121,12.0
quotient,uniform,1000000,0.01,0.5,balanced,1,0.85,12,1500000,150000,2,2,0.001834,49.6563,7552492.0,0ns,0ns,0ns,0.0,0.0,0.0,,,,1.249501,2.407121,12.0
cuckoo,uniform,1000000,0.01,0.5,balanced,1,0.9,12,1500000,150000,0,0,0.000977,28.6306,9175087.0,0ns,0ns,0ns,0.0,0.0,0.0,1.6e-05,0.248741,1009.0,,,
cuckoo,uniform,1000000,0.01,0.5,balanced,1,0.9,12,1500000,150000,1,1,0.000977,28.6306,9803248.0,0ns,0ns,0ns,0.0,0.0,0.0,1.6e-05,0.248741,1009.0,,,
cuckoo,uniform,1000000,0.01,0.5,balanced,1,0.9,12,1500000,150000,2,2,0.000977,28.6306,10128470.0,0ns,0ns,0ns,0.0,0.0,0.0,1.6e-05,0.248741,1009.0,,,
quotient,uniform,1000000,0.01,0.5,balanced,1,0.9,12,1500000,150000,0,0,0.001834,49.6563,7599614.0,0ns,0ns,0ns,0.0,0.0,0.0,,,,1.249501,2.407121,12.0
quotient,uniform,1000000,0.01,0.5,balanced,1,0.9,12,1500000,150000,1,1,0.001834,49.6563,7338888.0,0ns,0ns,0ns,0.0,0.0,0.0,,,,1.249501,2.407121,12.0
quotient,uniform,1000000,0.01,0.5,balanced,1,0.9,12,1500000,150000,2,2,0.001834,49.6563,7418606.0,0ns,0ns,0ns,0.0,0.0,0.0,,,,1.249501,2.407121,12.0
cuckoo,uniform,1000000,0.01,0.5,balanced,1,0.95,12,1500000,150000,0,0,0.000977,28.6306,9883144.0,0ns,0ns,0ns,0.0,0.0,0.0,1.6e-05,0.248741,1009.0,,,
cuckoo,uniform,1000000,0.01,0.5,balanced,1,0.95,12,1500000,150000,1,1,0.000977,28.6306,9750160.0,0ns,0ns,0ns,0.0,0.0,0.0,1.6e-05,0.248741,1009.0,,,
cuckoo,uniform,1000000,0.01,0.5,balanced,1,0.95,12,1500000,150000,2,2,0.000977,28.6306,9619452.0,0ns,0ns,0ns,0.0,0.0,0.0,1.6e-05,0.248741,1009.0,,,
quotient,uniform,1000000,0.01,0.5,balanced,1,0.95,12,1500000,150000,0,0,0.001834,49.6563,7375707.0,0ns,0ns,0ns,0.0,0.0,0.0,,,,1.249501,2.407121,12.0
quotient,uniform,1000000,0.01,0.5,balanced,1,0.95,12,1500000,150000,1,1,0.001834,49.6563,7600644.0,0ns,0ns,0ns,0.0,0.0,0.0,,,,1.249501,2.407121,12.0
quotient,uniform,1000000,0.01,0.5,balanced,1,0.95,12,1500000,150000,2,2,0.001834,49.6563,7267832.0,0ns,0ns,0ns,0.0,0.0,0.0,,,,1.249501,2.407121,12.0
cuckoo,sequential,1000000,0.01,0.5,balanced,1,0.4,12,1500000,150000,0,0,0.000437,57.2567,8463518.0,0ns,0ns,0ns,0.0,0.0,0.0,1.8e-05,0.13983,964.0,,,
cuckoo,sequential,1000000,0.01,0.5,balanced,1,0.4,12,1500000,150000,1,1,0.000437,57.2567,8367096.0,0ns,0ns,0ns,0.0,0.0,0.0,1.8e-05,0.13983,964.0,,,
cuckoo,sequential,1000000,0.01,0.5,balanced,1,0.4,12,1500000,150000,2,2,0.000437,57.2567,8525303.0,0ns,0ns,0ns,0.0,0.0,0.0,1.8e-05,0.13983,964.0,,,
quotient,sequential,1000000,0.01,0.5,balanced,1,0.4,12,1500000,150000,0,0,0.000976,99.6818,7641577.0,0ns,0ns,0ns,0.0,0.0,0.0,,,,1.122395,1.476893,5.0
quotient,sequential,1000000,0.01,0.5,balanced,1,0.4,12,1500000,150000,1,1,0.000976,99.6818,7789595.0,0ns,0ns,0ns,0.0,0.0,0.0,,,,1.122395,1.476893,5.0
quotient,sequential,1000000,0.01,0.5,balanced,1,0.4,12,1500000,150000,2,2,0.000976,99.6818,7473219.0,0ns,0ns,0ns,0.0,0.0,0.0,,,,1.122395,1.476893,5.0
cuckoo,sequential,1000000,0.01,0.5,balanced,1,0.45,12,1500000,150000,0,0,0.000437,57.2567,7956462.0,0ns,0ns,0ns,0.0,0.0,0.0,1.8e-05,0.13983,964.0,,,
cuckoo,sequential,1000000,0.01,0.5,balanced,1,0.45,12,1500000,150000,1,1,0.000437,57.2567,8170953.0,0ns,0ns,0ns,0.0,0.0,0.0,1.8e-05,0.13983,964.0,,,
cuckoo,sequential,1000000,0.01,0.5,balanced,1,0.45,12,1500000,150000,2,2,0.000437,57.2567,8693211.0,0ns,0ns,0ns,0.0,0.0,0.0,1.8e-05,0.13983,964.0,,,
quotient,sequential,1000000,0.01,0.5,balanced,1,0.45,12,1500000,150000,0,0,0.000976,99.6818,7668197.0,0ns,0ns,0ns,0.0,0.0,0.0,,,,1.122395,1.476893,5.0
quotient,sequential,1000000,0.01,0.5,balanced,1,0.45,12,1500000,150000,1,1,0.000976,99.6818,7772224.0,0ns,0ns,0ns,0.0,0.0,0.0,,,,1.122395,1.476893,5.0
quotient,sequential,1000000,0.01,0.5,balanced,1,0.45,12,1500000,150000,2,2,0.000976,99.6818,7679909.0,0ns,0ns,0ns,0.0,0.0,0.0,,,,1.122395,1.476893,5.0
cuckoo,sequential,1000000,0.01,0.5,balanced,1,0.5,12,1500000,150000,0,0,0.00091,28.6308,9695644.0,0ns,0ns,0ns,0.0,0.0,0.0,2.8e-05,0.250146,1050.0,,,
cuckoo,sequential,1000000,0.01,0.5,balanced,1,0.5,12,1500000,150000,1,1,0.00091,28.6308,9040187.0,0ns,0ns,0ns,0.0,0.0,0.0,2.8e-05,0.250146,1050.0,,,
cuckoo,sequential,1000000,0.01,0.5,balanced,1,0.5,12,1500000,150000,2,2,0.00091,28.6308,9759031.0,0ns,0ns,0ns,0.0,0.0,0.0,2.8e-05,0.250146,1050.0,,,
quotient,sequential,1000000,0.01,0.5,balanced,1,0.5,12,1500000,150000,0,0,0.001903,49.6629,7447250.0,0ns,0ns,0ns,0.0,0.0,0.0,,,,1.24758,2.401797,12.0
quotient,sequential,1000000,0.01,0.5,balanced,1,0.5,12,1500000,150000,1,1,0.001903,49.6629,7517850.0,0ns,0ns,0ns,0.0,0.0,0.0,,,,1.24758,2.401797,12.0
quotient,sequential,1000000,0.01,0.5,balanced,1,0.5,12,1500000,150000,2,2,0.001903,49.6629,7457580.0,0ns,0ns,0ns,0.0,0.0,0.0,,,,1.24758,2.401797,12.0
cuckoo,sequential,1000000,0.01,0.5,balanced,1,0.55,12,1500000,150000,0,0,0.00091,28.6308,10360890.0,0ns,0ns,0ns,0.0,0.0,0.0,2.8e-05,0.250146,1050.0,,,
cuckoo,sequential,1000000,0.01,0.5,balanced,1,0.55,12,1500000,150000,1,1,0.00091,28.6308,9484371.0,0ns,0ns,0ns,0.0,0.0,0.0,2.8e-05,0.250146,1050.0,,,
cuckoo,sequential,1000000,0.01,0.5,balanced,1,0.55,12,1500000,150000,2,2,0.00091,28.6308,9800319.0,0ns,0ns,0ns,0.0,0.0,0.0,2.8e-05,0.250146,1050.0,,,
quotient,sequential,1000000,0.01,0.5,balanced,1,0.55,12,1500000,150000,0,0,0.001903,49.6629,7611979.0,0ns,0ns,0ns,0.0,0.0,0.0,,,,1.24758,2.401797,12.0
quotient,sequential,1000000,0.01,0.5,balanced,1,0.55,12,1500000,150000,1,1,0.001903,49.6629,7599698.0,0ns,0ns,0ns,0.0,0.0,0.0,,,,1.24758,2.401797,12.0
quotient,sequential,1000000,0.01,0.5,balanced,1,0.55,12,1500000,150000,2,2,0.001903,49.6629,7419080.0,0ns,0ns,0ns,0.0,0.0,0.0,,,,1.24758,2.401797,12.0
cuckoo,sequential,1000000,0.01,0.5,balanced,1,0.6,12,1500000,150000,0,0,0.00091,28.6308,9905521.0,0ns,0ns,0ns,0.0,0.0,0.0,2.8e-05,0.250146,1050.0,,,
cuckoo,sequential,1000000,0.01,0.5,balanced,1,0.6,12,1500000,150000,1,1,0.00091,28.6308,10089720.0,0ns,0ns,0ns,0.0,0.0,0.0,2.8e-05,0.250146,1050.0,,,
cuckoo,sequential,1000000,0.01,0.5,balanced,1,0.6,12,1500000,150000,2,2,0.00091,28.6308,10105410.0,0ns,0ns,0ns,0.0,0.0,0.0,2.8e-05,0.250146,1050.0,,,
quotient,sequential,1000000,0.01,0.5,balanced,1,0.6,12,1500000,150000,0,0,0.001903,49.6629,7357468.0,0ns,0ns,0ns,0.0,0.0,0.0,,,,1.24758,2.401797,12.0
quotient,sequential,1000000,0.01,0.5,balanced,1,0.6,12,1500000,150000,1,1,0.001903,49.6629,7692586.0,0ns,0ns,0ns,0.0,0.0,0.0,,,,1.24758,2.401797,12.0
quotient,sequential,1000000,0.01,0.5,balanced,1,0.6,12,1500000,150000,2,2,0.001903,49.6629,7467092.0,0ns,0ns,0ns,0.0,0.0,0.0,,,,1.24758,2.401797,12.0
cuckoo,sequential,1000000,0.01,0.5,balanced,1,0.65,12,1500000,150000,0,0,0.00091,28.6308,9239596.0,0ns,0ns,0ns,0.0,0.0,0.0,2.8e-05,0.250146,1050.0,,,
cuckoo,sequential,1000000,0.01,0.5,balanced,1,0.65,12,1500000,150000,1,1,0.00091,28.6308,9519761.0,0ns,0ns,0ns,0.0,0.0,0.0,2.8e-05,0.250146,1050.0,,,
cuckoo,sequential,1000000,0.01,0.5,balanced,1,0.65,12,1500000,150000,2,2,0.00091,28.6308,9296540.0,0ns,0ns,0ns,0.0,0.0,0.0,2.8e-05,0.250146,1050.0,,,
quotient,sequential,1000000,0.01,0.5,balanced,1,0.65,12,1500000,150000,0,0,0.001903,49.6629,7567467.0,0ns,0ns,0ns,0.0,0.0,0.0,,,,1.24758,2.401797,12.0
quotient,sequential,1000000,0.01,0.5,balanced,1,0.65,12,1500000,150000,1,1,0.001903,49.6629,7250600.0,0ns,0ns,0ns,0.0,0.0,0.0,,,,1.24758,2.401797,12.0
quotient,sequential,1000000,0.01,0.5,balanced,1,0.65,12,1500000,150000,2,2,0.001903,49.6629,7694189.0,0ns,0ns,0ns,0.0,0.0,0.0,,,,1.24758,2.401797,12.0
cuckoo,sequential,1000000,0.01,0.5,balanced,1,0.7,12,1500000,150000,0,0,0.00091,28.6308,9481070.0,0ns,0ns,0ns,0.0,0.0,0.0,2.8e-05,0.250146,1050.0,,,
cuckoo,sequential,1000000,0.01,0.5,balanced,1,0.7,12,1500000,150000,1,1,0.00091,28.6308,10042230.0,0ns,0ns,0ns,0.0,0.0,0.0,2.8e-05,0.250146,1050.0,,,
cuckoo,sequential,1000000,0.01,0.5,balanced,1,0.7,12,1500000,150000,2,2,0.00091,28.6308,10015890.0,0ns,0ns,0ns,0.0,0.0,0.0,2.8e-05,0.250146,1050.0,,,
quotient,sequential,1000000,0.01,0.5,balanced,1,0.7,12,1500000,150000,0,0,0.001903,49.6629,7691528.0,0ns,0ns,0ns,0.0,0.0,0.0,,,,1.24758,2.401797,12.0
quotient,sequential,1000000,0.01,0.5,balanced,1,0.7,12,1500000,150000,1,1,0.001903,49.6629,7334737.0,0ns,0ns,0ns,0.0,0.0,0.0,,,,1.24758,2.401797,12.0
quotient,sequential,1000000,0.01,0.5,balanced,1,0.7,12,1500000,150000,2,2,0.001903,49.6629,7350124.0,0ns,0ns,0ns,0.0,0.0,0.0,,,,1.24758,2.401797,12.0
cuckoo,sequential,1000000,0.01,0.5,balanced,1,0.75,12,1500000,150000,0,0,0.00091,28.6308,9019599.0,0ns,0ns,0ns,0.0,0.0,0.0,2.8e-05,0.250146,1050.0,,,
cuckoo,sequential,1000000,0.01,0.5,balanced,1,0.75,12,1500000,150000,1,1,0.00091,28.6308,9809657.0,0ns,0ns,0ns,0.0,0.0,0.0,2.8e-05,0.250146,1050.0,,,
cuckoo,sequential,1000000,0.01,0.5,balanced,1,0.75,12,1500000,150000,2,2,0.00091,28.6308,9449417.0,0ns,0ns,0ns,0.0,0.0,0.0,2.8e-05,0.250146,1050.0,,,
quotient,sequential,1000000,0.01,0.5,balanced,1,0.75,12,1500000,150000,0,0,0.001903,49.6629,7594446.0,0ns,0ns,0ns,0.0,0.0,0.0,,,,1.24758,2.401797,12.0
quotient,sequential,1000000,0.01,0.5,balanced,1,0.75,12,1500000,150000,1,1,0.001903,49.6629,7548180.0,0ns,0ns,0ns,0.0,0.0,0.0,,,,1.24758,2.401797,12.0
quotient,sequential,1000000,0.01,0.5,balanced,1,0.75,12,1500000,150000,2,2,0.001903,49.6629,6983948.0,0ns,0ns,0ns,0.0,0.0,0.0,,,,1.24758,2.401797,12.0
cuckoo,sequential,1000000,0.01,0.5,balanced,1,0.8,12,1500000,150000,0,0,0.00091,28.6308,9176893.0,0ns,0ns,0ns,0.0,0.0,0.0,2.8e-05,0.250146,1050.0,,,
cuckoo,sequential,1000000,0.01,0.5,balanced,1,0.8,12,1500000,150000,1,1,0.00091,28.6308,9373902.0,0ns,0ns,0ns,0.0,0.0,0.0,2.8e-05,0.250146,1050.0,,,
cuckoo,sequential,1000000,0.01,0.5,balanced,1,0.8,12,1500000,150000,2,2,0.00091,28.6308,9579003.0,0ns,0ns,0ns,0.0,0.0,0.0,2.8e-05,0.250146,1050.0,,,
quotient,sequential,1000000,0.01,0.5,balanced,1,0.8,12,1500000,150000,0,0,0.001903,49.6629,7436681.0,0ns,0ns,0ns,0.0,0.0,0.0,,,,1.24758,2.401797,12.0
quotient,sequential,1000000,0.01,0.5,balanced,1,0.8,12,1500000,150000,1,1,0.001903,49.6629,7706545.0,0ns,0ns,0ns,0.0,0.0,0.0,,,,1.24758,2.401797,12.0
quotient,sequential,1000000,0.01,0.5,balanced,1,0.8,12,1500000,150000,2,2,0.001903,49.6629,7656710.0,0ns,0ns,0ns,0.0,0.0,0.0,,,,1.24758,2.401797,12.0
cuckoo,sequential,1000000,0.01,0.5,balanced,1,0.85,12,1500000,150000,0,0,0.00091,28.6308,10063530.0,0ns,0ns,0ns,0.0,0.0,0.0,2.8e-05,0.250146,1050.0,,,
cuckoo,sequential,1000000,0.01,0.5,balanced,1,0.85,12,1500000,150000,1,1,0.00091,28.6308,9401023.0,0ns,0ns,0ns,0.0,0.0,0.0,2.8e-05,0.250146,1050.0,,,
cuckoo,sequential,1000000,0.01,0.5,balanced,1,0.85,12,1500000,150000,2,2,0.00091,28.6308,10186120.0,0ns,0ns,0ns,0.0,0.0,0.0,2.8e-05,0.250146,1050.0,,,
quotient,sequential,1000000,0.01,0.5,balanced,1,0.85,12,1500000,150000,0,0,0.001903,49.6629,7508974.0,0ns,0ns,0ns,0.0,0.0,0.0,,,,1.24758,2.401797,12.0
quotient,sequential,1000000,0.01,0.5,balanced,1,0.85,12,1500000,150000,1,1,0.001903,49.6629,7466524.0,0ns,0ns,0ns,0.0,0.0,0.0,,,,1.24758,2.401797,12.0
quotient,sequential,1000000,0.01,0.5,balanced,1,0.85,12,1500000,150000,2,2,0.001903,49.6629,7434888.0,0ns,0ns,0ns,0.0,0.0,0.0,,,,1.24758,2.401797,12.0
cuckoo,sequential,1000000,0.01,0.5,balanced,1,0.9,12,1500000,150000,0,0,0.00091,28.6308,9743345.0,0ns,0ns,0ns,0.0,0.0,0.0,2.8e-05,0.250146,1050.0,,,
cuckoo,sequential,1000000,0.01,0.5,balanced,1,0.9,12,1500000,150000,1,1,0.00091,28.6308,8621933.0,0ns,0ns,0ns,0.0,0.0,0.0,2.8e-05,0.250146,1050.0,,,
cuckoo,sequential,1000000,0.01,0.5,balanced,1,0.9,12,1500000,150000,2,2,0.00091,28.6308,9668868.0,0ns,0ns,0ns,0.0,0.0,0.0,2.8e-05,0.250146,1050.0,,,
quotient,sequential,1000000,0.01,0.5,balanced,1,0.9,12,1500000,150000,0,0,0.001903,49.6629,7503010.0,0ns,0ns,0ns,0.0,0.0,0.0,,,,1.24758,2.401797,12.0
quotient,sequential,1000000,0.01,0.5,balanced,1,0.9,12,1500000,150000,1,1,0.001903,49.6629,7708209.0,0ns,0ns,0ns,0.0,0.0,0.0,,,,1.24758,2.401797,12.0
quotient,sequential,1000000,0.01,0.5,balanced,1,0.9,12,1500000,150000,2,2,0.001903,49.6629,7183242.0,0ns,0ns,0ns,0.0,0.0,0.0,,,,1.24758,2.401797,12.0
cuckoo,sequential,1000000,0.01,0.5,balanced,1,0.95,12,1500000,150000,0,0,0.00091,28.6308,9595011.0,0ns,0ns,0ns,0.0,0.0,0.0,2.8e-05,0.250146,1050.0,,,
cuckoo,sequential,1000000,0.01,0.5,balanced,1,0.95,12,1500000,150000,1,1,0.00091,28.6308,9640033.0,0ns,0ns,0ns,0.0,0.0,0.0,2.8e-05,0.250146,1050.0,,,
cuckoo,sequential,1000000,0.01,0.5,balanced,1,0.95,12,1500000,150000,2,2,0.00091,28.6308,9502327.0,0ns,0ns,0ns,0.0,0.0,0.0,2.8e-05,0.250146,1050.0,,,
quotient,sequential,1000000,0.01,0.5,balanced,1,0.95,12,1500000,150000,0,0,0.001903,49.6629,7467109.0,0ns,0ns,0ns,0.0,0.0,0.0,,,,1.24758,2.401797,12.0
quotient,sequential,1000000,0.01,0.5,balanced,1,0.95,12,1500000,150000,1,1,0.001903,49.6629,7688225.0,0ns,0ns,0ns,0.0,0.0,0.0,,,,1.24758,2.401797,12.0
quotient,sequential,1000000,0.01,0.5,balanced,1,0.95,12,1500000,150000,2,2,0.001903,49.6629,7693291.0,0ns,0ns,0ns,0.0,0.0,0.0,,,,1.24758,2.401797,12.0
bloom,uniform,1000000,0.01,0.5,read_mostly,1,0.8,12,1500000,150000,0,0,0.035445,16.7772,16788120.0,0ns,0ns,0ns,0.0,0.0,0.0,,,,,,
bloom,uniform,1000000,0.01,0.5,read_mostly,1,0.8,12,1500000,150000,1,1,0.035445,16.7772,15904610.0,0ns,0ns,0ns,0.0,0.0,0.0,,,,,,
bloom,uniform,1000000,0.01,0.5,read_mostly,1,0.8,12,1500000,150000,2,2,0.035445,16.7772,17234700.0,0ns,0ns,0ns,0.0,0.0,0.0,,,,,,
xor,uniform,1000000,0.01,0.5,read_mostly,1,0.8,8,1500000,150000,0,0,0.003436,33.5544,16381860.0,0ns,0ns,0ns,0.0,0.0,0.0,,,,,,
xor,uniform,1000000,0.01,0.5,read_mostly,1,0.8,8,1500000,150000,1,1,0.003436,33.5544,13645050.0,0ns,0ns,0ns,0.0,0.0,0.0,,,,,,
xor,uniform,1000000,0.01,0.5,read_mostly,1,0.8,8,1500000,150000,2,2,0.003436,33.5544,13960060.0,0ns,0ns,0ns,0.0,0.0,0.0,,,,,,
xor,uniform,1000000,0.01,0.5,read_mostly,1,0.8,12,1500000,150000,0,0,0.000222,33.5544,15685250.0,0ns,0ns,0ns,0.0,0.0,0.0,,,,,,
xor,uniform,1000000,0.01,0.5,read_mostly,1,0.8,12,1500000,150000,1,1,0.000222,33.5544,13081470.0,0ns,0ns,0ns,0.0,0.0,0.0,,,,,,
xor,uniform,1000000,0.01,0.5,read_mostly,1,0.8,12,1500000,150000,2,2,0.000222,33.5544,16181850.0,0ns,0ns,0ns,0.0,0.0,0.0,,,,,,
xor,uniform,1000000,0.01,0.5,read_mostly,1,0.8,16,1500000,150000,0,0,1.4e-05,33.5544,16593000.0,0ns,0ns,0ns,0.0,0.0,0.0,,,,,,
xor,uniform,1000000,0.01,0.5,read_mostly,1,0.8,16,1500000,150000,1,1,1.4e-05,33.5544,16605950.0,0ns,0ns,0ns,0.0,0.0,0.0,,,,,,
xor,uniform,1000000,0.01,0.5,read_mostly,1,0.8,16,1500000,150000,2,2,1.4e-05,33.5544,16315430.0,0ns,0ns,0ns,0.0,0.0,0.0,,,,,,
cuckoo,uniform,1000000,0.01,0.5,read_mostly,1,0.8,8,1500000,150000,0,0,0.014732,31.2161,10136250.0,0ns,0ns,0ns,0.0,0.0,0.0,0.0,0.009325,0.0,,,
cuckoo,uniform,1000000,0.01,0.5,read_mostly,1,0.8,8,1500000,150000,1,1,0.014732,31.2161,10450620.0,0ns,0ns,0ns,0.0,0.0,0.0,0.0,0.009325,0.0,,,
cuckoo,uniform,1000000,0.01,0.5,read_mostly,1,0.8,8,1500000,150000,2,2,0.014732,31.2161,10444260.0,0ns,0ns,0ns,0.0,0.0,0.0,0.0,0.009325,0.0,,,
cuckoo,uniform,1000000,0.01,0.5,read_mostly,1,0.8,12,1500000,150000,0,0,0.000977,31.2161,8684483.0,0ns,0ns,0ns,0.0,0.0,0.0,0.0,0.009231,0.0,,,
cuckoo,uniform,1000000,0.01,0.5,read_mostly,1,0.8,12,1500000,150000,1,1,0.000977,31.2161,7378419.0,0ns,0ns,0ns,0.0,0.0,0.0,0.0,0.009231,0.0,,,
cuckoo,uniform,1000000,0.01,0.5,read_mostly,1,0.8,12,1500000,150000,2,2,0.000977,31.2161,7442604.0,0ns,0ns,0ns,0.0,0.0,0.0,0.0,0.009231,0.0,,,
cuckoo,uniform,1000000,0.01,0.5,read_mostly,1,0.8,16,1500000,150000,0,0,4.5e-05,31.2161,7445515.0,0ns,0ns,0ns,0.0,0.0,0.0,0.0,0.009261,0.0,,,
cuckoo,uniform,1000000,0.01,0.5,read_mostly,1,0.8,16,1500000,150000,1,1,4.5e-05,31.2161,7523296.0,0ns,0ns,0ns,0.0,0.0,0.0,0.0,0.009261,0.0,,,
cuckoo,uniform,1000000,0.01,0.5,read_mostly,1,0.8,16,1500000,150000,2,2,4.5e-05,31.2161,7862060.0,0ns,0ns,0ns,0.0,0.0,0.0,0.0,0.009261,0.0,,,
quotient,uniform,1000000,0.01,0.5,read_mostly,1,0.8,12,1500000,150000,0,0,0.001834,49.8007,7352832.0,0ns,0ns,0ns,0.0,0.0,0.0,,,,1.252392,2.407121,12.0
quotient,uniform,1000000,0.01,0.5,read_mostly,1,0.8,12,1500000,150000,1,1,0.001834,49.8007,7490341.0,0ns,0ns,0ns,0.0,0.0,0.0,,,,1.252392,2.407121,12.0
quotient,uniform,1000000,0.01,0.5,read_mostly,1,0.8,12,1500000,150000,2,2,0.001834,49.8007,7433678.0,0ns,0ns,0ns,0.0,0.0,0.0,,,,1.252392,2.407121,12.0
bloom,uniform,1000000,0.01,0.5,read_mostly,2,0.8,12,1500000,150000,0,0,0.035445,16.7772,20539820.0,0ns,0ns,0ns,0.0,0.0,0.0,,,,,,
bloom,uniform,1000000,0.01,0.5,read_mostly,2,0.8,12,1500000,150000,1,1,0.035445,16.7772,20417400.0,0ns,0ns,0ns,0.0,0.0,0.0,,,,,,
bloom,uniform,1000000,0.01,0.5,read_mostly,2,0.8,12,1500000,150000,2,2,0.035445,16.7772,20326390.0,0ns,0ns,0ns,0.0,0.0,0.0,,,,,,
xor,uniform,1000000,0.01,0.5,read_mostly,2,0.8,8,1500000,150000,0,0,0.003436,33.5544,17860650.0,0ns,0ns,0ns,0.0,0.0,0.0,,,,,,
xor,uniform,1000000,0.01,0.5,read_mostly,2,0.8,8,1500000,150000,1,1,0.003436,33.5544,17205510.0,0ns,0ns,0ns,0.0,0.0,0.0,,,,,,
xor,uniform,1000000,0.01,0.5,read_mostly,2,0.8,8,1500000,150000,2,2,0.003436,33.5544,17798110.0,0ns,0ns,0ns,0.0,0.0,0.0,,,,,,
xor,uniform,1000000,0.01,0.5,read_mostly,2,0.8,12,1500000,150000,0,0,0.000222,33.5544,19761910.0,0ns,0ns,0ns,0.0,0.0,0.0,,,,,,
xor,uniform,1000000,0.01,0.5,read_mostly,2,0.8,12,1500000,150000,1,1,0.000222,33.5544,18049040.0,0ns,0ns,0ns,0.0,0.0,0.0,,,,,,
xor,uniform,1000000,0.01,0.5,read_mostly,2,0.8,12,1500000,150000,2,2,0.000222,33.5544,19415260.0,0ns,0ns,0ns,0.0,0.0,0.0,,,,,,
xor,uniform,1000000,0.01,0.5,read_mostly,2,0.8,16,1500000,150000,0,0,1.4e-05,33.5544,17867010.0,0ns,0ns,0ns,0.0,0.0,0.0,,,,,,
xor,uniform,1000000,0.01,0.5,read_mostly,2,0.8,16,1500000,150000,1,1,1.4e-05,33.5544,18475550.0,0ns,0ns,0ns,0.0,0.0,0.0,,,,,,
xor,uniform,1000000,0.01,0.5,read_mostly,2,0.8,16,1500000,150000,2,2,1.4e-05,33.5544,17401070.0,0ns,0ns,0ns,0.0,0.0,0.0,,,,,,
cuckoo,uniform,1000000,0.01,0.5,read_mostly,2,0.8,8,1500000,150000,0,0,0.014732,31.2097,9144107.0,0ns,0ns,0ns,0.0,0.0,0.0,0.0,0.009364,0.0,,,
cuckoo,uniform,1000000,0.01,0.5,read_mostly,2,0.8,8,1500000,150000,1,1,0.014732,31.2097,8692240.0,0ns,0ns,0ns,0.0,0.0,0.0,0.0,0.009364,0.0,,,
cuckoo,uniform,1000000,0.01,0.5,read_mostly,2,0.8,8,1500000,150000,2,2,0.014732,31.2097,8913429.0,0ns,0ns,0ns,0.0,0.0,0.0,0.0,0.009365,0.0,,,
cuckoo,uniform,1000000,0.01,0.5,read_mostly,2,0.8,12,1500000,150000,0,0,0.000977,31.2097,9351412.0,0ns,0ns,0ns,0.0,0.0,0.0,0.0,0.00931,0.0,,,
cuckoo,uniform,1000000,0.01,0.5,read_mostly,2,0.8,12,1500000,150000,1,1,0.000977,31.2097,9038757.0,0ns,0ns,0ns,0.0,0.0,0.0,0.0,0.009311,0.0,,,
cuckoo,uniform,1000000,0.01,0.5,read_mostly,2,0.8,12,1500000,150000,2,2,0.000977,31.2097,9380613.0,0ns,0ns,0ns,0.0,0.0,0.0,0.0,0.009311,0.0,,,
cuckoo,uniform,1000000,0.01,0.5,read_mostly,2,0.8,16,1500000,150000,0,0,4.5e-05,31.2097,9184649.0,0ns,0ns,0ns,0.0,0.0,0.0,0.0,0.009265,0.0,,,
cuckoo,uniform,1000000,0.01,0.5,read_mostly,2,0.8,16,1500000,150000,1,1,4.5e-05,31.2097,9543154.0,0ns,0ns,0ns,0.0,0.0,0.0,0.0,0.009265,0.0,,,
cuckoo,uniform,1000000,0.01,0.5,read_mostly,2,0.8,16,1500000,150000,2,2,4.5e-05,31.2097,9426408.0,0ns,0ns,0ns,0.0,0.0,0.0,0.0,0.009264,0.0,,,
quotient,uniform,1000000,0.01,0.5,read_mostly,2,0.8,12,1500000,150000,0,0,0.001834,49.806,5990680.0,0ns,0ns,0ns,0.0,0.0,0.0,,,,1.252364,2.407121,12.0
quotient,uniform,1000000,0.01,0.5,read_mostly,2,0.8,12,1500000,150000,1,1,0.001834,49.806,3934019.0,0ns,0ns,0ns,0.0,0.0,0.0,,,,1.252393,2.407121,12.0
quotient,uniform,1000000,0.01,0.5,read_mostly,2,0.8,12,1500000,150000,2,2,0.001834,49.806,4683976.0,0ns,0ns,0ns,0.0,0.0,0.0,,,,1.252409,2.407121,12.0
bloom,uniform,1000000,0.01,0.5,read_mostly,4,0.8,12,1500000,150000,0,0,0.035445,16.7772,47764470.0,0ns,0ns,0ns,0.0,0.0,0.0,,,,,,
bloom,uniform,1000000,0.01,0.5,read_mostly,4,0.8,12,1500000,150000,1,1,0.035445,16.7772,46609260.0,0ns,0ns,0ns,0.0,0.0,0.0,,,,,,
bloom,uniform,1000000,0.01,0.5,read_mostly,4,0.8,12,1500000,150000,2,2,0.035445,16.7772,45862640.0,0ns,0ns,0ns,0.0,0.0,0.0,,,,,,
xor,uniform,1000000,0.01,0.5,read_mostly,4,0.8,8,1500000,150000,0,0,0.003436,33.5544,40361900.0,0ns,0ns,0ns,0.0,0.0,0.0,,,,,,
xor,uniform,1000000,0.01,0.5,read_mostly,4,0.8,8,1500000,150000,1,1,0.003436,33.5544,35303180.0,0ns,0ns,0ns,0.0,0.0,0.0,,,,,,
xor,uniform,1000000,0.01,0.5,read_mostly,4,0.8,8,1500000,150000,2,2,0.003436,33.5544,36931430.0,0ns,0ns,0ns,0.0,0.0,0.0,,,,,,
xor,uniform,1000000,0.01,0.5,read_mostly,4,0.8,12,1500000,150000,0,0,0.000222,33.5544,46074840.0,0ns,0ns,0ns,0.0,0.0,0.0,,,,,,
xor,uniform,1000000,0.01,0.5,read_mostly,4,0.8,12,1500000,150000,1,1,0.000222,33.5544,40127500.0,0ns,0ns,0ns,0.0,0.0,0.0,,,,,,
xor,uniform,1000000,0.01,0.5,read_mostly,4,0.8,12,1500000,150000,2,2,0.000222,33.5544,46966050.0,0ns,0ns,0ns,0.0,0.0,0.0,,,,,,
xor,uniform,1000000,0.01,0.5,read_mostly,4,0.8,16,1500000,150000,0,0,1.4e-05,33.5544,42375570.0,0ns,0ns,0ns,0.0,0.0,0.0,,,,,,
xor,uniform,1000000,0.01,0.5,read_mostly,4,0.8,16,1500000,150000,1,1,1.4e-05,33.5544,42347640.0,0ns,0ns,0ns,0.0,0.0,0.0,,,,,,
xor,uniform,1000000,0.01,0.5,read_mostly,4,0.8,16,1500000,150000,2,2,1.4e-05,33.5544,42472350.0,0ns,0ns,0ns,0.0,0.0,0.0,,,,,,
cuckoo,uniform,1000000,0.01,0.5,read_mostly,4,0.8,8,1500000,150000,0,0,0.014732,31.2068,4198696.0,0ns,0ns,0ns,0.0,0.0,0.0,0.0,0.009477,0.0,,,
cuckoo,uniform,1000000,0.01,0.5,read_mostly,4,0.8,8,1500000,150000,1,1,0.014732,31.2068,3365712.0,0ns,0ns,0ns,0.0,0.0,0.0,0.0,0.009495,0.0,,,
cuckoo,uniform,1000000,0.01,0.5,read_mostly,4,0.8,8,1500000,150000,2,2,0.014732,31.2068,3694761.0,0ns,0ns,0ns,0.0,0.0,0.0,0.0,0.00949,0.0,,,
cuckoo,uniform,1000000,0.01,0.5,read_mostly,4,0.8,12,1500000,150000,0,0,0.000977,31.2068,3585244.0,0ns,0ns,0ns,0.0,0.0,0.0,0.0,0.009397,0.0,,,
cuckoo,uniform,1000000,0.01,0.5,read_mostly,4,0.8,12,1500000,150000,1,1,0.000977,31.2068,3602679.0,0ns,0ns,0ns,0.0,0.0,0.0,0.0,0.009395,0.0,,,
cuckoo,uniform,1000000,0.01,0.5,read_mostly,4,0.8,12,1500000,150000,2,2,0.000977,31.2068,3821465.0,0ns,0ns,0ns,0.0,0.0,0.0,0.0,0.009371,0.0,,,
cuckoo,uniform,1000000,0.01,0.5,read_mostly,4,0.8,16,1500000,150000,0,0,4.5e-05,31.2068,3276152.0,0ns,0ns,0ns,0.0,0.0,0.0,0.0,0.009266,0.0,,,
cuckoo,uniform,1000000,0.01,0.5,read_mostly,4,0.8,16,1500000,150000,1,1,4.5e-05,31.2068,3139943.0,0ns,0ns,0ns,0.0,0.0,0.0,0.0,0.009263,0.0,,,
cuckoo,uniform,1000000,0.01,0.5,read_mostly,4,0.8,16,1500000,150000,2,2,4.5e-05,31.2068,3610976.0,0ns,0ns,0ns,0.0,0.0,0.0,0.0,0.009261,0.0,,,
quotient,uniform,1000000,0.01,0.5,read_mostly,4,0.8,12,1500000,150000,0,0,0.001834,49.8063,3241381.0,0ns,0ns,0ns,0.0,0.0,0.0,,,,1.251858,2.407121,12.0
quotient,uniform,1000000,0.01,0.5,read_mostly,4,0.8,12,1500000,150000,1,1,0.001834,49.8063,3197677.0,0ns,0ns,0ns,0.0,0.0,0.0,,,,1.252158,2.407121,12.0
quotient,uniform,1000000,0.01,0.5,read_mostly,4,0.8,12,1500000,150000,2,2,0.001834,49.8063,3027079.0,0ns,0ns,0ns,0.0,0.0,0.0,,,,1.252213,2.407121,12.0
bloom,uniform,1000000,0.01,0.5,read_mostly,8,0.8,12,1500000,150000,0,0,0.035445,16.7772,92381280.0,0ns,0ns,0ns,0.0,0.0,0.0,,,,,,
bloom,uniform,1000000,0.01,0.5,read_mostly,8,0.8,12,1500000,150000,1,1,0.035445,16.7772,87615670.0,0ns,0ns,0ns,0.0,0.0,0.0,,,,,,
bloom,uniform,1000000,0.01,0.5,read_mostly,8,0.8,12,1500000,150000,2,2,0.035445,16.7772,87470290.0,0ns,0ns,0ns,0.0,0.0,0.0,,,,,,
xor,uniform,1000000,0.01,0.5,read_mostly,8,0.8,8,1500000,150000,0,0,0.003436,33.5544,84157630.0,0ns,0ns,0ns,0.0,0.0,0.0,,,,,,
xor,uniform,1000000,0.01,0.5,read_mostly,8,0.8,8,1500000,150000,1,1,0.003436,33.5544,85338140.0,0ns,0ns,0ns,0.0,0.0,0.0,,,,,,
xor,uniform,1000000,0.01,0.5,read_mostly,8,0.8,8,1500000,150000,2,2,0.003436,33.5544,85861540.0,0ns,0ns,0ns,0.0,0.0,0.0,,,,,,
xor,uniform,1000000,0.01,0.5,read_mostly,8,0.8,12,1500000,150000,0,0,0.000222,33.5544,87486050.0,0ns,0ns,0ns,0.0,0.0,0.0,,,,,,
xor,uniform,1000000,0.01,0.5,read_mostly,8,0.8,12,1500000,150000,1,1,0.000222,33.5544,93849940.0,0ns,0ns,0ns,0.0,0.0,0.0,,,,,,
xor,uniform,1000000,0.01,0.5,read_mostly,8,0.8,12,1500000,150000,2,2,0.000222,33.5544,87001560.0,0ns,0ns,0ns,0.0,0.0,0.0,,,,,,
xor,uniform,1000000,0.01,0.5,read_mostly,8,0.8,16,1500000,150000,0,0,1.4e-05,33.5544,85461060.0,0ns,0ns,0ns,0.0,0.0,0.0,,,,,,
xor,uniform,1000000,0.01,0.5,read_mostly,8,0.8,16,1500000,150000,1,1,1.4e-05,33.5544,86772230.0,0ns,0ns,0ns,0.0,0.0,0.0,,,,,,
xor,uniform,1000000,0.01,0.5,read_mostly,8,0.8,16,1500000,150000,2,2,1.4e-05,33.5544,109332800.0,0ns,0ns,0ns,0.0,0.0,0.0,,,,,,
cuckoo,uniform,1000000,0.01,0.5,read_mostly,8,0.8,8,1500000,150000,0,0,0.014732,31.213,3498598.0,0ns,0ns,0ns,0.0,0.0,0.0,0.0,0.009357,0.0,,,
cuckoo,uniform,1000000,0.01,0.5,read_mostly,8,0.8,8,1500000,150000,1,1,0.014732,31.213,3017999.0,0ns,0ns,0ns,0.0,0.0,0.0,0.0,0.009361,0.0,,,
cuckoo,uniform,1000000,0.01,0.5,read_mostly,8,0.8,8,1500000,150000,2,2,0.014732,31.213,3135699.0,0ns,0ns,0ns,0.0,0.0,0.0,0.0,0.009365,0.0,,,
cuckoo,uniform,1000000,0.01,0.5,read_mostly,8,0.8,12,1500000,150000,0,0,0.000977,31.213,2932183.0,0ns,0ns,0ns,0.0,0.0,0.0,0.0,0.009306,0.0,,,
cuckoo,uniform,1000000,0.01,0.5,read_mostly,8,0.8,12,1500000,150000,1,1,0.000977,31.213,3042898.0,0ns,0ns,0ns,0.0,0.0,0.0,0.0,0.00931,0.0,,,
cuckoo,uniform,1000000,0.01,0.5,read_mostly,8,0.8,12,1500000,150000,2,2,0.000977,31.213,2866554.0,0ns,0ns,0ns,0.0,0.0,0.0,0.0,0.009308,0.0,,,
cuckoo,uniform,1000000,0.01,0.5,read_mostly,8,0.8,16,1500000,150000,0,0,4.5e-05,31.213,3041709.0,0ns,0ns,0ns,0.0,0.0,0.0,0.0,0.009283,0.0,,,
cuckoo,uniform,1000000,0.01,0.5,read_mostly,8,0.8,16,1500000,150000,1,1,4.5e-05,31.213,3090137.0,0ns,0ns,0ns,0.0,0.0,0.0,0.0,0.009312,0.0,,,
cuckoo,uniform,1000000,0.01,0.5,read_mostly,8,0.8,16,1500000,150000,2,2,4.5e-05,31.213,2658719.0,0ns,0ns,0ns,0.0,0.0,0.0,0.0,0.009298,0.0,,,
quotient,uniform,1000000,0.01,0.5,read_mostly,8,0.8,12,1500000,150000,0,0,0.001834,49.8105,2726937.0,0ns,0ns,0ns,0.0,0.0,0.0,,,,1.251656,2.407121,12.0
quotient,uniform,1000000,0.01,0.5,read_mostly,8,0.8,12,1500000,150000,1,1,0.001834,49.8105,2706525.0,0ns,0ns,0ns,0.0,0.0,0.0,,,,1.251658,2.407121,12.0
quotient,uniform,1000000,0.01,0.5,read_mostly,8,0.8,12,1500000,150000,2,2,0.001834,49.8105,2794238.0,0ns,0ns,0ns,0.0,0.0,0.0,,,,1.251605,2.407121,12.0
bloom,uniform,1000000,0.01,0.5,read_mostly,12,0.8,12,1500000,150000,0,0,0.035445,16.7772,105826400.0,0ns,0ns,0ns,0.0,0.0,0.0,,,,,,
bloom,uniform,1000000,0.01,0.5,read_mostly,12,0.8,12,1500000,150000,1,1,0.035445,16.7772,107999700.0,0ns,0ns,0ns,0.0,0.0,0.0,,,,,,
bloom,uniform,1000000,0.01,0.5,read_mostly,12,0.8,12,1500000,150000,2,2,0.035445,16.7772,98294030.0,0ns,0ns,0ns,0.0,0.0,0.0,,,,,,
xor,uniform,1000000,0.01,0.5,read_mostly,12,0.8,8,1500000,150000,0,0,0.003436,33.5544,75526060.0,0ns,0ns,0ns,0.0,0.0,0.0,,,,,,
xor,uniform,1000000,0.01,0.5,read_mostly,12,0.8,8,1500000,150000,1,1,0.003436,33.5544,101060100.0,0ns,0ns,0ns,0.0,0.0,0.0,,,,,,
xor,uniform,1000000,0.01,0.5,read_mostly,12,0.8,8,1500000,150000,2,2,0.003436,33.5544,129136600.0,0ns,0ns,0ns,0.0,0.0,0.0,,,,,,
xor,uniform,1000000,0.01,0.5,read_mostly,12,0.8,12,1500000,150000,0,0,0.000222,33.5544,138534700.0,0ns,0ns,0ns,0.0,0.0,0.0,,,,,,
xor,uniform,1000000,0.01,0.5,read_mostly,12,0.8,12,1500000,150000,1,1,0.000222,33.5544,137935500.0,0ns,0ns,0ns,0.0,0.0,0.0,,,,,,
xor,uniform,1000000,0.01,0.5,read_mostly,12,0.8,12,1500000,150000,2,2,0.000222,33.5544,137389000.0,0ns,0ns,0ns,0.0,0.0,0.0,,,,,,
xor,uniform,1000000,0.01,0.5,read_mostly,12,0.8,16,1500000,150000,0,0,1.4e-05,33.5544,137695600.0,0ns,0ns,0ns,0.0,0.0,0.0,,,,,,
xor,uniform,1000000,0.01,0.5,read_mostly,12,0.8,16,1500000,150000,1,1,1.4e-05,33.5544,107021700.0,0ns,0ns,0ns,0.0,0.0,0.0,,,,,,
xor,uniform,1000000,0.01,0.5,read_mostly,12,0.8,16,1500000,150000,2,2,1.4e-05,33.5544,130341800.0,0ns,0ns,0ns,0.0,0.0,0.0,,,,,,
cuckoo,uniform,1000000,0.01,0.5,read_mostly,12,0.8,8,1500000,150000,0,0,0.014732,31.224,2926762.0,0ns,0ns,0ns,0.0,0.0,0.0,0.0,0.009336,0.0,,,
cuckoo,uniform,1000000,0.01,0.5,read_mostly,12,0.8,8,1500000,150000,1,1,0.014732,31.224,2677773.0,0ns,0ns,0ns,0.0,0.0,0.0,0.0,0.009347,0.0,,,
cuckoo,uniform,1000000,0.01,0.5,read_mostly,12,0.8,8,1500000,150000,2,2,0.014732,31.224,2692839.0,0ns,0ns,0ns,0.0,0.0,0.0,0.0,0.009359,0.0,,,
cuckoo,uniform,1000000,0.01,0.5,read_mostly,12,0.8,12,1500000,150000,0,0,0.000977,31.224,2759391.0,0ns,0ns,0ns,0.0,0.0,0.0,0.0,0.009224,0.0,,,
cuckoo,uniform,1000000,0.01,0.5,read_mostly,12,0.8,12,1500000,150000,1,1,0.000977,31.224,2684005.0,0ns,0ns,0ns,0.0,0.0,0.0,0.0,0.009225,0.0,,,
cuckoo,uniform,1000000,0.01,0.5,read_mostly,12,0.8,12,1500000,150000,2,2,0.000977,31.224,2686929.0,0ns,0ns,0ns,0.0,0.0,0.0,0.0,0.009236,0.0,,,
cuckoo,uniform,1000000,0.01,0.5,read_mostly,12,0.8,16,1500000,150000,0,0,4.5e-05,31.224,2795271.0,0ns,0ns,0ns,0.0,0.0,0.0,0.0,0.00927,0.0,,,
cuckoo,uniform,1000000,0.01,0.5,read_mostly,12,0.8,16,1500000,150000,1,1,4.5e-05,31.224,2737813.0,0ns,0ns,0ns,0.0,0.0,0.0,0.0,0.009267,0.0,,,
cuckoo,uniform,1000000,0.01,0.5,read_mostly,12,0.8,16,1500000,150000,2,2,4.5e-05,31.224,2717406.0,0ns,0ns,0ns,0.0,0.0,0.0,0.0,0.009264,0.0,,,
quotient,uniform,1000000,0.01,0.5,read_mostly,12,0.8,12,1500000,150000,0,0,0.001834,49.8098,2370154.0,0ns,0ns,0ns,0.0,0.0,0.0,,,,1.251703,2.407121,12.0
quotient,uniform,1000000,0.01,0.5,read_mostly,12,0.8,12,1500000,150000,1,1,0.001834,49.8098,2381265.0,0ns,0ns,0ns,0.0,0.0,0.0,,,,1.251858,2.407121,12.0
quotient,uniform,1000000,0.01,0.5,read_mostly,12,0.8,12,1500000,150000,2,2,0.001834,49.8098,2401100.0,0ns,0ns,0ns,0.0,0.0,0.0,,,,1.251932,2.407121,12.0
bloom,uniform,1000000,0.01,0.5,balanced,1,0.8,12,1500000,150000,0,0,0.035445,16.7772,15018220.0,0ns,0ns,0ns,0.0,0.0,0.0,,,,,,
bloom,uniform,1000000,0.01,0.5,balanced,1,0.8,12,1500000,150000,1,1,0.035445,16.7772,15342910.0,0ns,0ns,0ns,0.0,0.0,0.0,,,,,,
bloom,uniform,1000000,0.01,0.5,balanced,1,0.8,12,1500000,150000,2,2,0.035445,16.7772,16871180.0,0ns,0ns,0ns,0.0,0.0,0.0,,,,,,
xor,uniform,1000000,0.01,0.5,balanced,1,0.8,8,1500000,150000,0,0,0.003436,33.5544,16929890.0,0ns,0ns,0ns,0.0,0.0,0.0,,,,,,
xor,uniform,1000000,0.01,0.5,balanced,1,0.8,8,1500000,150000,1,1,0.003436,33.5544,16599930.0,0ns,0ns,0ns,0.0,0.0,0.0,,,,,,
xor,uniform,1000000,0.01,0.5,balanced,1,0.8,8,1500000,150000,2,2,0.003436,33.5544,14526160.0,0ns,0ns,0ns,0.0,0.0,0.0,,,,,,
xor,uniform,1000000,0.01,0.5,balanced,1,0.8,12,1500000,150000,0,0,0.000222,33.5544,15505500.0,0ns,0ns,0ns,0.0,0.0,0.0,,,,,,
xor,uniform,1000000,0.01,0.5,balanced,1,0.8,12,1500000,150000,1,1,0.000222,33.5544,16438780.0,0ns,0ns,0ns,0.0,0.0,0.0,,,,,,
xor,uniform,1000000,0.01,0.5,balanced,1,0.8,12,1500000,150000,2,2,0.000222,33.5544,16058850.0,0ns,0ns,0ns,0.0,0.0,0.0,,,,,,
xor,uniform,1000000,0.01,0.5,balanced,1,0.8,16,1500000,150000,0,0,1.4e-05,33.5544,16753850.0,0ns,0ns,0ns,0.0,0.0,0.0,,,,,,
xor,uniform,1000000,0.01,0.5,balanced,1,0.8,16,1500000,150000,1,1,1.4e-05,33.5544,16150590.0,0ns,0ns,0ns,0.0,0.0,0.0,,,,,,
xor,uniform,1000000,0.01,0.5,balanced,1,0.8,16,1500000,150000,2,2,1.4e-05,33.5544,15465590.0,0ns,0ns,0ns,0.0,0.0,0.0,,,,,,
cuckoo,uniform,1000000,0.01,0.5,balanced,1,0.8,8,1500000,150000,0,0,0.014732,28.6579,10278080.0,0ns,0ns,0ns,0.0,0.0,0.0,0.0,0.249484,1110.0,,,
cuckoo,uniform,1000000,0.01,0.5,balanced,1,0.8,8,1500000,150000,1,1,0.014732,28.6579,10382010.0,0ns,0ns,0ns,0.0,0.0,0.0,0.0,0.249484,1110.0,,,
cuckoo,uniform,1000000,0.01,0.5,balanced,1,0.8,8,1500000,150000,2,2,0.014732,28.6579,10607560.0,0ns,0ns,0ns,0.0,0.0,0.0,0.0,0.249484,1110.0,,,
cuckoo,uniform,1000000,0.01,0.5,balanced,1,0.8,12,1500000,150000,0,0,0.000977,28.6306,10051590.0,0ns,0ns,0ns,0.0,0.0,0.0,1.6e-05,0.248741,1009.0,,,
cuckoo,uniform,1000000,0.01,0.5,balanced,1,0.8,12,1500000,150000,1,1,0.000977,28.6306,9539463.0,0ns,0ns,0ns,0.0,0.0,0.0,1.6e-05,0.248741,1009.0,,,
cuckoo,uniform,1000000,0.01,0.5,balanced,1,0.8,12,1500000,150000,2,2,0.000977,28.6306,10136270.0,0ns,0ns,0ns,0.0,0.0,0.0,1.6e-05,0.248741,1009.0,,,
cuckoo,uniform,1000000,0.01,0.5,balanced,1,0.8,16,1500000,150000,0,0,4.5e-05,28.6292,9886300.0,0ns,0ns,0ns,0.0,0.0,0.0,0.000212,0.248097,99.0,,,
cuckoo,uniform,1000000,0.01,0.5,balanced,1,0.8,16,1500000,150000,1,1,4.5e-05,28.6292,10031990.0,0ns,0ns,0ns,0.0,0.0,0.0,0.000212,0.248097,99.0,,,
cuckoo,uniform,1000000,0.01,0.5,balanced,1,0.8,16,1500000,150000,2,2,4.5e-05,28.6292,9925122.0,0ns,0ns,0ns,0.0,0.0,0.0,0.000212,0.248097,99.0,,,
quotient,uniform,1000000,0.01,0.5,balanced,1,0.8,12,1500000,150000,0,0,0.001834,49.6563,7585259.0,0ns,0ns,0ns,0.0,0.0,0.0,,,,1.249501,2.407121,12.0
quotient,uniform,1000000,0.01,0.5,balanced,1,0.8,12,1500000,150000,1,1,0.001834,49.6563,7449890.0,0ns,0ns,0ns,0.0,0.0,0.0,,,,1.249501,2.407121,12.0
quotient,uniform,1000000,0.01,0.5,balanced,1,0.8,12,1500000,150000,2,2,0.001834,49.6563,7249053.0,0ns,0ns,0ns,0.0,0.0,0.0,,,,1.249501,2.407121,12.0
bloom,uniform,1000000,0.01,0.5,balanced,2,0.8,12,1500000,150000,0,0,0.035445,16.7772,23113040.0,0ns,0ns,0ns,0.0,0.0,0.0,,,,,,
bloom,uniform,1000000,0.01,0.5,balanced,2,0.8,12,1500000,150000,1,1,0.035445,16.7772,24664600.0,0ns,0ns,0ns,0.0,0.0,0.0,,,,,,
bloom,uniform,1000000,0.01,0.5,balanced,2,0.8,12,1500000,150000,2,2,0.035445,16.7772,22500780.0,0ns,0ns,0ns,0.0,0.0,0.0,,,,,,
xor,uniform,1000000,0.01,0.5,balanced,2,0.8,8,1500000,150000,0,0,0.003436,33.5544,21712300.0,0ns,0ns,0ns,0.0,0.0,0.0,,,,,,
xor,uniform,1000000,0.01,0.5,balanced,2,0.8,8,1500000,150000,1,1,0.003436,33.5544,18771090.0,0ns,0ns,0ns,0.0,0.0,0.0,,,,,,
xor,uniform,1000000,0.01,0.5,balanced,2,0.8,8,1500000,150000,2,2,0.003436,33.5544,16190010.0,0ns,0ns,0ns,0.0,0.0,0.0,,,,,,
xor,uniform,1000000,0.01,0.5,balanced,2,0.8,12,1500000,150000,0,0,0.000222,33.5544,21341500.0,0ns,0ns,0ns,0.0,0.0,0.0,,,,,,
xor,uniform,1000000,0.01,0.5,balanced,2,0.8,12,1500000,150000,1,1,0.000222,33.5544,16390480.0,0ns,0ns,0ns,0.0,0.0,0.0,,,,,,
xor,uniform,1000000,0.01,0.5,balanced,2,0.8,12,1500000,150000,2,2,0.000222,33.5544,20184630.0,0ns,0ns,0ns,0.0,0.0,0.0,,,,,,
xor,uniform,1000000,0.01,0.5,balanced,2,0.8,16,1500000,150000,0,0,1.4e-05,33.5544,21628360.0,0ns,0ns,0ns,0.0,0.0,0.0,,,,,,
xor,uniform,1000000,0.01,0.5,balanced,2,0.8,16,1500000,150000,1,1,1.4e-05,33.5544,22423050.0,0ns,0ns,0ns,0.0,0.0,0.0,,,,,,
xor,uniform,1000000,0.01,0.5,balanced,2,0.8,16,1500000,150000,2,2,1.4e-05,33.5544,19438340.0,0ns,0ns,0ns,0.0,0.0,0.0,,,,,,
cuckoo,uniform,1000000,0.01,0.5,balanced,2,0.8,8,1500000,150000,0,0,0.014732,28.6598,5690225.0,0ns,0ns,0ns,0.0,0.0,0.0,0.0,0.264746,1352.0,,,
cuckoo,uniform,1000000,0.01,0.5,balanced,2,0.8,8,1500000,150000,1,1,0.014732,28.66,5442786.0,0ns,0ns,0ns,0.0,0.0,0.0,0.0,0.265438,1329.0,,,
cuckoo,uniform,1000000,0.01,0.5,balanced,2,0.8,8,1500000,150000,2,2,0.014732,28.66,5262544.0,0ns,0ns,0ns,0.0,0.0,0.0,0.0,0.265259,1363.0,,,
cuckoo,uniform,1000000,0.01,0.5,balanced,2,0.8,12,1500000,150000,0,0,0.000977,28.632,4917698.0,0ns,0ns,0ns,0.0,0.0,0.0,2.9e-05,0.261511,1123.0,,,
cuckoo,uniform,1000000,0.01,0.5,balanced,2,0.8,12,1500000,150000,1,1,0.000977,28.6322,5379345.0,0ns,0ns,0ns,0.0,0.0,0.0,3e-05,0.261404,1105.0,,,
cuckoo,uniform,1000000,0.01,0.5,balanced,2,0.8,12,1500000,150000,2,2,0.000977,28.6325,5492748.0,0ns,0ns,0ns,0.0,0.0,0.0,2.9e-05,0.26054,1111.0,,,
cuckoo,uniform,1000000,0.01,0.5,balanced,2,0.8,16,1500000,150000,0,0,4.5e-05,28.6309,5419488.0,0ns,0ns,0ns,0.0,0.0,0.0,0.000223,0.254883,115.0,,,
cuckoo,uniform,1000000,0.01,0.5,balanced,2,0.8,16,1500000,150000,1,1,4.5e-05,28.6307,5363208.0,0ns,0ns,0ns,0.0,0.0,0.0,0.000223,0.254912,115.0,,,
cuckoo,uniform,1000000,0.01,0.5,balanced,2,0.8,16,1500000,150000,2,2,4.5e-05,28.6309,5576110.0,0ns,0ns,0ns,0.0,0.0,0.0,0.000223,0.254534,112.0,,,
quotient,uniform,1000000,0.01,0.5,balanced,2,0.8,12,1500000,150000,0,0,0.001834,49.6531,1885739.0,0ns,0ns,0ns,0.0,0.0,0.0,,,,1.249486,2.407121,12.0
quotient,uniform,1000000,0.01,0.5,balanced,2,0.8,12,1500000,150000,1,1,0.001834,49.6531,1878704.0,0ns,0ns,0ns,0.0,0.0,0.0,,,,1.249493,2.407121,12.0
quotient,uniform,1000000,0.01,0.5,balanced,2,0.8,12,1500000,150000,2,2,0.001834,49.6529,1854771.0,0ns,0ns,0ns,0.0,0.0,0.0,,,,1.249495,2.407121,12.0
bloom,uniform,1000000,0.01,0.5,balanced,4,0.8,12,1500000,150000,0,0,0.035445,16.7772,52745610.0,0ns,0ns,0ns,0.0,0.0,0.0,,,,,,
bloom,uniform,1000000,0.01,0.5,balanced,4,0.8,12,1500000,150000,1,1,0.035445,16.7772,50005040.0,0ns,0ns,0ns,0.0,0.0,0.0,,,,,,
bloom,uniform,1000000,0.01,0.5,balanced,4,0.8,12,1500000,150000,2,2,0.035445,16.7772,50940650.0,0ns,0ns,0ns,0.0,0.0,0.0,,,,,,
xor,uniform,1000000,0.01,0.5,balanced,4,0.8,8,1500000,150000,0,0,0.003436,33.5544,41620580.0,0ns,0ns,0ns,0.0,0.0,0.0,,,,,,
xor,uniform,1000000,0.01,0.5,balanced,4,0.8,8,1500000,150000,1,1,0.003436,33.5544,47559290.0,0ns,0ns,0ns,0.0,0.0,0.0,,,,,,
xor,uniform,1000000,0.01,0.5,balanced,4,0.8,8,1500000,150000,2,2,0.003436,33.5544,43614590.0,0ns,0ns,0ns,0.0,0.0,0.0,,,,,,
xor,uniform,1000000,0.01,0.5,balanced,4,0.8,12,1500000,150000,0,0,0.000222,33.5544,46206960.0,0ns,0ns,0ns,0.0,0.0,0.0,,,,,,
xor,uniform,1000000,0.01,0.5,balanced,4,0.8,12,1500000,150000,1,1,0.000222,33.5544,46470160.0,0ns,0ns,0ns,0.0,0.0,0.0,,,,,,
xor,uniform,1000000,0.01,0.5,balanced,4,0.8,12,1500000,150000,2,2,0.000222,33.5544,41304500.0,0ns,0ns,0ns,0.0,0.0,0.0,,,,,,
xor,uniform,1000000,0.01,0.5,balanced,4,0.8,16,1500000,150000,0,0,1.4e-05,33.5544,40568280.0,0ns,0ns,0ns,0.0,0.0,0.0,,,,,,
xor,uniform,1000000,0.01,0.5,balanced,4,0.8,16,1500000,150000,1,1,1.4e-05,33.5544,41080430.0,0ns,0ns,0ns,0.0,0.0,0.0,,,,,,
xor,uniform,1000000,0.01,0.5,balanced,4,0.8,16,1500000,150000,2,2,1.4e-05,33.5544,42939890.0,0ns,0ns,0ns,0.0,0.0,0.0,,,,,,
cuckoo,uniform,1000000,0.01,0.5,balanced,4,0.8,8,1500000,150000,0,0,0.014732,28.661,2254873.0,0ns,0ns,0ns,0.0,0.0,0.0,0.0,0.28778,1558.0,,,
cuckoo,uniform,1000000,0.01,0.5,balanced,4,0.8,8,1500000,150000,1,1,0.014732,28.6611,2296083.0,0ns,0ns,0ns,0.0,0.0,0.0,0.0,0.287291,1495.0,,,
cuckoo,uniform,1000000,0.01,0.5,balanced,4,0.8,8,1500000,150000,2,2,0.014732,28.6606,2177879.0,0ns,0ns,0ns,0.0,0.0,0.0,0.0,0.287517,1407.0,,,
cuckoo,uniform,1000000,0.01,0.5,balanced,4,0.8,12,1500000,150000,0,0,0.000977,28.6326,2224225.0,0ns,0ns,0ns,0.0,0.0,0.0,2.4e-05,0.276709,1194.0,,,
cuckoo,uniform,1000000,0.01,0.5,balanced,4,0.8,12,1500000,150000,1,1,0.000977,28.6329,2272247.0,0ns,0ns,0ns,0.0,0.0,0.0,2.1e-05,0.277292,1140.0,,,
cuckoo,uniform,1000000,0.01,0.5,balanced,4,0.8,12,1500000,150000,2,2,0.000977,28.6325,2335397.0,0ns,0ns,0ns,0.0,0.0,0.0,3.1e-05,0.278677,1120.0,,,
cuckoo,uniform,1000000,0.01,0.5,balanced,4,0.8,16,1500000,150000,0,0,4.5e-05,28.6332,2174620.0,0ns,0ns,0ns,0.0,0.0,0.0,0.000286,0.292989,104.0,,,
cuckoo,uniform,1000000,0.01,0.5,balanced,4,0.8,16,1500000,150000,1,1,4.5e-05,28.6313,2244914.0,0ns,0ns,0ns,0.0,0.0,0.0,0.000276,0.288129,106.0,,,
cuckoo,uniform,1000000,0.01,0.5,balanced,4,0.8,16,1500000,150000,2,2,4.5e-05,28.6334,2156696.0,0ns,0ns,0ns,0.0,0.0,0.0,0.000276,0.29121,103.0,,,
quotient,uniform,1000000,0.01,0.5,balanced,4,0.8,12,1500000,150000,0,0,0.001834,49.6617,1598780.0,0ns,0ns,0ns,0.0,0.0,0.0,,,,1.24908,2.407121,12.0
quotient,uniform,1000000,0.01,0.5,balanced,4,0.8,12,1500000,150000,1,1,0.001834,49.6615,1619599.0,0ns,0ns,0ns,0.0,0.0,0.0,,,,1.249102,2.407121,12.0
quotient,uniform,1000000,0.01,0.5,balanced,4,0.8,12,1500000,150000,2,2,0.001834,49.6596,1634938.0,0ns,0ns,0ns,0.0,0.0,0.0,,,,1.249022,2.407121,12.0
bloom,uniform,1000000,0.01,0.5,balanced,8,0.8,12,1500000,150000,0,0,0.035445,16.7772,94131210.0,0ns,0ns,0ns,0.0,0.0,0.0,,,,,,
bloom,uniform,1000000,0.01,0.5,balanced,8,0.8,12,1500000,150000,1,1,0.035445,16.7772,88929270.0,0ns,0ns,0ns,0.0,0.0,0.0,,,,,,
bloom,uniform,1000000,0.01,0.5,balanced,8,0.8,12,1500000,150000,2,2,0.035445,16.7772,89880490.0,0ns,0ns,0ns,0.0,0.0,0.0,,,,,,
xor,uniform,1000000,0.01,0.5,balanced,8,0.8,8,1500000,150000,0,0,0.003436,33.5544,79179920.0,0ns,0ns,0ns,0.0,0.0,0.0,,,,,,
xor,uniform,1000000,0.01,0.5,balanced,8,0.8,8,1500000,150000,1,1,0.003436,33.5544,84674770.0,0ns,0ns,0ns,0.0,0.0,0.0,,,,,,
xor,uniform,1000000,0.01,0.5,balanced,8,0.8,8,1500000,150000,2,2,0.003436,33.5544,82936430.0,0ns,0ns,0ns,0.0,0.0,0.0,,,,,,
xor,uniform,1000000,0.01,0.5,balanced,8,0.8,12,1500000,150000,0,0,0.000222,33.5544,78621920.0,0ns,0ns,0ns,0.0,0.0,0.0,,,,,,
xor,uniform,1000000,0.01,0.5,balanced,8,0.8,12,1500000,150000,1,1,0.000222,33.5544,86408810.0,0ns,0ns,0ns,0.0,0.0,0.0,,,,,,
xor,uniform,1000000,0.01,0.5,balanced,8,0.8,12,1500000,150000,2,2,0.000222,33.5544,78452700.0,0ns,0ns,0ns,0.0,0.0,0.0,,,,,,
xor,uniform,1000000,0.01,0.5,balanced,8,0.8,16,1500000,150000,0,0,1.4e-05,33.5544,86531430.0,0ns,0ns,0ns,0.0,0.0,0.0,,,,,,
xor,uniform,1000000,0.01,0.5,balanced,8,0.8,16,1500000,150000,1,1,1.4e-05,33.5544,100808400.0,0ns,0ns,0ns,0.0,0.0,0.0,,,,,,
xor,uniform,1000000,0.01,0.5,balanced,8,0.8,16,1500000,150000,2,2,1.4e-05,33.5544,82776160.0,0ns,0ns,0ns,0.0,0.0,0.0,,,,,,
cuckoo,uniform,1000000,0.01,0.5,balanced,8,0.8,8,1500000,150000,0,0,0.014732,28.6839,2015157.0,0ns,0ns,0ns,0.0,0.0,0.0,0.0,0.287133,1331.0,,,
cuckoo,uniform,1000000,0.01,0.5,balanced,8,0.8,8,1500000,150000,1,1,0.014732,28.6852,1927009.0,0ns,0ns,0ns,0.0,0.0,0.0,0.0,0.28875,1440.0,,,
cuckoo,uniform,1000000,0.01,0.5,balanced,8,0.8,8,1500000,150000,2,2,0.014732,28.6845,1891637.0,0ns,0ns,0ns,0.0,0.0,0.0,0.0,0.290515,1490.0,,,
cuckoo,uniform,1000000,0.01,0.5,balanced,8,0.8,12,1500000,150000,0,0,0.000977,28.6592,1919367.0,0ns,0ns,0ns,0.0,0.0,0.0,5.2e-05,0.287772,1206.0,,,
cuckoo,uniform,1000000,0.01,0.5,balanced,8,0.8,12,1500000,150000,1,1,0.000977,28.6556,1847684.0,0ns,0ns,0ns,0.0,0.0,0.0,7.3e-05,0.287901,1233.0,,,
cuckoo,uniform,1000000,0.01,0.5,balanced,8,0.8,12,1500000,150000,2,2,0.000977,28.6575,1855910.0,0ns,0ns,0ns,0.0,0.0,0.0,4.4e-05,0.283237,1217.0,,,
cuckoo,uniform,1000000,0.01,0.5,balanced,8,0.8,16,1500000,150000,0,0,4.5e-05,28.6549,1868132.0,0ns,0ns,0ns,0.0,0.0,0.0,0.00029,0.290261,136.0,,,
cuckoo,uniform,1000000,0.01,0.5,balanced,8,0.8,16,1500000,150000,1,1,4.5e-05,28.657,1611406.0,0ns,0ns,0ns,0.0,0.0,0.0,0.000301,0.293455,135.0,,,
cuckoo,uniform,1000000,0.01,0.5,balanced,8,0.8,16,1500000,150000,2,2,4.5e-05,28.6568,1804149.0,0ns,0ns,0ns,0.0,0.0,0.0,0.000298,0.291554,118.0,,,
quotient,uniform,1000000,0.01,0.5,balanced,8,0.8,12,1500000,150000,0,0,0.001834,49.6529,1511187.0,0ns,0ns,0ns,0.0,0.0,0.0,,,,1.248068,2.407121,12.0
quotient,uniform,1000000,0.01,0.5,balanced,8,0.8,12,1500000,150000,1,1,0.001834,49.6542,1465192.0,0ns,0ns,0ns,0.0,0.0,0.0,,,,1.248354,2.407121,12.0
quotient,uniform,1000000,0.01,0.5,balanced,8,0.8,12,1500000,150000,2,2,0.001834,49.6519,1491370.0,0ns,0ns,0ns,0.0,0.0,0.0,,,,1.248062,2.407121,12.0
bloom,uniform,1000000,0.01,0.5,balanced,12,0.8,12,1500000,150000,0,0,0.035445,16.7772,105720300.0,0ns,0ns,0ns,0.0,0.0,0.0,,,,,,
bloom,uniform,1000000,0.01,0.5,balanced,12,0.8,12,1500000,150000,1,1,0.035445,16.7772,105665400.0,0ns,0ns,0ns,0.0,0.0,0.0,,,,,,
bloom,uniform,1000000,0.01,0.5,balanced,12,0.8,12,1500000,150000,2,2,0.035445,16.7772,104157800.0,0ns,0ns,0ns,0.0,0.0,0.0,,,,,,
xor,uniform,1000000,0.01,0.5,balanced,12,0.8,8,1500000,150000,0,0,0.003436,33.5544,123907100.0,0ns,0ns,0ns,0.0,0.0,0.0,,,,,,
xor,uniform,1000000,0.01,0.5,balanced,12,0.8,8,1500000,150000,1,1,0.003436,33.5544,114820400.0,0ns,0ns,0ns,0.0,0.0,0.0,,,,,,
xor,uniform,1000000,0.01,0.5,balanced,12,0.8,8,1500000,150000,2,2,0.003436,33.5544,104891600.0,0ns,0ns,0ns,0.0,0.0,0.0,,,,,,
xor,uniform,1000000,0.01,0.5,balanced,12,0.8,12,1500000,150000,0,0,0.000222,33.5544,134748600.0,0ns,0ns,0ns,0.0,0.0,0.0,,,,,,
xor,uniform,1000000,0.01,0.5,balanced,12,0.8,12,1500000,150000,1,1,0.000222,33.5544,135846100.0,0ns,0ns,0ns,0.0,0.0,0.0,,,,,,
xor,uniform,1000000,0.01,0.5,balanced,12,0.8,12,1500000,150000,2,2,0.000222,33.5544,135686800.0,0ns,0ns,0ns,0.0,0.0,0.0,,,,,,
xor,uniform,1000000,0.01,0.5,balanced,12,0.8,16,1500000,150000,0,0,1.4e-05,33.5544,137187500.0,0ns,0ns,0ns,0.0,0.0,0.0,,,,,,
xor,uniform,1000000,0.01,0.5,balanced,12,0.8,16,1500000,150000,1,1,1.4e-05,33.5544,136034200.0,0ns,0ns,0ns,0.0,0.0,0.0,,,,,,
xor,uniform,1000000,0.01,0.5,balanced,12,0.8,16,1500000,150000,2,2,1.4e-05,33.5544,137668700.0,0ns,0ns,0ns,0.0,0.0,0.0,,,,,,
cuckoo,uniform,1000000,0.01,0.5,balanced,12,0.8,8,1500000,150000,0,0,0.014732,28.6672,1888350.0,0ns,0ns,0ns,0.0,0.0,0.0,0.0,0.279459,1493.0,,,
cuckoo,uniform,1000000,0.01,0.5,balanced,12,0.8,8,1500000,150000,1,1,0.014732,28.6671,1805360.0,0ns,0ns,0ns,0.0,0.0,0.0,0.0,0.275866,1380.0,,,
cuckoo,uniform,1000000,0.01,0.5,balanced,12,0.8,8,1500000,150000,2,2,0.014732,28.6678,1797474.0,0ns,0ns,0ns,0.0,0.0,0.0,0.0,0.280917,1434.0,,,
cuckoo,uniform,1000000,0.01,0.5,balanced,12,0.8,12,1500000,150000,0,0,0.000977,28.6436,1789045.0,0ns,0ns,0ns,0.0,0.0,0.0,4.8e-05,0.277235,1244.0,,,
cuckoo,uniform,1000000,0.01,0.5,balanced,12,0.8,12,1500000,150000,1,1,0.000977,28.6401,1795857.0,0ns,0ns,0ns,0.0,0.0,0.0,4.8e-05,0.277562,1356.0,,,
cuckoo,uniform,1000000,0.01,0.5,balanced,12,0.8,12,1500000,150000,2,2,0.000977,28.6401,1767404.0,0ns,0ns,0ns,0.0,0.0,0.0,3.9e-05,0.278151,1235.0,,,
cuckoo,uniform,1000000,0.01,0.5,balanced,12,0.8,16,1500000,150000,0,0,4.5e-05,28.6398,1718829.0,0ns,0ns,0ns,0.0,0.0,0.0,0.000267,0.274978,101.0,,,
cuckoo,uniform,1000000,0.01,0.5,balanced,12,0.8,16,1500000,150000,1,1,4.5e-05,28.6393,1731836.0,0ns,0ns,0ns,0.0,0.0,0.0,0.000274,0.279867,108.0,,,
cuckoo,uniform,1000000,0.01,0.5,balanced,12,0.8,16,1500000,150000,2,2,4.5e-05,28.638,1731049.0,0ns,0ns,0ns,0.0,0.0,0.0,0.000269,0.275906,100.0,,,
quotient,uniform,1000000,0.01,0.5,balanced,12,0.8,12,1500000,150000,0,0,0.001834,49.6514,1437605.0,0ns,0ns,0ns,0.0,0.0,0.0,,,,1.24854,2.407121,12.0
quotient,uniform,1000000,0.01,0.5,balanced,12,0.8,12,1500000,150000,1,1,0.001834,49.6538,1439721.0,0ns,0ns,0ns,0.0,0.0,0.0,,,,1.248761,2.407121,12.0
quotient,uniform,1000000,0.01,0.5,balanced,12,0.8,12,1500000,150000,2,2,0.001834,49.655,1453018.0,0ns,0ns,0ns,0.0,0.0,0.0,,,,1.248772,2.407121,12.0
bloom,sequential,1000000,0.01,0.5,read_mostly,1,0.8,12,1500000,150000,0,0,0.035322,16.7772,15396450.0,0ns,0ns,0ns,0.0,0.0,0.0,,,,,,
bloom,sequential,1000000,0.01,0.5,read_mostly,1,0.8,12,1500000,150000,1,1,0.035322,16.7772,15618790.0,0ns,0ns,0ns,0.0,0.0,0.0,,,,,,
bloom,sequential,1000000,0.01,0.5,read_mostly,1,0.8,12,1500000,150000,2,2,0.035322,16.7772,16277190.0,0ns,0ns,0ns,0.0,0.0,0.0,,,,,,
xor,sequential,1000000,0.01,0.5,read_mostly,1,0.8,8,1500000,150000,0,0,0.003361,33.5544,16524780.0,0ns,0ns,0ns,0.0,0.0,0.0,,,,,,
xor,sequential,1000000,0.01,0.5,read_mostly,1,0.8,8,1500000,150000,1,1,0.003361,33.5544,14591460.0,0ns,0ns,0ns,0.0,0.0,0.0,,,,,,
xor,sequential,1000000,0.01,0.5,read_mostly,1,0.8,8,1500000,150000,2,2,0.003361,33.5544,15525310.0,0ns,0ns,0ns,0.0,0.0,0.0,,,,,,
xor,sequential,1000000,0.01,0.5,read_mostly,1,0.8,12,1500000,150000,0,0,0.00019,33.5544,15050020.0,0ns,0ns,0ns,0.0,0.0,0.0,,,,,,
xor,sequential,1000000,0.01,0.5,read_mostly,1,0.8,12,1500000,150000,1,1,0.00019,33.5544,17040470.0,0ns,0ns,0ns,0.0,0.0,0.0,,,,,,
xor,sequential,1000000,0.01,0.5,read_mostly,1,0.8,12,1500000,150000,2,2,0.00019,33.5544,16216650.0,0ns,0ns,0ns,0.0,0.0,0.0,,,,,,
xor,sequential,1000000,0.01,0.5,read_mostly,1,0.8,16,1500000,150000,0,0,1.4e-05,33.5544,15136190.0,0ns,0ns,0ns,0.0,0.0,0.0,,,,,,
xor,sequential,1000000,0.01,0.5,read_mostly,1,0.8,16,1500000,150000,1,1,1.4e-05,33.5544,16192660.0,0ns,0ns,0ns,0.0,0.0,0.0,,,,,,
xor,sequential,1000000,0.01,0.5,read_mostly,1,0.8,16,1500000,150000,2,2,1.4e-05,33.5544,15697380.0,0ns,0ns,0ns,0.0,0.0,0.0,,,,,,
cuckoo,sequential,1000000,0.01,0.5,read_mostly,1,0.8,8,1500000,150000,0,0,0.014904,31.2161,10038780.0,0ns,0ns,0ns,0.0,0.0,0.0,0.0,0.009245,0.0,,,
cuckoo,sequential,1000000,0.01,0.5,read_mostly,1,0.8,8,1500000,150000,1,1,0.014904,31.2161,10367920.0,0ns,0ns,0ns,0.0,0.0,0.0,0.0,0.009245,0.0,,,
cuckoo,sequential,1000000,0.01,0.5,read_mostly,1,0.8,8,1500000,150000,2,2,0.014904,31.2161,9707340.0,0ns,0ns,0ns,0.0,0.0,0.0,0.0,0.009245,0.0,,,
cuckoo,sequential,1000000,0.01,0.5,read_mostly,1,0.8,12,1500000,150000,0,0,0.00091,31.2161,10685130.0,0ns,0ns,0ns,0.0,0.0,0.0,0.0,0.009086,0.0,,,
cuckoo,sequential,1000000,0.01,0.5,read_mostly,1,0.8,12,1500000,150000,1,1,0.00091,31.2161,10549960.0,0ns,0ns,0ns,0.0,0.0,0.0,0.0,0.009086,0.0,,,
cuckoo,sequential,1000000,0.01,0.5,read_mostly,1,0.8,12,1500000,150000,2,2,0.00091,31.2161,9767864.0,0ns,0ns,0ns,0.0,0.0,0.0,0.0,0.009086,0.0,,,
cuckoo,sequential,1000000,0.01,0.5,read_mostly,1,0.8,16,1500000,150000,0,0,5.5e-05,31.2161,9372580.0,0ns,0ns,0ns,0.0,0.0,0.0,0.0,0.009586,0.0,,,
cuckoo,sequential,1000000,0.01,0.5,read_mostly,1,0.8,16,1500000,150000,1,1,5.5e-05,31.2161,9855370.0,0ns,0ns,0ns,0.0,0.0,0.0,0.0,0.009586,0.0,,,
cuckoo,sequential,1000000,0.01,0.5,read_mostly,1,0.8,16,1500000,150000,2,2,5.5e-05,31.2161,10509450.0,0ns,0ns,0ns,0.0,0.0,0.0,0.0,0.009586,0.0,,,
quotient,sequential,1000000,0.01,0.5,read_mostly,1,0.8,12,1500000,150000,0,0,0.001903,49.7997,9113319.0,0ns,0ns,0ns,0.0,0.0,0.0,,,,1.251204,2.401797,12.0
quotient,sequential,1000000,0.01,0.5,read_mostly,1,0.8,12,1500000,150000,1,1,0.001903,49.7997,8941250.0,0ns,0ns,0ns,0.0,0.0,0.0,,,,1.251204,2.401797,12.0
quotient,sequential,1000000,0.01,0.5,read_mostly,1,0.8,12,1500000,150000,2,2,0.001903,49.7997,8896906.0,0ns,0ns,0ns,0.0,0.0,0.0,,,,1.251204,2.401797,12.0
bloom,sequential,1000000,0.01,0.5,read_mostly,2,0.8,12,1500000,150000,0,0,0.035322,16.7772,25239580.0,0ns,0ns,0ns,0.0,0.0,0.0,,,,,,
bloom,sequential,1000000,0.01,0.5,read_mostly,2,0.8,12,1500000,150000,1,1,0.035322,16.7772,23548090.0,0ns,0ns,0ns,0.0,0.0,0.0,,,,,,
bloom,sequential,1000000,0.01,0.5,read_mostly,2,0.8,12,1500000,150000,2,2,0.035322,16.7772,24558960.0,0ns,0ns,0ns,0.0,0.0,0.0,,,,,,
xor,sequential,1000000,0.01,0.5,read_mostly,2,0.8,8,1500000,150000,0,0,0.003361,33.5544,20167340.0,0ns,0ns,0ns,0.0,0.0,0.0,,,,,,
xor,sequential,1000000,0.01,0.5,read_mostly,2,0.8,8,1500000,150000,1,1,0.003361,33.5544,20913400.0,0ns,0ns,0ns,0.0,0.0,0.0,,,,,,
xor,sequential,1000000,0.01,0.5,read_mostly,2,0.8,8,1500000,150000,2,2,0.003361,33.5544,21238790.0,0ns,0ns,0ns,0.0,0.0,0.0,,,,,,
xor,sequential,1000000,0.01,0.5,read_mostly,2,0.8,12,1500000,150000,0,0,0.00019,33.5544,22355480.0,0ns,0ns,0ns,0.0,0.0,0.0,,,,,,
xor,sequential,1000000,0.01,0.5,read_mostly,2,0.8,12,1500000,150000,1,1,0.00019,33.5544,21506830.0,0ns,0ns,0ns,0.0,0.0,0.0,,,,,,
xor,sequential,1000000,0.01,0.5,read_mostly,2,0.8,12,1500000,150000,2,2,0.00019,33.5544,22077700.0,0ns,0ns,0ns,0.0,0.0,0.0,,,,,,
xor,sequential,1000000,0.01,0.5,read_mostly,2,0.8,16,1500000,150000,0,0,1.4e-05,33.5544,22420870.0,0ns,0ns,0ns,0.0,0.0,0.0,,,,,,
xor,sequential,1000000,0.01,0.5,read_mostly,2,0.8,16,1500000,150000,1,1,1.4e-05,33.5544,21363560.0,0ns,0ns,0ns,0.0,0.0,0.0,,,,,,
xor,sequential,1000000,0.01,0.5,read_mostly,2,0.8,16,1500000,150000,2,2,1.4e-05,33.5544,20270290.0,0ns,0ns,0ns,0.0,0.0,0.0,,,,,,
cuckoo,sequential,1000000,0.01,0.5,read_mostly,2,0.8,8,1500000,150000,0,0,0.014904,31.2097,11000380.0,0ns,0ns,0ns,0.0,0.0,0.0,0.0,0.00939,0.0,,,
cuckoo,sequential,1000000,0.01,0.5,read_mostly,2,0.8,8,1500000,150000,1,1,0.014904,31.2097,11189770.0,0ns,0ns,0ns,0.0,0.0,0.0,0.0,0.009391,0.0,,,
cuckoo,sequential,1000000,0.01,0.5,read_mostly,2,0.8,8,1500000,150000,2,2,0.014904,31.2097,11039290.0,0ns,0ns,0ns,0.0,0.0,0.0,0.0,0.00939,0.0,,,
cuckoo,sequential,1000000,0.01,0.5,read_mostly,2,0.8,12,1500000,150000,0,0,0.00091,31.2097,9993355.0,0ns,0ns,0ns,0.0,0.0,0.0,0.0,0.00926,0.0,,,
cuckoo,sequential,1000000,0.01,0.5,read_mostly,2,0.8,12,1500000,150000,1,1,0.00091,31.2097,10540020.0,0ns,0ns,0ns,0.0,0.0,0.0,0.0,0.00926,0.0,,,
cuckoo,sequential,1000000,0.01,0.5,read_mostly,2,0.8,12,1500000,150000,2,2,0.00091,31.2097,10628950.0,0ns,0ns,0ns,0.0,0.0,0.0,0.0,0.00926,0.0,,,
cuckoo,sequential,1000000,0.01,0.5,read_mostly,2,0.8,16,1500000,150000,0,0,5.5e-05,31.2097,10589230.0,0ns,0ns,0ns,0.0,0.0,0.0,0.0,0.009596,0.0,,,
cuckoo,sequential,1000000,0.01,0.5,read_mostly,2,0.8,16,1500000,150000,1,1,5.5e-05,31.2097,10533420.0,0ns,0ns,0ns,0.0,0.0,0.0,0.0,0.009595,0.0,,,
cuckoo,sequential,1000000,0.01,0.5,read_mostly,2,0.8,16,1500000,150000,2,2,5.5e-05,31.2097,9745934.0,0ns,0ns,0ns,0.0,0.0,0.0,0.0,0.009595,0.0,,,
quotient,sequential,1000000,0.01,0.5,read_mostly,2,0.8,12,1500000,150000,0,0,0.001903,49.8047,6362819.0,0ns,0ns,0ns,0.0,0.0,0.0,,,,1.250736,2.401797,12.0
quotient,sequential,1000000,0.01,0.5,read_mostly,2,0.8,12,1500000,150000,1,1,0.001903,49.8047,6227363.0,0ns,0ns,0ns,0.0,0.0,0.0,,,,1.250772,2.401797,12.0
quotient,sequential,1000000,0.01,0.5,read_mostly,2,0.8,12,1500000,150000,2,2,0.001903,49.8047,6332224.0,0ns,0ns,0ns,0.0,0.0,0.0,,,,1.250781,2.401797,12.0
bloom,sequential,1000000,0.01,0.5,read_mostly,4,0.8,12,1500000,150000,0,0,0.035322,16.7772,47878030.0,0ns,0ns,0ns,0.0,0.0,0.0,,,,,,
bloom,sequential,1000000,0.01,0.5,read_mostly,4,0.8,12,1500000,150000,1,1,0.035322,16.7772,45782920.0,0ns,0ns,0ns,0.0,0.0,0.0,,,,,,
bloom,sequential,1000000,0.01,0.5,read_mostly,4,0.8,12,1500000,150000,2,2,0.035322,16.7772,48659640.0,0ns,0ns,0ns,0.0,0.0,0.0,,,,,,
xor,sequential,1000000,0.01,0.5,read_mostly,4,0.8,8,1500000,150000,0,0,0.003361,33.5544,41965850.0,0ns,0ns,0ns,0.0,0.0,0.0,,,,,,
xor,sequential,1000000,0.01,0.5,read_mostly,4,0.8,8,1500000,150000,1,1,0.003361,33.5544,39784100.0,0ns,0ns,0ns,0.0,0.0,0.0,,,,,,
xor,sequential,1000000,0.01,0.5,read_mostly,4,0.8,8,1500000,150000,2,2,0.003361,33.5544,45808910.0,0ns,0ns,0ns,0.0,0.0,0.0,,,,,,
xor,sequential,1000000,0.01,0.5,read_mostly,4,0.8,12,1500000,150000,0,0,0.00019,33.5544,44580730.0,0ns,0ns,0ns,0.0,0.0,0.0,,,,,,
xor,sequential,1000000,0.01,0.5,read_mostly,4,0.8,12,1500000,150000,1,1,0.00019,33.5544,39049480.0,0ns,0ns,0ns,0.0,0.0,0.0,,,,,,
xor,sequential,1000000,0.01,0.5,read_mostly,4,0.8,12,1500000,150000,2,2,0.00019,33.5544,38071690.0,0ns,0ns,0ns,0.0,0.0,0.0,,,,,,
xor,sequential,1000000,0.01,0.5,read_mostly,4,0.8,16,1500000,150000,0,0,1.4e-05,33.5544,43907380.0,0ns,0ns,0ns,0.0,0.0,0.0,,,,,,
xor,sequential,1000000,0.01,0.5,read_mostly,4,0.8,16,1500000,150000,1,1,1.4e-05,33.5544,44531760.0,0ns,0ns,0ns,0.0,0.0,0.0,,,,,,
xor,sequential,1000000,0.01,0.5,read_mostly,4,0.8,16,1500000,150000,2,2,1.4e-05,33.5544,42598110.0,0ns,0ns,0ns,0.0,0.0,0.0,,,,,,
cuckoo,sequential,1000000,0.01,0.5,read_mostly,4,0.8,8,1500000,150000,0,0,0.014904,31.2068,3823878.0,0ns,0ns,0ns,0.0,0.0,0.0,0.0,0.009483,0.0,,,
cuckoo,sequential,1000000,0.01,0.5,read_mostly,4,0.8,8,1500000,150000,1,1,0.014904,31.2068,3396064.0,0ns,0ns,0ns,0.0,0.0,0.0,0.0,0.009527,0.0,,,
cuckoo,sequential,1000000,0.01,0.5,read_mostly,4,0.8,8,1500000,150000,2,2,0.014904,31.2068,4003264.0,0ns,0ns,0ns,0.0,0.0,0.0,0.0,0.009533,0.0,,,
cuckoo,sequential,1000000,0.01,0.5,read_mostly,4,0.8,12,1500000,150000,0,0,0.00091,31.2068,3267235.0,0ns,0ns,0ns,0.0,0.0,0.0,0.0,0.009189,0.0,,,
cuckoo,sequential,1000000,0.01,0.5,read_mostly,4,0.8,12,1500000,150000,1,1,0.00091,31.2068,3285174.0,0ns,0ns,0ns,0.0,0.0,0.0,0.0,0.009193,0.0,,,
cuckoo,sequential,1000000,0.01,0.5,read_mostly,4,0.8,12,1500000,150000,2,2,0.00091,31.2068,3734522.0,0ns,0ns,0ns,0.0,0.0,0.0,0.0,0.009182,0.0,,,
cuckoo,sequential,1000000,0.01,0.5,read_mostly,4,0.8,16,1500000,150000,0,0,5.5e-05,31.2068,3275646.0,0ns,0ns,0ns,0.0,0.0,0.0,0.0,0.00955,0.0,,,
cuckoo,sequential,1000000,0.01,0.5,read_mostly,4,0.8,16,1500000,150000,1,1,5.5e-05,31.2068,3656696.0,0ns,0ns,0ns,0.0,0.0,0.0,0.0,0.009552,0.0,,,
cuckoo,sequential,1000000,0.01,0.5,read_mostly,4,0.8,16,1500000,150000,2,2,5.5e-05,31.2068,3712775.0,0ns,0ns,0ns,0.0,0.0,0.0,0.0,0.009549,0.0,,,
quotient,sequential,1000000,0.01,0.5,read_mostly,4,0.8,12,1500000,150000,0,0,0.001903,49.8054,3031673.0,0ns,0ns,0ns,0.0,0.0,0.0,,,,1.250888,2.401797,12.0
quotient,sequential,1000000,0.01,0.5,read_mostly,4,0.8,12,1500000,150000,1,1,0.001903,49.8054,3360545.0,0ns,0ns,0ns,0.0,0.0,0.0,,,,1.250873,2.401797,12.0
quotient,sequential,1000000,0.01,0.5,read_mostly,4,0.8,12,1500000,150000,2,2,0.001903,49.8054,2978687.0,0ns,0ns,0ns,0.0,0.0,0.0,,,,1.250798,2.401797,12.0
bloom,sequential,1000000,0.01,0.5,read_mostly,8,0.8,12,1500000,150000,0,0,0.035322,16.7772,94366670.0,0ns,0ns,0ns,0.0,0.0,0.0,,,,,,
bloom,sequential,1000000,0.01,0.5,read_mostly,8,0.8,12,1500000,150000,1,1,0.035322,16.7772,89194780.0,0ns,0ns,0ns,0.0,0.0,0.0,,,,,,
bloom,sequential,1000000,0.01,0.5,read_mostly,8,0.8,12,1500000,150000,2,2,0.035322,16.7772,93601500.0,0ns,0ns,0ns,0.0,0.0,0.0,,,,,,
xor,sequential,1000000,0.01,0.5,read_mostly,8,0.8,8,1500000,150000,0,0,0.003361,33.5544,83023400.0,0ns,0ns,0ns,0.0,0.0,0.0,,,,,,
xor,sequential,1000000,0.01,0.5,read_mostly,8,0.8,8,1500000,150000,1,1,0.003361,33.5544,84957850.0,0ns,0ns,0ns,0.0,0.0,0.0,,,,,,
xor,sequential,1000000,0.01,0.5,read_mostly,8,0.8,8,1500000,150000,2,2,0.003361,33.5544,86569100.0,0ns,0ns,0ns,0.0,0.0,0.0,,,,,,
xor,sequential,1000000,0.01,0.5,read_mostly,8,0.8,12,1500000,150000,0,0,0.00019,33.5544,86383870.0,0ns,0ns,0ns,0.0,0.0,0.0,,,,,,
xor,sequential,1000000,0.01,0.5,read_mostly,8,0.8,12,1500000,150000,1,1,0.00019,33.5544,99829910.0,0ns,0ns,0ns,0.0,0.0,0.0,,,,,,
xor,sequential,1000000,0.01,0.5,read_mostly,8,0.8,12,1500000,150000,2,2,0.00019,33.5544,88647820.0,0ns,0ns,0ns,0.0,0.0,0.0,,,,,,
xor,sequential,1000000,0.01,0.5,read_mostly,8,0.8,16,1500000,150000,0,0,1.4e-05,33.5544,88131980.0,0ns,0ns,0ns,0.0,0.0,0.0,,,,,,
xor,sequential,1000000,0.01,0.5,read_mostly,8,0.8,16,1500000,150000,1,1,1.4e-05,33.5544,86683920.0,0ns,0ns,0ns,0.0,0.0,0.0,,,,,,
xor,sequential,1000000,0.01,0.5,read_mostly,8,0.8,16,1500000,150000,2,2,1.4e-05,33.5544,93934120.0,0ns,0ns,0ns,0.0,0.0,0.0,,,,,,
cuckoo,sequential,1000000,0.01,0.5,read_mostly,8,0.8,8,1500000,150000,0,0,0.014904,31.213,3435533.0,0ns,0ns,0ns,0.0,0.0,0.0,0.0,0.009065,0.0,,,
cuckoo,sequential,1000000,0.01,0.5,read_mostly,8,0.8,8,1500000,150000,1,1,0.014904,31.213,3191006.0,0ns,0ns,0ns,0.0,0.0,0.0,0.0,0.009072,0.0,,,
cuckoo,sequential,1000000,0.01,0.5,read_mostly,8,0.8,8,1500000,150000,2,2,0.014904,31.213,2925864.0,0ns,0ns,0ns,0.0,0.0,0.0,0.0,0.009037,0.0,,,
cuckoo,sequential,1000000,0.01,0.5,read_mostly,8,0.8,12,1500000,150000,0,0,0.00091,31.213,3030487.0,0ns,0ns,0ns,0.0,0.0,0.0,0.0,0.009225,0.0,,,
cuckoo,sequential,1000000,0.01,0.5,read_mostly,8,0.8,12,1500000,150000,1,1,0.00091,31.213,3163154.0,0ns,0ns,0ns,0.0,0.0,0.0,0.0,0.00922,0.0,,,
cuckoo,sequential,1000000,0.01,0.5,read_mostly,8,0.8,12,1500000,150000,2,2,0.00091,31.213,2882755.0,0ns,0ns,0ns,0.0,0.0,0.0,0.0,0.009233,0.0,,,
cuckoo,sequential,1000000,0.01,0.5,read_mostly,8,0.8,16,1500000,150000,0,0,5.5e-05,31.213,2967916.0,0ns,0ns,0ns,0.0,0.0,0.0,0.0,0.009491,0.0,,,
cuckoo,sequential,1000000,0.01,0.5,read_mostly,8,0.8,16,1500000,150000,1,1,5.5e-05,31.213,2866619.0,0ns,0ns,0ns,0.0,0.0,0.0,0.0,0.009495,0.0,,,
cuckoo,sequential,1000000,0.01,0.5,read_mostly,8,0.8,16,1500000,150000,2,2,5.5e-05,31.213,2847803.0,0ns,0ns,0ns,0.0,0.0,0.0,0.0,0.00949,0.0,,,
quotient,sequential,1000000,0.01,0.5,read_mostly,8,0.8,12,1500000,150000,0,0,0.001903,49.8095,2825084.0,0ns,0ns,0ns,0.0,0.0,0.0,,,,1.249956,2.401797,12.0
quotient,sequential,1000000,0.01,0.5,read_mostly,8,0.8,12,1500000,150000,1,1,0.001903,49.8095,2750018.0,0ns,0ns,0ns,0.0,0.0,0.0,,,,1.250222,2.401797,12.0
quotient,sequential,1000000,0.01,0.5,read_mostly,8,0.8,12,1500000,150000,2,2,0.001903,49.8095,2806229.0,0ns,0ns,0ns,0.0,0.0,0.0,,,,1.250066,2.401797,12.0
bloom,sequential,1000000,0.01,0.5,read_mostly,12,0.8,12,1500000,150000,0,0,0.035322,16.7772,108444600.0,0ns,0ns,0ns,0.0,0.0,0.0,,,,,,
bloom,sequential,1000000,0.01,0.5,read_mostly,12,0.8,12,1500000,150000,1,1,0.035322,16.7772,103071500.0,0ns,0ns,0ns,0.0,0.0,0.0,,,,,,
bloom,sequential,1000000,0.01,0.5,read_mostly,12,0.8,12,1500000,150000,2,2,0.035322,16.7772,105492600.0,0ns,0ns,0ns,0.0,0.0,0.0,,,,,,
xor,sequential,1000000,0.01,0.5,read_mostly,12,0.8,8,1500000,150000,0,0,0.003361,33.5544,125549300.0,0ns,0ns,0ns,0.0,0.0,0.0,,,,,,
xor,sequential,1000000,0.01,0.5,read_mostly,12,0.8,8,1500000,150000,1,1,0.003361,33.5544,118218000.0,0ns,0ns,0ns,0.0,0.0,0.0,,,,,,
xor,sequential,1000000,0.01,0.5,read_mostly,12,0.8,8,1500000,150000,2,2,0.003361,33.5544,105207900.0,0ns,0ns,0ns,0.0,0.0,0.0,,,,,,
xor,sequential,1000000,0.01,0.5,read_mostly,12,0.8,12,1500000,150000,0,0,0.00019,33.5544,132965400.0,0ns,0ns,0ns,0.0,0.0,0.0,,,,,,
xor,sequential,1000000,0.01,0.5,read_mostly,12,0.8,12,1500000,150000,1,1,0.00019,33.5544,154939300.0,0ns,0ns,0ns,0.0,0.0,0.0,,,,,,
xor,sequential,1000000,0.01,0.5,read_mostly,12,0.8,12,1500000,150000,2,2,0.00019,33.5544,160180100.0,0ns,0ns,0ns,0.0,0.0,0.0,,,,,,
xor,sequential,1000000,0.01,0.5,read_mostly,12,0.8,16,1500000,150000,0,0,1.4e-05,33.5544,116675700.0,0ns,0ns,0ns,0.0,0.0,0.0,,,,,,
xor,sequential,1000000,0.01,0.5,read_mostly,12,0.8,16,1500000,150000,1,1,1.4e-05,33.5544,141766700.0,0ns,0ns,0ns,0.0,0.0,0.0,,,,,,
xor,sequential,1000000,0.01,0.5,read_mostly,12,0.8,16,1500000,150000,2,2,1.4e-05,33.5544,137321200.0,0ns,0ns,0ns,0.0,0.0,0.0,,,,,,
cuckoo,sequential,1000000,0.01,0.5,read_mostly,12,0.8,8,1500000,150000,0,0,0.014904,31.224,2858341.0,0ns,0ns,0ns,0.0,0.0,0.0,0.0,0.009146,0.0,,,
cuckoo,sequential,1000000,0.01,0.5,read_mostly,12,0.8,8,1500000,150000,1,1,0.014904,31.224,2720195.0,0ns,0ns,0ns,0.0,0.0,0.0,0.0,0.009146,0.0,,,
cuckoo,sequential,1000000,0.01,0.5,read_mostly,12,0.8,8,1500000,150000,2,2,0.014904,31.224,2683386.0,0ns,0ns,0ns,0.0,0.0,0.0,0.0,0.009172,0.0,,,
cuckoo,sequential,1000000,0.01,0.5,read_mostly,12,0.8,12,1500000,150000,0,0,0.00091,31.224,2728346.0,0ns,0ns,0ns,0.0,0.0,0.0,0.0,0.009187,0.0,,,
cuckoo,sequential,1000000,0.01,0.5,read_mostly,12,0.8,12,1500000,150000,1,1,0.00091,31.224,2668526.0,0ns,0ns,0ns,0.0,0.0,0.0,0.0,0.009182,0.0,,,
cuckoo,sequential,1000000,0.01,0.5,read_mostly,12,0.8,12,1500000,150000,2,2,0.00091,31.224,2710251.0,0ns,0ns,0ns,0.0,0.0,0.0,0.0,0.00919,0.0,,,
cuckoo,sequential,1000000,0.01,0.5,read_mostly,12,0.8,16,1500000,150000,0,0,5.5e-05,31.224,2687372.0,0ns,0ns,0ns,0.0,0.0,0.0,0.0,0.009305,0.0,,,
cuckoo,sequential,1000000,0.01,0.5,read_mostly,12,0.8,16,1500000,150000,1,1,5.5e-05,31.224,2603287.0,0ns,0ns,0ns,0.0,0.0,0.0,0.0,0.009319,0.0,,,
cuckoo,sequential,1000000,0.01,0.5,read_mostly,12,0.8,16,1500000,150000,2,2,5.5e-05,31.224,2690203.0,0ns,0ns,0ns,0.0,0.0,0.0,0.0,0.009313,0.0,,,
quotient,sequential,1000000,0.01,0.5,read_mostly,12,0.8,12,1500000,150000,0,0,0.001903,49.8086,1988611.0,0ns,0ns,0ns,0.0,0.0,0.0,,,,1.250634,2.401797,12.0
quotient,sequential,1000000,0.01,0.5,read_mostly,12,0.8,12,1500000,150000,1,1,0.001903,49.8086,2384920.0,0ns,0ns,0ns,0.0,0.0,0.0,,,,1.250737,2.401797,12.0
quotient,sequential,1000000,0.01,0.5,read_mostly,12,0.8,12,1500000,150000,2,2,0.001903,49.8086,2411126.0,0ns,0ns,0ns,0.0,0.0,0.0,,,,1.250649,2.401797,12.0
bloom,sequential,1000000,0.01,0.5,balanced,1,0.8,12,1500000,150000,0,0,0.035322,16.7772,15296890.0,0ns,0ns,0ns,0.0,0.0,0.0,,,,,,
bloom,sequential,1000000,0.01,0.5,balanced,1,0.8,12,1500000,150000,1,1,0.035322,16.7772,15540100.0,0ns,0ns,0ns,0.0,0.0,0.0,,,,,,
bloom,sequential,1000000,0.01,0.5,balanced,1,0.8,12,1500000,150000,2,2,0.035322,16.7772,16247410.0,0ns,0ns,0ns,0.0,0.0,0.0,,,,,,
xor,sequential,1000000,0.01,0.5,balanced,1,0.8,8,1500000,150000,0,0,0.003361,33.5544,15425410.0,0ns,0ns,0ns,0.0,0.0,0.0,,,,,,
xor,sequential,1000000,0.01,0.5,balanced,1,0.8,8,1500000,150000,1,1,0.003361,33.5544,14497040.0,0ns,0ns,0ns,0.0,0.0,0.0,,,,,,
xor,sequential,1000000,0.01,0.5,balanced,1,0.8,8,1500000,150000,2,2,0.003361,33.5544,14273720.0,0ns,0ns,0ns,0.0,0.0,0.0,,,,,,
xor,sequential,1000000,0.01,0.5,balanced,1,0.8,12,1500000,150000,0,0,0.00019,33.5544,14843550.0,0ns,0ns,0ns,0.0,0.0,0.0,,,,,,
xor,sequential,1000000,0.01,0.5,balanced,1,0.8,12,1500000,150000,1,1,0.00019,33.5544,16324860.0,0ns,0ns,0ns,0.0,0.0,0.0,,,,,,
xor,sequential,1000000,0.01,0.5,balanced,1,0.8,12,1500000,150000,2,2,0.00019,33.5544,14682560.0,0ns,0ns,0ns,0.0,0.0,0.0,,,,,,
xor,sequential,1000000,0.01,0.5,balanced,1,0.8,16,1500000,150000,0,0,1.4e-05,33.5544,16664840.0,0ns,0ns,0ns,0.0,0.0,0.0,,,,,,
xor,sequential,1000000,0.01,0.5,balanced,1,0.8,16,1500000,150000,1,1,1.4e-05,33.5544,15861550.0,0ns,0ns,0ns,0.0,0.0,0.0,,,,,,
xor,sequential,1000000,0.01,0.5,balanced,1,0.8,16,1500000,150000,2,2,1.4e-05,33.5544,15028490.0,0ns,0ns,0ns,0.0,0.0,0.0,,,,,,
cuckoo,sequential,1000000,0.01,0.5,balanced,1,0.8,8,1500000,150000,0,0,0.014904,28.6582,9321086.0,0ns,0ns,0ns,0.0,0.0,0.0,0.0,0.260558,1319.0,,,
cuckoo,sequential,1000000,0.01,0.5,balanced,1,0.8,8,1500000,150000,1,1,0.014904,28.6582,9149629.0,0ns,0ns,0ns,0.0,0.0,0.0,0.0,0.260558,1319.0,,,
cuckoo,sequential,1000000,0.01,0.5,balanced,1,0.8,8,1500000,150000,2,2,0.014904,28.6582,10052770.0,0ns,0ns,0ns,0.0,0.0,0.0,0.0,0.260558,1319.0,,,
cuckoo,sequential,1000000,0.01,0.5,balanced,1,0.8,12,1500000,150000,0,0,0.00091,28.6308,9299919.0,0ns,0ns,0ns,0.0,0.0,0.0,2.8e-05,0.250146,1050.0,,,
cuckoo,sequential,1000000,0.01,0.5,balanced,1,0.8,12,1500000,150000,1,1,0.00091,28.6308,9866036.0,0ns,0ns,0ns,0.0,0.0,0.0,2.8e-05,0.250146,1050.0,,,
cuckoo,sequential,1000000,0.01,0.5,balanced,1,0.8,12,1500000,150000,2,2,0.00091,28.6308,9733943.0,0ns,0ns,0ns,0.0,0.0,0.0,2.8e-05,0.250146,1050.0,,,
cuckoo,sequential,1000000,0.01,0.5,balanced,1,0.8,16,1500000,150000,0,0,5.5e-05,28.6293,9657085.0,0ns,0ns,0ns,0.0,0.0,0.0,0.000217,0.250771,69.0,,,
cuckoo,sequential,1000000,0.01,0.5,balanced,1,0.8,16,1500000,150000,1,1,5.5e-05,28.6293,9805989.0,0ns,0ns,0ns,0.0,0.0,0.0,0.000217,0.250771,69.0,,,
cuckoo,sequential,1000000,0.01,0.5,balanced,1,0.8,16,1500000,150000,2,2,5.5e-05,28.6293,9348284.0,0ns,0ns,0ns,0.0,0.0,0.0,0.000217,0.250771,69.0,,,
quotient,sequential,1000000,0.01,0.5,balanced,1,0.8,12,1500000,150000,0,0,0.001903,49.6629,7370781.0,0ns,0ns,0ns,0.0,0.0,0.0,,,,1.24758,2.401797,12.0
quotient,sequential,1000000,0.01,0.5,balanced,1,0.8,12,1500000,150000,1,1,0.001903,49.6629,7387767.0,0ns,0ns,0ns,0.0,0.0,0.0,,,,1.24758,2.401797,12.0
quotient,sequential,1000000,0.01,0.5,balanced,1,0.8,12,1500000,150000,2,2,0.001903,49.6629,7578125.0,0ns,0ns,0ns,0.0,0.0,0.0,,,,1.24758,2.401797,12.0
bloom,sequential,1000000,0.01,0.5,balanced,2,0.8,12,1500000,150000,0,0,0.035322,16.7772,22541740.0,0ns,0ns,0ns,0.0,0.0,0.0,,,,,,
bloom,sequential,1000000,0.01,0.5,balanced,2,0.8,12,1500000,150000,1,1,0.035322,16.7772,24121220.0,0ns,0ns,0ns,0.0,0.0,0.0,,,,,,
bloom,sequential,1000000,0.01,0.5,balanced,2,0.8,12,1500000,150000,2,2,0.035322,16.7772,24472870.0,0ns,0ns,0ns,0.0,0.0,0.0,,,,,,
xor,sequential,1000000,0.01,0.5,balanced,2,0.8,8,1500000,150000,0,0,0.003361,33.5544,21164270.0,0ns,0ns,0ns,0.0,0.0,0.0,,,,,,
xor,sequential,1000000,0.01,0.5,balanced,2,0.8,8,1500000,150000,1,1,0.003361,33.5544,20934620.0,0ns,0ns,0ns,0.0,0.0,0.0,,,,,,
xor,sequential,1000000,0.01,0.5,balanced,2,0.8,8,1500000,150000,2,2,0.003361,33.5544,15067480.0,0ns,0ns,0ns,0.0,0.0,0.0,,,,,,
xor,sequential,1000000,0.01,0.5,balanced,2,0.8,12,1500000,150000,0,0,0.00019,33.5544,19806150.0,0ns,0ns,0ns,0.0,0.0,0.0,,,,,,
xor,sequential,1000000,0.01,0.5,balanced,2,0.8,12,1500000,150000,1,1,0.00019,33.5544,21941240.0,0ns,0ns,0ns,0.0,0.0,0.0,,,,,,
xor,sequential,1000000,0.01,0.5,balanced,2,0.8,12,1500000,150000,2,2,0.00019,33.5544,21399240.0,0ns,0ns,0ns,0.0,0.0,0.0,,,,,,
xor,sequential,1000000,0.01,0.5,balanced,2,0.8,16,1500000,150000,0,0,1.4e-05,33.5544,22232040.0,0ns,0ns,0ns,0.0,0.0,0.0,,,,,,
xor,sequential,1000000,0.01,0.5,balanced,2,0.8,16,1500000,150000,1,1,1.4e-05,33.5544,19104890.0,0ns,0ns,0ns,0.0,0.0,0.0,,,,,,
xor,sequential,1000000,0.01,0.5,balanced,2,0.8,16,1500000,150000,2,2,1.4e-05,33.5544,21349820.0,0ns,0ns,0ns,0.0,0.0,0.0,,,,,,
cuckoo,sequential,1000000,0.01,0.5,balanced,2,0.8,8,1500000,150000,0,0,0.014904,28.6599,5390832.0,0ns,0ns,0ns,0.0,0.0,0.0,0.0,0.275392,1429.0,,,
cuckoo,sequential,1000000,0.01,0.5,balanced,2,0.8,8,1500000,150000,1,1,0.014904,28.6604,5712496.0,0ns,0ns,0ns,0.0,0.0,0.0,0.0,0.274966,1481.0,,,
cuckoo,sequential,1000000,0.01,0.5,balanced,2,0.8,8,1500000,150000,2,2,0.014904,28.6596,5616669.0,0ns,0ns,0ns,0.0,0.0,0.0,0.0,0.275785,1482.0,,,
cuckoo,sequential,1000000,0.01,0.5,balanced,2,0.8,12,1500000,150000,0,0,0.00091,28.6323,5419871.0,0ns,0ns,0ns,0.0,0.0,0.0,1.9e-05,0.262983,1051.0,,,
cuckoo,sequential,1000000,0.01,0.5,balanced,2,0.8,12,1500000,150000,1,1,0.00091,28.6326,5512493.0,0ns,0ns,0ns,0.0,0.0,0.0,1.5e-05,0.261861,1040.0,,,
cuckoo,sequential,1000000,0.01,0.5,balanced,2,0.8,12,1500000,150000,2,2,0.00091,28.6323,4798999.0,0ns,0ns,0ns,0.0,0.0,0.0,2e-05,0.261763,1059.0,,,
cuckoo,sequential,1000000,0.01,0.5,balanced,2,0.8,16,1500000,150000,0,0,5.5e-05,28.6312,5327611.0,0ns,0ns,0ns,0.0,0.0,0.0,0.000224,0.263016,110.0,,,
cuckoo,sequential,1000000,0.01,0.5,balanced,2,0.8,16,1500000,150000,1,1,5.5e-05,28.6315,5458127.0,0ns,0ns,0ns,0.0,0.0,0.0,0.000223,0.262136,103.0,,,
cuckoo,sequential,1000000,0.01,0.5,balanced,2,0.8,16,1500000,150000,2,2,5.5e-05,28.6304,5347990.0,0ns,0ns,0ns,0.0,0.0,0.0,0.000222,0.261753,110.0,,,
quotient,sequential,1000000,0.01,0.5,balanced,2,0.8,12,1500000,150000,0,0,0.001903,49.6613,1907217.0,0ns,0ns,0ns,0.0,0.0,0.0,,,,1.247658,2.401797,12.0
quotient,sequential,1000000,0.01,0.5,balanced,2,0.8,12,1500000,150000,1,1,0.001903,49.6596,1896056.0,0ns,0ns,0ns,0.0,0.0,0.0,,,,1.247652,2.401797,12.0
quotient,sequential,1000000,0.01,0.5,balanced,2,0.8,12,1500000,150000,2,2,0.001903,49.6618,1876349.0,0ns,0ns,0ns,0.0,0.0,0.0,,,,1.247705,2.401797,12.0
bloom,sequential,1000000,0.01,0.5,balanced,4,0.8,12,1500000,150000,0,0,0.035322,16.7772,48600670.0,0ns,0ns,0ns,0.0,0.0,0.0,,,,,,
bloom,sequential,1000000,0.01,0.5,balanced,4,0.8,12,1500000,150000,1,1,0.035322,16.7772,50247380.0,0ns,0ns,0ns,0.0,0.0,0.0,,,,,,
bloom,sequential,1000000,0.01,0.5,balanced,4,0.8,12,1500000,150000,2,2,0.035322,16.7772,50599410.0,0ns,0ns,0ns,0.0,0.0,0.0,,,,,,
xor,sequential,1000000,0.01,0.5,balanced,4,0.8,8,1500000,150000,0,0,0.003361,33.5544,46003380.0,0ns,0ns,0ns,0.0,0.0,0.0,,,,,,
xor,sequential,1000000,0.01,0.5,balanced,4,0.8,8,1500000,150000,1,1,0.003361,33.5544,41650600.0,0ns,0ns,0ns,0.0,0.0,0.0,,,,,,
xor,sequential,1000000,0.01,0.5,balanced,4,0.8,8,1500000,150000,2,2,0.003361,33.5544,42216470.0,0ns,0ns,0ns,0.0,0.0,0.0,,,,,,
xor,sequential,1000000,0.01,0.5,balanced,4,0.8,12,1500000,150000,0,0,0.00019,33.5544,46708000.0,0ns,0ns,0ns,0.0,0.0,0.0,,,,,,
xor,sequential,1000000,0.01,0.5,balanced,4,0.8,12,1500000,150000,1,1,0.00019,33.5544,41483240.0,0ns,0ns,0ns,0.0,0.0,0.0,,,,,,
xor,sequential,1000000,0.01,0.5,balanced,4,0.8,12,1500000,150000,2,2,0.00019,33.5544,47399500.0,0ns,0ns,0ns,0.0,0.0,0.0,,,,,,
xor,sequential,1000000,0.01,0.5,balanced,4,0.8,16,1500000,150000,0,0,1.4e-05,33.5544,44425670.0,0ns,0ns,0ns,0.0,0.0,0.0,,,,,,
xor,sequential,1000000,0.01,0.5,balanced,4,0.8,16,1500000,150000,1,1,1.4e-05,33.5544,39261090.0,0ns,0ns,0ns,0.0,0.0,0.0,,,,,,
xor,sequential,1000000,0.01,0.5,balanced,4,0.8,16,1500000,150000,2,2,1.4e-05,33.5544,39121100.0,0ns,0ns,0ns,0.0,0.0,0.0,,,,,,
cuckoo,sequential,1000000,0.01,0.5,balanced,4,0.8,8,1500000,150000,0,0,0.014904,28.6589,2327960.0,0ns,0ns,0ns,0.0,0.0,0.0,0.0,0.286173,1447.0,,,
cuckoo,sequential,1000000,0.01,0.5,balanced,4,0.8,8,1500000,150000,1,1,0.014904,28.6592,2300040.0,0ns,0ns,0ns,0.0,0.0,0.0,0.0,0.284567,1335.0,,,
cuckoo,sequential,1000000,0.01,0.5,balanced,4,0.8,8,1500000,150000,2,2,0.014904,28.6601,2287432.0,0ns,0ns,0ns,0.0,0.0,0.0,0.0,0.282208,1529.0,,,
cuckoo,sequential,1000000,0.01,0.5,balanced,4,0.8,12,1500000,150000,0,0,0.00091,28.6343,2289363.0,0ns,0ns,0ns,0.0,0.0,0.0,5.5e-05,0.278346,1206.0,,,
cuckoo,sequential,1000000,0.01,0.5,balanced,4,0.8,12,1500000,150000,1,1,0.00091,28.6342,2260908.0,0ns,0ns,0ns,0.0,0.0,0.0,5.1e-05,0.27766,1193.0,,,
cuckoo,sequential,1000000,0.01,0.5,balanced,4,0.8,12,1500000,150000,2,2,0.00091,28.6339,2192592.0,0ns,0ns,0ns,0.0,0.0,0.0,5.1e-05,0.278064,1233.0,,,
cuckoo,sequential,1000000,0.01,0.5,balanced,4,0.8,16,1500000,150000,0,0,5.5e-05,28.6323,2102460.0,0ns,0ns,0ns,0.0,0.0,0.0,0.000273,0.283984,80.0,,,
cuckoo,sequential,1000000,0.01,0.5,balanced,4,0.8,16,1500000,150000,1,1,5.5e-05,28.6334,2176728.0,0ns,0ns,0ns,0.0,0.0,0.0,0.000271,0.282215,80.0,,,
cuckoo,sequential,1000000,0.01,0.5,balanced,4,0.8,16,1500000,150000,2,2,5.5e-05,28.6315,2264104.0,0ns,0ns,0ns,0.0,0.0,0.0,0.00027,0.280714,90.0,,,
quotient,sequential,1000000,0.01,0.5,balanced,4,0.8,12,1500000,150000,0,0,0.001903,49.6509,1621093.0,0ns,0ns,0ns,0.0,0.0,0.0,,,,1.247137,2.401797,12.0
quotient,sequential,1000000,0.01,0.5,balanced,4,0.8,12,1500000,150000,1,1,0.001903,49.652,1653293.0,0ns,0ns,0ns,0.0,0.0,0.0,,,,1.247248,2.401797,12.0
quotient,sequential,1000000,0.01,0.5,balanced,4,0.8,12,1500000,150000,2,2,0.001903,49.6522,1631417.0,0ns,0ns,0ns,0.0,0.0,0.0,,,,1.247152,2.401797,12.0
bloom,sequential,1000000,0.01,0.5,balanced,8,0.8,12,1500000,150000,0,0,0.035322,16.7772,88353160.0,0ns,0ns,0ns,0.0,0.0,0.0,,,,,,
bloom,sequential,1000000,0.01,0.5,balanced,8,0.8,12,1500000,150000,1,1,0.035322,16.7772,92642130.0,0ns,0ns,0ns,0.0,0.0,0.0,,,,,,
bloom,sequential,1000000,0.01,0.5,balanced,8,0.8,12,1500000,150000,2,2,0.035322,16.7772,91165410.0,0ns,0ns,0ns,0.0,0.0,0.0,,,,,,
xor,sequential,1000000,0.01,0.5,balanced,8,0.8,8,1500000,150000,0,0,0.003361,33.5544,79923570.0,0ns,0ns,0ns,0.0,0.0,0.0,,,,,,
xor,sequential,1000000,0.01,0.5,balanced,8,0.8,8,1500000,150000,1,1,0.003361,33.5544,83730080.0,0ns,0ns,0ns,0.0,0.0,0.0,,,,,,
xor,sequential,1000000,0.01,0.5,balanced,8,0.8,8,1500000,150000,2,2,0.003361,33.5544,87402990.0,0ns,0ns,0ns,0.0,0.0,0.0,,,,,,
xor,sequential,1000000,0.01,0.5,balanced,8,0.8,12,1500000,150000,0,0,0.00019,33.5544,103938200.0,0ns,0ns,0ns,0.0,0.0,0.0,,,,,,
xor,sequential,1000000,0.01,0.5,balanced,8,0.8,12,1500000,150000,1,1,0.00019,33.5544,85749780.0,0ns,0ns,0ns,0.0,0.0,0.0,,,,,,
xor,sequential,1000000,0.01,0.5,balanced,8,0.8,12,1500000,150000,2,2,0.00019,33.5544,91164030.0,0ns,0ns,0ns,0.0,0.0,0.0,,,,,,
xor,sequential,1000000,0.01,0.5,balanced,8,0.8,16,1500000,150000,0,0,1.4e-05,33.5544,84647700.0,0ns,0ns,0ns,0.0,0.0,0.0,,,,,,
xor,sequential,1000000,0.01,0.5,balanced,8,0.8,16,1500000,150000,1,1,1.4e-05,33.5544,84502450.0,0ns,0ns,0ns,0.0,0.0,0.0,,,,,,
xor,sequential,1000000,0.01,0.5,balanced,8,0.8,16,1500000,150000,2,2,1.4e-05,33.5544,79901180.0,0ns,0ns,0ns,0.0,0.0,0.0,,,,,,
cuckoo,sequential,1000000,0.01,0.5,balanced,8,0.8,8,1500000,150000,0,0,0.014904,28.6834,2011397.0,0ns,0ns,0ns,0.0,0.0,0.0,0.0,0.292743,1494.0,,,
cuckoo,sequential,1000000,0.01,0.5,balanced,8,0.8,8,1500000,150000,1,1,0.014904,28.683,1932157.0,0ns,0ns,0ns,0.0,0.0,0.0,0.0,0.290111,1555.0,,,
cuckoo,sequential,1000000,0.01,0.5,balanced,8,0.8,8,1500000,150000,2,2,0.014904,28.6822,1906367.0,0ns,0ns,0ns,0.0,0.0,0.0,0.0,0.294942,1490.0,,,
cuckoo,sequential,1000000,0.01,0.5,balanced,8,0.8,12,1500000,150000,0,0,0.00091,28.657,1860697.0,0ns,0ns,0ns,0.0,0.0,0.0,5.6e-05,0.28137,1166.0,,,
cuckoo,sequential,1000000,0.01,0.5,balanced,8,0.8,12,1500000,150000,1,1,0.00091,28.6567,1904097.0,0ns,0ns,0ns,0.0,0.0,0.0,6.3e-05,0.281635,1206.0,,,
cuckoo,sequential,1000000,0.01,0.5,balanced,8,0.8,12,1500000,150000,2,2,0.00091,28.654,1869965.0,0ns,0ns,0ns,0.0,0.0,0.0,6.7e-05,0.281111,1199.0,,,
cuckoo,sequential,1000000,0.01,0.5,balanced,8,0.8,16,1500000,150000,0,0,5.5e-05,28.6529,1816392.0,0ns,0ns,0ns,0.0,0.0,0.0,0.000238,0.267223,106.0,,,
cuckoo,sequential,1000000,0.01,0.5,balanced,8,0.8,16,1500000,150000,1,1,5.5e-05,28.654,1851662.0,0ns,0ns,0ns,0.0,0.0,0.0,0.000244,0.268678,95.0,,,
cuckoo,sequential,1000000,0.01,0.5,balanced,8,0.8,16,1500000,150000,2,2,5.5e-05,28.6526,1815236.0,0ns,0ns,0ns,0.0,0.0,0.0,0.000244,0.267319,94.0,,,
quotient,sequential,1000000,0.01,0.5,balanced,8,0.8,12,1500000,150000,0,0,0.001903,49.6455,1543320.0,0ns,0ns,0ns,0.0,0.0,0.0,,,,1.247446,2.401797,12.0
quotient,sequential,1000000,0.01,0.5,balanced,8,0.8,12,1500000,150000,1,1,0.001903,49.6531,1586230.0,0ns,0ns,0ns,0.0,0.0,0.0,,,,1.247384,2.401797,12.0
quotient,sequential,1000000,0.01,0.5,balanced,8,0.8,12,1500000,150000,2,2,0.001903,49.649,1588512.0,0ns,0ns,0ns,0.0,0.0,0.0,,,,1.247429,2.401797,12.0
bloom,sequential,1000000,0.01,0.5,balanced,12,0.8,12,1500000,150000,0,0,0.035322,16.7772,105089000.0,0ns,0ns,0ns,0.0,0.0,0.0,,,,,,
bloom,sequential,1000000,0.01,0.5,balanced,12,0.8,12,1500000,150000,1,1,0.035322,16.7772,85435590.0,0ns,0ns,0ns,0.0,0.0,0.0,,,,,,
bloom,sequential,1000000,0.01,0.5,balanced,12,0.8,12,1500000,150000,2,2,0.035322,16.7772,105793800.0,0ns,0ns,0ns,0.0,0.0,0.0,,,,,,
xor,sequential,1000000,0.01,0.5,balanced,12,0.8,8,1500000,150000,0,0,0.003361,33.5544,127199300.0,0ns,0ns,0ns,0.0,0.0,0.0,,,,,,
xor,sequential,1000000,0.01,0.5,balanced,12,0.8,8,1500000,150000,1,1,0.003361,33.5544,162624700.0,0ns,0ns,0ns,0.0,0.0,0.0,,,,,,
xor,sequential,1000000,0.01,0.5,balanced,12,0.8,8,1500000,150000,2,2,0.003361,33.5544,125701600.0,0ns,0ns,0ns,0.0,0.0,0.0,,,,,,
xor,sequential,1000000,0.01,0.5,balanced,12,0.8,12,1500000,150000,0,0,0.00019,33.5544,135655900.0,0ns,0ns,0ns,0.0,0.0,0.0,,,,,,
xor,sequential,1000000,0.01,0.5,balanced,12,0.8,12,1500000,150000,1,1,0.00019,33.5544,134950800.0,0ns,0ns,0ns,0.0,0.0,0.0,,,,,,
xor,sequential,1000000,0.01,0.5,balanced,12,0.8,12,1500000,150000,2,2,0.00019,33.5544,171444000.0,0ns,0ns,0ns,0.0,0.0,0.0,,,,,,
xor,sequential,1000000,0.01,0.5,balanced,12,0.8,16,1500000,150000,0,0,1.4e-05,33.5544,130326000.0,0ns,0ns,0ns,0.0,0.0,0.0,,,,,,
xor,sequential,1000000,0.01,0.5,balanced,12,0.8,16,1500000,150000,1,1,1.4e-05,33.5544,123226200.0,0ns,0ns,0ns,0.0,0.0,0.0,,,,,,
xor,sequential,1000000,0.01,0.5,balanced,12,0.8,16,1500000,150000,2,2,1.4e-05,33.5544,162319400.0,0ns,0ns,0ns,0.0,0.0,0.0,,,,,,
cuckoo,sequential,1000000,0.01,0.5,balanced,12,0.8,8,1500000,150000,0,0,0.014904,28.6684,1898333.0,0ns,0ns,0ns,0.0,0.0,0.0,0.0,0.287241,1452.0,,,
cuckoo,sequential,1000000,0.01,0.5,balanced,12,0.8,8,1500000,150000,1,1,0.014904,28.6707,1819698.0,0ns,0ns,0ns,0.0,0.0,0.0,0.0,0.286859,1528.0,,,
cuckoo,sequential,1000000,0.01,0.5,balanced,12,0.8,8,1500000,150000,2,2,0.014904,28.6673,1772498.0,0ns,0ns,0ns,0.0,0.0,0.0,0.0,0.279876,1535.0,,,
cuckoo,sequential,1000000,0.01,0.5,balanced,12,0.8,12,1500000,150000,0,0,0.00091,28.6403,1755987.0,0ns,0ns,0ns,0.0,0.0,0.0,4.2e-05,0.278567,1157.0,,,
cuckoo,sequential,1000000,0.01,0.5,balanced,12,0.8,12,1500000,150000,1,1,0.00091,28.6416,1765767.0,0ns,0ns,0ns,0.0,0.0,0.0,4.5e-05,0.282589,1259.0,,,
cuckoo,sequential,1000000,0.01,0.5,balanced,12,0.8,12,1500000,150000,2,2,0.00091,28.6382,1758439.0,0ns,0ns,0ns,0.0,0.0,0.0,6.3e-05,0.280748,1177.0,,,
cuckoo,sequential,1000000,0.01,0.5,balanced,12,0.8,16,1500000,150000,0,0,5.5e-05,28.638,1736774.0,0ns,0ns,0ns,0.0,0.0,0.0,0.000257,0.275216,116.0,,,
cuckoo,sequential,1000000,0.01,0.5,balanced,12,0.8,16,1500000,150000,1,1,5.5e-05,28.6361,1689819.0,0ns,0ns,0ns,0.0,0.0,0.0,0.000251,0.273043,107.0,,,
cuckoo,sequential,1000000,0.01,0.5,balanced,12,0.8,16,1500000,150000,2,2,5.5e-05,28.6408,1734795.0,0ns,0ns,0ns,0.0,0.0,0.0,0.000252,0.272689,119.0,,,
quotient,sequential,1000000,0.01,0.5,balanced,12,0.8,12,1500000,150000,0,0,0.001903,49.6487,1448685.0,0ns,0ns,0ns,0.0,0.0,0.0,,,,1.248085,2.401797,12.0
quotient,sequential,1000000,0.01,0.5,balanced,12,0.8,12,1500000,150000,1,1,0.001903,49.6474,1447187.0,0ns,0ns,0ns,0.0,0.0,0.0,,,,1.248198,2.401797,12.0
quotient,sequential,1000000,0.01,0.5,balanced,12,0.8,12,1500000,150000,2,2,0.001903,49.6452,1451199.0,0ns,0ns,0ns,0.0,0.0,0.0,,,,1.248213,2.401797,12.0
